komentar,timestamp,sentiment
wallahi we’re finished😔,2025-03-20 09:40:29+00:00,positif
s2,2025-04-12 12:44:57+00:00,netral
I hate the current state of my beloved country,2025-03-31 07:08:26+00:00,negatif
negara apaansih inii....,2025-03-20 08:19:31+00:00,negatif
Kayaknya ni negara bukan demokrasi deh,2025-03-18 05:19:55+00:00,negatif
yaallah kenapa aku wni😔😔,2025-03-18 06:17:29+00:00,positif
DPR anjjjj,2025-03-18 07:25:47+00:00,netral
idup di indo emang level hard kayaknya😹,2025-03-18 06:48:21+00:00,netral
"udah paling bener kumpulin duit, belajar bahasa asing, cari kerja di luar negri.",2025-03-18 08:13:12+00:00,positif
malam Lailatul Qadar kita smua ngadu ke Allah aja yak,2025-03-20 21:27:10+00:00,negatif
tolak RUU TNI🔥,2025-03-18 05:21:19+00:00,positif
"ajakin akuu pindahhh, takuttt 😞",2025-03-20 21:14:15+00:00,negatif
Trus fungsinya demokrasi apaan 😭,2025-03-18 06:40:23+00:00,negatif
"Tolak RUU TNI ✔
Tolak Dwi fungsi ABRI ✔",2025-03-18 05:33:58+00:00,positif
WOIII DEMO WOIIII 😭,2025-03-20 01:21:59+00:00,positif
gapernah se rindu ini sama malam lailatul qadar😭 pgn gw aduin semuanya,2025-03-20 14:35:03+00:00,negatif
Itu DPR kn ngewakilin suara rakyat? rakyat mana yang mereka suarain?,2025-03-20 13:00:30+00:00,negatif
oh ini 19jt lapangan kerja nya🤣 untuk circle nya ternyata 😅,2025-03-18 10:10:06+00:00,netral
lama lama indonesia jadi kek korea utara nih,2025-03-18 06:54:56+00:00,negatif
gini amat ya kehidupan remaja gue,2025-03-20 16:07:51+00:00,positif
sbnrnya DPR itu perwakilan rakyat apa perwakilan TNI?,2025-03-18 06:40:06+00:00,negatif
negara apaan si ini anjj,2025-03-21 21:58:06+00:00,positif
mau nangis sumpah,2025-03-20 01:55:12+00:00,negatif
tolak RUU TNI🔥,2025-03-18 05:21:33+00:00,positif
aku terlalu bocil buat mikirin ruu tni😭,2025-03-21 23:13:53+00:00,negatif
masa remaja gw hal konyol semua jir😹😹😹,2025-03-20 22:10:32+00:00,positif
MAU KE KOREAAA TPI DUIT G ADA,2025-03-21 21:37:47+00:00,negatif
pentesan susanti pindah negara,2025-03-21 12:21:02+00:00,negatif
negara kocak😭,2025-03-22 04:37:43+00:00,positif
ga kebayang sekolah bawa scar cupid,2025-03-21 17:30:44+00:00,positif
wallahi i'm done,2025-03-20 17:10:14+00:00,positif
Indonesia MIGHT be worse than Philippines dawg 😭😭,2025-03-20 12:33:39+00:00,negatif
"wallahi we,re finished🇮🇩💀",2025-03-21 21:49:56+00:00,positif
pilihan kalian ok gas ok gas 🤣,2025-03-20 07:36:11+00:00,positif
kayak korut jdinya ya,2025-03-18 06:06:39+00:00,negatif
ramalan jayabaya kayaknya bakal benar deh 😭,2025-03-18 16:58:11+00:00,netral
terus apa alasan DPR kebut RUU TNI?? diam² lagi ? kenapa harus diam² coba?,2025-03-18 06:38:48+00:00,negatif
DUKUNG RUU TNI🔥,2025-03-19 23:34:28+00:00,netral
"jadi gmna bang, intinya ruu tni itu isinya tenang minus semua yah, gak ada plus nya? saya masih bingung dipenjelasan minus nya semua ...",2025-03-18 05:22:45+00:00,negatif
Ga Kebayang semuanya di ambil ahli oleh tni,2025-03-18 08:14:42+00:00,positif
"Sadar gak, knp pada samaan revisi Ruu TNI dgn sita motor muncul skrng, ide mereka nhii😂",2025-03-18 07:03:53+00:00,negatif
lebih baik sah kan RUU perampasan aset😅,2025-03-18 06:08:58+00:00,netral
Fungsi DPR apasih anjirr🤣 perwakilan rakyat yang mana🤣🤣,2025-03-20 10:34:54+00:00,positif
percuma mo nolak gimana pun ttp ujungnya di sah in dan kita ga bisa apa apa,2025-03-18 05:26:57+00:00,positif
kenapa gua lahir jadi wni coba🗿,2025-03-20 05:18:43+00:00,negatif
"list yang mau pindah negara:
-gw",2025-03-21 06:07:10+00:00,negatif
RIP Reformasi 1998-2025,2025-03-20 04:21:03+00:00,positif
ayoo guys di list yg mau pindah negara,2025-03-20 21:15:58+00:00,negatif
emng paling bener pindah negara dahhh,2025-03-20 21:07:34+00:00,negatif
INDONESIA GELAPP,2025-03-18 12:30:41+00:00,negatif
bneran Malaysia gamau ngeklaim gua?,2025-03-20 13:57:02+00:00,negatif
"gini amat hidup di negara ini,udah gitu umur gw masih muda lagi",2025-03-21 22:14:30+00:00,positif
hadeh pusinh banget dunia gua,2025-03-20 06:03:45+00:00,negatif
"Intinya Balik Jaman Soeharto, Senyap, Tidak Ada Berita korupsi. Karena Mencekam dalam tanda kutip "" takut diculik "", Kalau kita Bersuara Tentang Kasus Korupsi Bakal Hilang? 🗿",2025-03-18 06:59:06+00:00,negatif
GAISS MALAM LAILATUL QADAR KITA ADUIN KE ALLAH BARENG² YAA😔😔😔,2025-03-21 14:42:28+00:00,positif
negara apa sih ini,2025-03-18 11:09:57+00:00,positif
ini semua karena mulyono,2025-03-18 07:37:58+00:00,positif
Menuju Indonesia cemas😹,2025-03-23 13:41:25+00:00,positif
demi apa masa remaja gua gini ? 😭 cape bgt demi apa punn,2025-03-20 23:55:17+00:00,negatif
tunggu aku jadi hakim.,2025-03-21 21:28:43+00:00,positif
ini negara apaan dh,2025-03-18 14:50:18+00:00,positif
Korea jemput gw plis😭,2025-03-22 03:53:49+00:00,positif
"list yg mau pindah negara:
1.gw",2025-03-20 21:31:06+00:00,negatif
ga tenang masa depan gua kalo gini😹,2025-03-21 21:35:52+00:00,positif
"lebih enak di twt ya, klo disini orng orng nya pada kaya..",2025-03-19 22:07:26+00:00,negatif
buzzernya dh pd gerak kmrn lewat VT nya,2025-03-18 06:17:38+00:00,negatif
#kaburajadulu emang bnr,2025-03-21 04:04:52+00:00,negatif
"list pindah negara
1.aku",2025-03-21 00:11:05+00:00,negatif
semoga tersadarkan untuk yang belum sadar separah apa RUU TNI ini,2025-03-18 06:15:28+00:00,negatif
negara anj,2025-03-21 06:02:45+00:00,positif
"list yang mau pindah negara
1.ak",2025-03-20 22:38:53+00:00,negatif
"singkatnya dijaman Orde baru itu ada dwi fungsi tentara, kalo RUU ini disahkan ya brarti balik lg ke jaman orde baru, karena tentara bisa ngejabat/memerintah rakyat sipil",2025-03-18 11:40:48+00:00,negatif
"#DUKUNG MAHASISWA
#TOLAK RUU TNI.",2025-03-23 02:16:48+00:00,positif
pantes Susanti Sekolah di Malaysia,2025-03-22 12:42:44+00:00,positif
NEGARA SAKIT,2025-03-21 21:09:51+00:00,negatif
"As a Malaysian, I understand how important this issue is for Indonesians, semoga dimudahkan segala urusan, love you Indonesia 🫶🏻💗",2025-03-22 08:41:12+00:00,positif
"berita ini akan hilang jika timnas main, dan uu ini bakalan di sahkan",2025-03-18 06:39:44+00:00,negatif
sakit njir ni negara,2025-03-20 23:34:36+00:00,negatif
Negoro opo ki,2025-03-20 21:13:26+00:00,netral
korea utara ✖️indonesia utara ✔️,2025-03-21 13:05:00+00:00,netral
Gen Z harus dengar ini.. krn kalian ga prnh hidup di era Orde Baru 😇,2025-03-18 07:41:04+00:00,negatif
negara macam apa ini.,2025-03-22 04:18:19+00:00,positif
"Komen tni asli / buzzer tni
1. jngan macam2 sama TNI
2. tidak ada asap kalo tdk ada api
3. TNI bersama rakyat
4. Bravo TNI.
5. Dukung DWIFUNGSI TNI",2025-03-18 15:51:07+00:00,negatif
masa muda gw gini amat ya🗿,2025-03-21 03:46:56+00:00,positif
17 thn gw gini amatt,2025-03-21 05:36:25+00:00,negatif
siapa yang mau ikut ke jepang cunggg🙏🏻,2025-03-21 16:00:13+00:00,positif
banyak buzzer nih😹,2025-03-18 11:32:28+00:00,positif
"kan sekarang udh 10 malam terakhir ramdhan, kita ngadu aja ke Allah (malam lailatul qadar)",2025-03-22 00:01:24+00:00,negatif
"•lulusan covid
•kurikulum percobaan
•un percobaan
•pertamax = pertalite
•orde baru
gini amat masa remaja guaa",2025-03-21 21:14:33+00:00,positif
berasa di korut 😭,2025-03-20 07:05:46+00:00,negatif
masi kecil bnyk bgt cobaan w😭,2025-03-22 09:26:23+00:00,netral
tetep dukung ruu TNI 😎,2025-03-18 10:43:20+00:00,negatif
info pindah ke malay,2025-03-18 05:51:24+00:00,negatif
ini Presiden gk bisa turun tangan kah?,2025-03-20 13:29:02+00:00,negatif
dukung RUU TNI🥰,2025-03-18 11:37:10+00:00,netral
dukung ruu tni🔥🔥🔥,2025-03-18 08:43:57+00:00,netral
kalau di cina udh diterapkan maka nya maju.,2025-03-18 09:11:05+00:00,negatif
"bagus lah yg ngisi instansi TNI, dibanding rakyat sipil yg dapat jabatan via amplop pas dapet kursi lebih mentingin perut sendiri ga nge dengerin suara rakyat, klo perlu petrus sekalian di aktifin lagi khususnya di sumatra byk curanmor, begal, gengster, liat aja jaman soeharto adem gaada lg yg namanya penghina presiden, klo ada jarak brp hari udh hilang tu org",2025-03-18 06:12:25+00:00,negatif
masih ga ngerti😔,2025-03-21 22:29:11+00:00,netral
"ini kalo sah.. pemerintahan kita ini apa jadi pemerintahan junta militer gitu ?? kayak di myanmar ?
serius nanya",2025-03-18 05:18:40+00:00,negatif
tolak revisi UU TNI,2025-03-18 21:52:27+00:00,positif
Kerjaan megachan nih,2025-03-18 06:03:46+00:00,positif
gk paham 🙏,2025-03-18 06:26:11+00:00,netral
list pindah negara :,2025-03-22 14:59:21+00:00,negatif
tapi Orde Baru Preman2 kejahatan bisa di minimalisir,2025-03-18 07:39:44+00:00,netral
"setujuin aj lh kan katanya ""enakan jaman pa harto""😹",2025-03-18 05:42:01+00:00,positif
SEGERA DI SAHKAN UU TNI KALO NKRI MAU AMAN,2025-03-18 09:16:17+00:00,negatif
gen z bikin negara sendiri aja yuk,2025-03-22 06:55:24+00:00,positif
"klo ini bener² kejadian dan sampe di sahkan menurut saya, mungkin akan pindah negara aja sih.. Safe ur self and ur Family first than Nationalism.",2025-03-18 13:48:23+00:00,negatif
Simplenya liat aja Myanmar skrng,2025-03-18 05:38:48+00:00,netral
demi allah kalo ada rezeki lebih mending pindah negara sih🔥,2025-03-20 17:27:09+00:00,negatif
Ahh aku ga jadi pulang deh 🤭😭,2025-03-22 02:19:52+00:00,negatif
napa sih gw lahir di Indo,2025-03-22 14:39:42+00:00,negatif
nih alasan Papua susah ikut di negara Indonesia,2025-03-21 21:15:28+00:00,negatif
#TOLAKREVISIRUUTNI,2025-03-20 21:40:13+00:00,negatif
"list yang mau pindah negara👇
-gw",2025-03-21 02:40:40+00:00,negatif
Hidup cuma sekali aku malah jadi WNI😫,2025-03-20 21:50:30+00:00,positif
list yang mau pindah negara,2025-03-21 04:10:35+00:00,negatif
gini amat masa dewasa gw.,2025-03-23 00:05:19+00:00,netral
mending pindah Jepang aja lah 😹,2025-03-21 10:35:57+00:00,negatif
pusing sama negara sendiri,2025-03-20 21:49:36+00:00,negatif
gini amat masa remaja gua😔😔,2025-03-20 22:48:47+00:00,positif
"Komen buzzer 100m
1. Jangan macam2 sama TINI.
2. Tidak ada asap kalo tdk ada api.
3. TINI bersama rakyat.
4. Bravo TINI.
5. Dukung RUU TINI.",2025-03-18 07:46:32+00:00,negatif
"yaAllah, tambah tebel dah pkn dan per IPS an 😭😭😭",2025-03-20 14:29:54+00:00,negatif
faktanya melakukan tindak pidana paling aman adalah dengan menjadi tni karna kebal hukum,2025-03-18 08:01:41+00:00,positif
capee hidup kek gini aseli🥀,2025-03-20 14:12:52+00:00,positif
gas ruu tni,2025-03-18 09:16:07+00:00,positif
helo i'm form Malaysia🇲🇾🇲🇾,2025-03-21 13:28:09+00:00,positif
"udah paling bener indo nerapin sistem komunis tapi ekonomi kapitalis dijamin ga ada yang korupsi dan macem"" tapi rakyat sejahtera dan ga demo",2025-03-18 06:28:28+00:00,negatif
joko anwar nolak karna gak di pilih sebagai produser oleh prabowo kah?🤔,2025-03-18 06:53:45+00:00,negatif
Prabowo ga bisa batalkan ya?🥺,2025-03-22 05:41:38+00:00,netral
"liat ini aku keinget salah satu AU yg prnh aku baca, cerita nya kurasa hampir sama kayak gini tpi ngga mirip, critanya itu KLO ngga slh inget tntang 5 remaja yang berusaha mencari tahu segala tentang-",2025-03-20 22:48:58+00:00,negatif
ini sebenarnya Indonesia udah merdeka belum si?,2025-03-21 22:00:43+00:00,negatif
i'm from Malaysia 🇲🇾🥰,2025-03-20 22:45:49+00:00,negatif
ini negara apasih,2025-03-19 07:26:53+00:00,positif
"list yg mau pindah negara👇
1. aku",2025-03-22 04:47:57+00:00,negatif
tolak RUU TNI,2025-03-21 11:18:01+00:00,positif
"ya allah umur masih 15, negara udh gini aj🥲🥲",2025-03-22 21:09:48+00:00,positif
pindah negara yuk,2025-03-20 15:44:38+00:00,negatif
negara apa ini anj,2025-03-20 21:15:52+00:00,positif
MENOLAK RUU TNI = MENOLAK KEMBALI KE MASA KELAM!! 🔥,2025-03-20 13:05:57+00:00,negatif
bapak gw tni tapi nolak RUU TNI 🔥🔥,2025-03-18 21:28:03+00:00,negatif
PANTES SUSANTI KE MALASYA,2025-03-22 21:56:23+00:00,negatif
ga pernah se muak ini sama negara sendiri wkwk,2025-03-21 03:56:08+00:00,negatif
Takut di culik jam 3 pagi 🤣,2025-03-18 08:47:28+00:00,negatif
kayaknya dimalem Lailatul Qadar tahun ini doanya buat keselamatan negri ini deh biar ga kacau kayak sekarang :',2025-03-20 22:15:37+00:00,negatif
kenapa GK ada yg demo RUU PERAMPASAN ASET?,2025-03-18 08:52:01+00:00,negatif
"dlu ibu gw prnh cerita ""km ga ngerasain jaman orba, ga ada org yg brni keluar rmah wkt dekat2 pilpres. pokoknya kyk Myanmar sekarang lah",2025-03-18 19:51:35+00:00,negatif
ya Allah kenapa aku wni?😞💔,2025-03-21 13:21:38+00:00,negatif
"Ramekan tagar ini gays
#SahkanRUUPerampasanAsetKoruptor",2025-03-20 12:06:37+00:00,negatif
katanya negara demokrasi😹,2025-03-18 06:23:38+00:00,positif
"ingat, banyak pemain lama yg masih aktif 🤣",2025-03-18 08:22:29+00:00,positif
intinya sama kaya jaman suharto ya,2025-03-18 05:45:47+00:00,netral
apakah akan kembali ke era Suharto☠️,2025-03-18 08:46:52+00:00,positif
negara ku ini kenapa udah 79 tahun kok belum merdeka ini negara,2025-03-18 08:24:14+00:00,negatif
"ayo semua ikut turut
#TOLAKRUUTNI",2025-03-22 15:21:39+00:00,positif
apaan negara demokrasi? negara Pancasila? kalo nyatanya gini. kek korut😇,2025-03-20 21:47:12+00:00,negatif
tahun depan kek mana lagi nih konoha,2025-03-20 16:24:12+00:00,positif
kenapa jadi gini 🥺,2025-03-20 20:42:12+00:00,netral
negara juga milik rakyat😞,2025-03-24 14:53:07+00:00,positif
jangan sampe novel laut bercerita terbit vol 2 😂,2025-03-21 04:45:30+00:00,positif
"Ngeri bgt ya? aku belum lahir pas itu, takud kalo kejadian beneran💔😭",2025-03-20 11:58:30+00:00,negatif
pindah ke dubai yu guys,2025-03-20 22:32:42+00:00,negatif
"ketik "" 1 "" yang mau pindah negara kalo udh dewasa",2025-03-20 15:50:15+00:00,negatif
sebenernya ini negara atau grup orang orang senang dah?,2025-03-18 09:15:06+00:00,negatif
"@mapleavess:doa pas Lailatul Qadar nambah, ""Ya Allah, selamatkan negara ini dari pemimpin dan orang-orang yang dzalim""",2025-03-21 05:23:30+00:00,negatif
welcome pemerintahan korut😮‍💨,2025-03-20 21:44:35+00:00,positif
"Sy penasaran nunggu poin RUUnya, malah gak keluar poin poinnya 😭",2025-03-20 05:21:14+00:00,negatif
Jaman ORBA Keluar Malam Aman.,2025-03-20 14:04:41+00:00,negatif
mana Mahasiswa?,2025-03-20 13:56:34+00:00,negatif
gua yang gengster nyimak ae 🗿,2025-03-18 08:06:21+00:00,positif
kali ini kalo RUU TNI di sahkan mending ngaku warga malay aja dah🗿,2025-03-18 07:14:03+00:00,negatif
barusan berita ladang di gunung bromo sekarang ruu tni,2025-03-18 22:48:13+00:00,positif
udah di sah in,2025-03-20 06:30:52+00:00,negatif
terserah kalian mau apa. kami masih ada tuhan diatas. manusia hanya dibatas manusia saja.,2025-03-20 16:10:07+00:00,negatif
dari dpr untuk dpr oleh dpr🥰,2025-03-18 14:18:48+00:00,positif
UDAH MUAKKK PASRAH BNGT TAU GITU NGGAK LAHIR DI SINI,2025-03-20 21:07:04+00:00,negatif
minta baju baru mala dikasi orde baru,2025-03-20 21:06:24+00:00,netral
BARISAN DUKUNG RUU TNI🖤🖤🖤🖤🖤,2025-03-18 16:31:27+00:00,positif
udh tau indo udh gelap makin gelap🗿,2025-03-20 21:46:28+00:00,negatif
cie pada nungguin gua 🗿,2025-03-19 21:51:39+00:00,netral
yg nolak akun² bot smua😂😂😂,2025-03-20 06:25:19+00:00,negatif
takut bngt laut bercerita season 2,2025-03-18 07:20:32+00:00,negatif
untuk saat ini mmang hanya TNI yg msh bisa dipercaya...,2025-03-18 06:51:19+00:00,netral
menuju konoha bubar 2030,2025-03-18 06:49:40+00:00,positif
sakit ni negara.....,2025-03-20 13:26:02+00:00,negatif
"FIKS GW HARUS PINDAH NEGARA, GA BISA DI INDO TRS 😔😔",2025-03-20 21:23:36+00:00,negatif
nah ini nih yang gua cari. dia ngejelasin semuanya gak kayak vt-vt orang lain,2025-03-20 08:40:12+00:00,negatif
ke ulang lagi kah tragedi Trisakti 12 mei 1998💀,2025-03-21 10:41:58+00:00,negatif
RAKYAT BERSAMA TNI!!,2025-03-18 05:22:38+00:00,positif
negara apa ini bejir,2025-03-20 20:38:37+00:00,negatif
orde baru versi berwarna bjir udah gak hitam putih lagi😭,2025-03-20 21:56:17+00:00,negatif
"skarang sudah beda era, beda juga pemimpin nya, rakyat juga sudah pintar"".. liat juga dari pandangan sebaliknya gitu loh",2025-03-18 11:26:55+00:00,negatif
"guys, sebenarnya ini bagus buat negara kita. kalau kalian baca buku Ray Dalio, disitu dijelaskan salah satu cara untuk membuat negara maju adalah dengan mempersatukan Pemerintah, Ekonomi, dan Militer. Cara ini yang dipakai oleh Amerika after WW2 dan juga China.",2025-03-20 16:33:33+00:00,netral
TNI KUAT BERSAMA SAMBUNG AYAM,2025-03-18 06:19:38+00:00,positif
dukung RUU TNI,2025-03-20 01:07:05+00:00,positif
Tolak RUU TNI,2025-03-19 22:26:33+00:00,positif
kami butuh vigilante,2025-03-18 09:18:34+00:00,netral
Tetap dukung RUU TNi🤲,2025-03-18 10:58:05+00:00,positif
"bang , jujur gua ga dapet apa intinya yg lu jelasin .. terlalu berat kata katanya 🙏🏽🥺",2025-03-18 21:30:08+00:00,negatif
"klo kita bukan kriminal ,kenapa harus takut.",2025-03-20 07:52:02+00:00,negatif
"Arahan Pangdam saat briefing dg para Danrem dan Asisten Kodam :
1. RUU TNI
viralkan berita ttg RUU TNI
jgn sampe ada Demo di wilayah yg menentang RUU TNI
galang dg humanis agar banyak yg mendukung",2025-03-20 02:34:30+00:00,negatif
ruu tni bakal lebih teratur,2025-03-18 06:35:40+00:00,positif
"Apapun beritanya, nyari uang jga sendiri'",2025-03-18 05:30:28+00:00,negatif
"buat yg masih bingung,gini lo..
kan RUU TNI itu pemerintahan kita jadi kaya orde baru
nah di vt udh dijelasin gimana orde baru itu
jadi intinya kalau RUU TNI disahkan",2025-03-18 08:35:26+00:00,negatif
"klo bikin negara maju? ya ga masalah, lieur soalna😂",2025-03-18 23:45:38+00:00,negatif
"Bang, bahas ttg perampasan aset rakyat",2025-03-18 05:18:31+00:00,positif
"yg gak sepakat antek antek asing😂, buktinya jaman soeharto negara tentram damai kok😂😂",2025-03-20 02:54:55+00:00,negatif
eh klo TNI kta nya bela rakyat ngpain takut sii,2025-03-19 09:49:53+00:00,negatif
kau bahas ruu tni atau orde baru bos?,2025-03-18 05:38:17+00:00,negatif
"MASIH YAKIN REVISI UU TNI ??
SALAM ORDE BARU 😂😂",2025-03-18 06:54:48+00:00,negatif
Terus RUU TNI itu apaan bro? lu malah jelasin orde baru...,2025-03-18 06:13:22+00:00,negatif
"gadak itu semua, jalan kan RUU TNI, balikan dwifungsi abri",2025-03-18 15:32:39+00:00,negatif
pindah negara aja lah kalo ruutni di sah kan,2025-03-26 19:41:29+00:00,negatif
pindah ke jerman yok😊🙏🏻,2025-03-25 17:15:18+00:00,negatif
"#pindah aja dulu
.
ini baru mantap👆",2025-03-25 12:50:17+00:00,negatif
#TolakRevisiUUTNI,2025-04-27 23:14:43+00:00,negatif
bang q pengen pindah ke jepang 🥰🥰,2025-03-25 18:47:52+00:00,negatif
kukira bersama rakyat ternyata dengan pejabat😭😭,2025-03-25 09:24:38+00:00,positif
smpe ad keinginan sendiri mau pindah negara jjr🥺,2025-03-26 22:50:58+00:00,negatif
apakah kita akan melawan negara sendiri?,2025-03-26 21:14:58+00:00,negatif
"nggak heboh lagi, sudah adem ayem",2025-04-21 13:35:53+00:00,negatif
tolak revisi ruu tni ✊🏻,2025-03-27 00:21:04+00:00,positif
sumpah cuman nanya gunanya presiden apa?.,2025-03-25 12:50:34+00:00,negatif
"di RUU TNI masih ada polisi gak? kalo adanya cuma TNI,, hmmm...",2025-04-05 13:08:47+00:00,negatif
"bener sih, atasan tni itu tidak bisa di bantah oleh bawahan, mau bagaimana pun perintahnya tetap bawahan mengikuti",2025-03-29 00:53:59+00:00,negatif
coba gw tnya dari segi apa klian gak setuju RUU TNI ini disahkan? coba tolong bales ya..,2025-04-01 06:43:44+00:00,negatif
:#cabutUUTNI #tolakRUUPolri #Indonesiagelap #sayonarademokrasi,2025-03-29 10:27:06+00:00,negatif
"kita tolak, tapi tetap diresmikan juga, gimn tu",2025-03-26 00:44:46+00:00,netral
TOLAK PLS,2025-03-26 23:35:06+00:00,netral
takutnya sosial media dihilangkan tiktok dihilangkan,2025-03-26 23:28:34+00:00,negatif
kalau aku nikmati aja asal kan hidup dan bahagia,2025-03-26 07:11:29+00:00,positif
"aku baru liat draft tuntutan RUU TNI. yang ada di tempo, detik, sama cnn itu bener kah? kok beberapa poin agak kurang masuk ya?. ada yang bisa jelasin kah?",2025-03-25 20:16:33+00:00,negatif
masih ga paham bjir🗿,2025-03-25 15:18:24+00:00,negatif
perjalanan gw masih 3 tahun buat masuk LPK gmn yak kedepannya,2025-03-26 05:48:02+00:00,positif
"bukannya maju negara kita, malah mundur lgi😭",2025-03-26 11:13:28+00:00,negatif
reformasi gak nih😹,2025-03-26 16:05:13+00:00,netral
udah paling bener ke kamboja🤓,2025-03-25 16:59:48+00:00,positif
dulu yang pada minta Petrus balik mana yaaaaa😹😹,2025-03-25 22:32:39+00:00,negatif
gw takut di jumshot sg2🗿,2025-03-26 23:02:41+00:00,negatif
pantesan bibi gue betah di Malaysia,2025-03-26 21:28:33+00:00,negatif
prabowo gimana sihh😑😂😂😂,2025-03-26 21:23:21+00:00,positif
kita menghormati pak soekarno,2025-03-30 08:13:02+00:00,positif
orde baru season 2,2025-03-29 02:23:53+00:00,positif
"menurutku era orde baru malah lebih enak, pendidikan murah, bahan pangan murah, bbm murah, banyak hal penting buat hidup rakyat disubsidi pemerintah meski yg namanya KKN juga ada sih",2025-03-28 05:47:41+00:00,negatif
Tolak RUU tni,2025-03-28 04:37:01+00:00,positif
makin takut tinggal disini,2025-03-27 23:35:55+00:00,negatif
yang dukung RUU TNI anak Kntil 😹,2025-03-27 21:33:27+00:00,positif
bang kita harus revolusi dan demokrasi dan kita tidak menderita,2025-03-27 21:24:02+00:00,positif
semngt ruu tni,2025-04-02 16:43:01+00:00,netral
"itu di tumpangi
masa perampasan aset di dueumin",2025-04-01 04:18:09+00:00,netral
negara selain indo yang bisa bahasa jawa mana sih 😅,2025-03-29 07:58:20+00:00,positif
kacau,2025-03-27 15:21:24+00:00,negatif
mending kaya orde baru,2025-04-06 01:32:02+00:00,netral
otw luar negri ini mah,2025-03-26 01:55:13+00:00,negatif
ohh mau balik ke orde baru?,2025-04-18 09:42:31+00:00,negatif
negara macam apa ini,2025-04-13 01:07:00+00:00,positif
Myanmar juga jadi bukti,2025-03-27 03:48:09+00:00,positif
"dukung ruu perampasan aset 🔥
yng demo blike:mana duitnya",2025-04-14 15:54:58+00:00,netral
DUKUNG RUU TNI,2025-03-27 00:02:28+00:00,positif
Billy posting ulang ? 🗿,2025-03-27 22:43:52+00:00,negatif
gas terus prabowo,2025-03-28 05:49:36+00:00,positif
takut lagi velocity an tiba' ditangkap,2025-03-26 16:31:16+00:00,negatif
nuril nama kakekku weh😔,2025-03-28 06:02:30+00:00,negatif
mamat gunshop,2025-03-25 12:55:54+00:00,positif
riset lgi deh,2025-03-31 01:43:16+00:00,netral
"bg masih aman 🗿?
takut udah ilang bg 🗿?",2025-03-27 12:29:43+00:00,negatif
"militer yg msuk dlm sklh,kementrian,kebijakan sipil,siapa yg mengawasi mereka? kekuasaan modern bkn lewat senjata tpi dgn distribusi posisi.klo militer mengambil alih fungsi sipil bakal ada bio-power",2025-04-10 04:50:53+00:00,positif
kaya petrus lagi kah?,2025-04-17 00:47:48+00:00,negatif
"baru satu menit udah 1,2 juta like njir",2025-03-26 00:42:31+00:00,negatif
izin pindah negara🙏,2025-03-27 09:43:27+00:00,negatif
salah siapa milih nomer...🗿,2025-03-25 14:08:07+00:00,positif
bisa beli senjata ga,2025-04-18 09:15:19+00:00,positif
indonesia gelap,2025-04-09 04:58:45+00:00,negatif
indonesia harus negara demokrasi,2025-03-26 04:08:56+00:00,negatif
"bagus padahalmah UU TNI, biar rakyatnya tertib, biar kaya kerajaan yekan",2025-03-27 16:19:56+00:00,netral
oke gw mau pindah negara🚶🏻‍♂️,2025-03-28 11:22:14+00:00,netral
kita mau berlindung kesiapa lagi,2025-03-28 10:42:46+00:00,negatif
"terserah deh, yg penting gue tetep kejar revisi proposal",2025-03-25 10:11:24+00:00,negatif
kyk nya sekolah bawa scar cupid sama SG riper,2025-03-28 10:14:03+00:00,negatif
aman ada akhirat bro disitu adil 😊,2025-03-29 12:11:13+00:00,negatif
mau ngetik aja takut,2025-03-29 03:01:54+00:00,negatif
TNI bersama rakyat 😇😊,2025-03-25 15:48:10+00:00,positif
yg nolak juga anak2 abah,2025-03-25 15:52:28+00:00,negatif
gamau RUU TNI!,2025-04-01 17:02:37+00:00,positif
indonesia berasa korea utara,2025-03-25 15:16:39+00:00,negatif
mumpung dekat Malaysia pindah ahh negara apa²an ini,2025-03-25 09:47:26+00:00,negatif
98 tahun kelahiran ku,2025-03-27 03:46:06+00:00,positif
Ya Allah kenapa aku WNI,2025-03-25 22:02:41+00:00,positif
Ramalan the simsomps 2030 indonesia milik Singapura,2025-03-25 18:49:16+00:00,positif
RUU TNI pengalihan isu untuk RUU POLRI Dengan 27 pasal nya,2025-04-22 10:53:38+00:00,positif
tolak RUU TNI,2025-03-29 18:53:46+00:00,positif
"saya belum pernah seperti era pada tahun itu, fix deal aja",2025-04-02 12:04:37+00:00,positif
gua gak setuju!!@@@,2025-04-02 08:55:44+00:00,negatif
hidup uutni harus maju,2025-03-26 01:44:55+00:00,positif
tau ahh cape dah,2025-03-25 09:06:03+00:00,negatif
mantep tni👍👍👍👍,2025-04-02 03:53:22+00:00,positif
dukung 💯% RUU TNI,2025-03-30 03:10:50+00:00,negatif
parah sih kacau kacau,2025-03-25 15:53:59+00:00,negatif
"bukan larangan tuhan,trobos aja bro🔥🔥🔥",2025-03-25 13:37:53+00:00,negatif
@nylawww @ciyya,2025-03-25 21:19:22+00:00,positif
😂,2025-03-28 08:37:48+00:00,positif
😳,2025-04-07 15:55:20+00:00,positif
🥰,2025-04-04 08:46:48+00:00,positif
"baca di buku tentang masa orde baru aja ketar ketir, ini disuruh ngadepin😞😞",2025-03-20 21:26:32+00:00,negatif
bahaya jg bagi org.. yg sesuatu😁,2025-03-20 21:05:32+00:00,netral
"kalo memang atasan bisa bersih beneran mah bagus ,tapi emng bisa bersih beneran?saya 2001 tentu belum lahir pas orde baru .tapi ya entah gimana nanti ,intinya butuh loker dulu sih",2025-03-20 20:54:05+00:00,negatif
ayo pindah yuk,2025-03-20 18:34:21+00:00,netral
"guys, kalaupun kalian punya kesempatan pindah keluar negeri, tolong hati²,jngan mau kalau tujuannya kamboja, thailand,myanmar. banyak penjualan orang disana, di thailand kemarin artis cina jadi korban",2025-03-20 18:22:31+00:00,negatif
"disaat orang lain ributin RUU TNI yg katanya dwifungsi, nyatanya damkar semakin kesini semakin multifungsi
#semangatparadamkar",2025-03-20 16:41:46+00:00,negatif
"takut banget sama indo, ak blum ngerasain sma ples😔",2025-03-20 14:44:18+00:00,negatif
wait? hilang? kayak Laut Bercerita?😭,2025-03-20 14:34:46+00:00,negatif
era Soeharto back kah? 💀,2025-03-20 13:41:52+00:00,negatif
lekas pulih indonesia🥺,2025-03-20 13:33:56+00:00,negatif
laut bercerita comeback..?,2025-03-20 13:31:40+00:00,negatif
"akun gw kena pelanggaran bjir, masih bisa komen g ya?",2025-03-20 12:45:03+00:00,negatif
"kirain ganti presiden baru, Indonesia lebih maju nyatanya beda😳😳",2025-03-20 12:35:30+00:00,netral
pada buka X deh disana banyak jelasin biar gak pada tutup mata,2025-03-20 12:03:19+00:00,negatif
5 bulan tapi tiap hari berita buruk,2025-03-20 11:56:39+00:00,negatif
"""dewan perwakilan rakyat"" rakyat mana yg di dengar?",2025-03-20 11:33:18+00:00,negatif
ya Allah kenapa aku terlahir jdi WNI 😭,2025-03-20 06:49:13+00:00,positif
DPR kocakk,2025-03-20 06:44:28+00:00,netral
warga korut: hai sobat baru...,2025-03-19 22:08:15+00:00,negatif
kalo di zaman sekarang ya kaya MYANMAR sekarang,2025-03-18 21:28:08+00:00,positif
"hemm... 🤔
kayaknya ini tiap pulau bakal jadi negara sendiri² klo kaya gini🗿",2025-03-18 20:55:55+00:00,netral
NEGARA APA SIH INI ANJJ,2025-03-18 19:34:11+00:00,positif
PAGAR LAUT DIBUNGKAM GAS LANGKA KORUPSI 1000T DI BUNGKAM RUU TNI.,2025-03-18 19:11:13+00:00,negatif
banyak bgt buzzernya pemerintah😂,2025-03-18 17:45:35+00:00,netral
"S sdh tahap pasrah mi sm ini negara, smga ada kesempatan dan rejekiku nnti spya bisa pindah negara🫠",2025-03-18 09:37:10+00:00,negatif
menuju Indonesia kacau😬,2025-03-18 09:12:31+00:00,positif
"pas pilpres temen gua milih Prabowo karena pengen ngerasain zaman Soeharto,dan sekarang mungkin beneran terjadi 🗿",2025-03-18 07:58:00+00:00,negatif
negara lain udah mikirin buat kebulan sedangkan di konoha masih revisian🤣🤣,2025-03-18 07:53:44+00:00,negatif
jir lama lama kayak korut,2025-03-18 07:49:33+00:00,negatif
🥰🥰🥰,2025-03-31 06:55:59+00:00,positif
😭😭😭,2025-03-27 05:35:51+00:00,positif
😂,2025-03-27 04:37:32+00:00,positif
😳,2025-03-27 04:35:55+00:00,positif
😁,2025-03-31 04:11:16+00:00,positif
💀,2025-04-13 03:29:29+00:00,positif
😭,2025-03-27 02:33:25+00:00,positif
@alaraaa,2025-03-26 23:58:34+00:00,netral
😳,2025-03-26 23:53:46+00:00,positif
😂,2025-04-05 02:58:47+00:00,positif
@nana ini,2025-03-30 22:09:21+00:00,positif
🥰,2025-03-26 23:30:27+00:00,positif
😂,2025-04-20 15:52:51+00:00,positif
😁,2025-03-26 22:33:14+00:00,positif
🤣,2025-03-26 21:47:46+00:00,positif
😁,2025-03-26 21:41:47+00:00,positif
🥰,2025-04-04 19:55:37+00:00,positif
🗿,2025-03-30 12:54:41+00:00,positif
🥰,2025-03-26 20:44:54+00:00,positif
😂😂😂,2025-04-05 04:18:27+00:00,positif
😭,2025-04-04 15:00:45+00:00,positif
🥺,2025-03-26 19:35:07+00:00,positif
😂,2025-03-26 19:02:43+00:00,positif
😂,2025-03-25 19:21:12+00:00,positif
🔥,2025-03-26 17:08:57+00:00,positif
😂,2025-03-26 16:59:04+00:00,positif
😂,2025-03-26 16:18:54+00:00,positif
😌,2025-03-26 16:18:35+00:00,positif
😅,2025-04-12 13:24:38+00:00,positif
🙏🏻,2025-03-25 08:38:06+00:00,positif
🥺,2025-03-25 20:21:04+00:00,positif
🤣,2025-03-27 02:06:01+00:00,positif
😭,2025-04-20 08:01:13+00:00,positif
😁,2025-03-27 13:08:14+00:00,positif
😄😄😄,2025-03-30 13:45:05+00:00,positif
😁,2025-03-27 13:42:38+00:00,positif
🥰,2025-03-30 08:21:35+00:00,positif
😏,2025-04-01 01:37:48+00:00,positif
💀,2025-03-26 20:40:53+00:00,positif
🔥,2025-03-27 20:33:35+00:00,positif
@berlianyunus,2025-03-26 02:42:02+00:00,positif
😂,2025-03-27 21:28:57+00:00,positif
🥰,2025-04-01 11:10:54+00:00,positif
😒,2025-03-28 00:01:43+00:00,positif
😁,2025-04-07 07:24:26+00:00,positif
💃,2025-04-07 21:57:31+00:00,positif
☺,2025-04-08 12:43:54+00:00,positif
❣️,2025-03-25 08:38:05+00:00,positif
🗿,2025-03-25 09:20:31+00:00,positif
@partaigerindra woy gerinda ini apa²an dah,2025-03-25 09:48:32+00:00,negatif
😁,2025-03-25 10:43:17+00:00,positif
dijajah oleh negeri sendiri,2025-03-21 00:24:38+00:00,positif
Mau nyesel jadi WNI tapi udah takdir 😭😭,2025-03-20 23:56:08+00:00,netral
HELL NAWH DAH DI SAH KAN💀,2025-03-20 23:09:28+00:00,negatif
"gw mau belajar dengan giat gw mau pergi dari negara iniiiii, ayo kita sama sama belajar dengan giat🔥🔥🔥🔥",2025-03-20 22:41:36+00:00,negatif
Allah ga tidur🥰,2025-03-20 22:11:51+00:00,positif
IH UDH GA NGERTI BGT SMA NI NEGARAA,2025-03-20 21:43:05+00:00,negatif
katanya demokrasi....,2025-03-20 21:29:34+00:00,negatif
ini kita hidupnya zaman mundur ya?,2025-03-20 21:21:24+00:00,negatif
lebih tepatnya warga sipil bakal banyak jadi pengangguran,2025-03-20 21:10:35+00:00,negatif
Jadi bingung mau beli baju lebaran apa vest anti peluru,2025-03-20 20:20:12+00:00,negatif
DPR ANJ,2025-03-20 19:02:18+00:00,netral
Ya Allah kasi jalan untuk kami pindah negara,2025-03-20 15:59:01+00:00,negatif
lama2 kayak di korut nih,2025-03-20 15:07:51+00:00,negatif
ah tau gitu kemarin gw co baju anti peluru bukan gamis😭,2025-03-20 14:49:57+00:00,negatif
sebenernya negara apasih ini?,2025-03-20 13:47:34+00:00,negatif
makin yakin sama keputusan pindah warga negara,2025-03-20 12:30:12+00:00,negatif
kek korut anjr,2025-03-20 12:20:21+00:00,positif
jdi kita percaya kepada siapa,2025-03-20 11:46:16+00:00,positif
pengen pindah gaada duid anj😭🙏,2025-03-20 11:20:54+00:00,negatif
inilah tujuan utama si wowo jadi presiden..,2025-03-20 08:27:08+00:00,positif
udah sah🥀,2025-03-20 07:07:45+00:00,negatif
jd sila ke 4 buat apaan?,2025-03-20 05:46:51+00:00,negatif
mereka mau ngesahin biar mereka terlindungi 😹,2025-03-18 13:44:42+00:00,negatif
berarti dah kayak ideologi fasisme me aja bukan Pancasila,2025-03-18 07:01:56+00:00,negatif
😅😅😅,2025-03-25 17:11:48+00:00,positif
😂,2025-03-25 10:53:09+00:00,positif
🙏,2025-03-25 19:38:47+00:00,positif
😳,2025-03-25 22:07:48+00:00,positif
😁,2025-04-03 10:43:44+00:00,positif
😂,2025-04-03 11:23:02+00:00,positif
✨✨✨,2025-03-26 15:45:02+00:00,positif
kenapa gak ada yang demo,2025-03-18 09:56:51+00:00,negatif
"bang plis liat postingan instagram @kodam.udayana, dia membela dan membenarkan RUU TNI",2025-03-18 09:45:30+00:00,negatif
udah sulit cari kerja sulit juga buat bersuara😢,2025-03-18 09:24:28+00:00,negatif
bg bahas 3 polri yg di t*mbk TNI,2025-03-18 09:07:43+00:00,negatif
Welcome Oke Gas @Hafizabdul10969 @anjasprasetyan @Minefields @u c u l l @elcontole.⋆✮ @Alfarisi,2025-03-18 08:45:04+00:00,positif
#Tolak Revisi UU TNI,2025-03-18 08:28:04+00:00,positif
plusnya ada petrus wkwkwk,2025-03-18 07:59:47+00:00,netral
"lu bayangin aja rapat tertutup , mengesahkan RUU TNI, apa tidak korupsi semua tuh orng",2025-03-18 07:56:42+00:00,negatif
biar gw aja sini jadi anggota dpr biar bener,2025-03-18 06:55:41+00:00,netral
"Kejadian yg dilakukan oleh TNI di 2 Bulan ini :
1. Penembakan BOS RENTAL MOBIL
2. Penembakan PERAWAT di aceh
3. Penembakan BOS SHOWROOM mobil di aceh
4. Penembakan 3 POLISI di Lampung
Belum juga di sahkan ruutni eeh udah dikasih simulasi 😂😂
#TOLAKRUUTNI",2025-03-18 06:42:32+00:00,negatif
udah gue parodiin kasus nya.,2025-03-18 06:15:36+00:00,netral
Si proro gak nolak kah??,2025-03-18 05:58:12+00:00,negatif
bang bahas drone dilarang terbang di bromo bang 🤣🤣🤣🤣. siapa yg nemuin pertama kali?,2025-03-18 05:52:24+00:00,negatif
RUU TNI BAHAYA!,2025-03-18 05:48:07+00:00,negatif
Jadi bener bener serius belajar bahasa Jepang biar bisa #kaburajadulu 😌,2025-03-18 05:44:49+00:00,netral
@505 @23 @rifardiii,2025-03-25 09:26:37+00:00,negatif
"nolak dalam bentuk demo di pukvli
nolak lewat sosmed di anch4m
nolak lewat kabur ke luar negri di tanyain rasa nasionalis🥺",2025-03-25 05:41:23+00:00,negatif
takut bakal ada “petrus”lagi💀,2025-03-24 22:06:35+00:00,negatif
list yg mau ke Jepang,2025-03-24 20:43:41+00:00,negatif
"pak prabowo lagi di ancam guys
malah ada ruu tni di sahkan gawat rencana jahat apalagi ini
indonesia siap boyaah",2025-03-24 19:33:54+00:00,negatif
era soeharto akan dirasakan lagi oleh rakyat indo,2025-03-24 15:21:03+00:00,positif
#TolakRevisiUUTNI,2025-03-24 12:06:36+00:00,negatif
bang ga ngerti ngejelasin nya cepet amat😭,2025-03-24 11:49:45+00:00,negatif
𝙩𝙞𝙢 𝙩𝙤𝙡𝙖𝙠 𝙍𝙐𝙐 𝙏𝙉𝙄,2025-03-24 10:38:20+00:00,positif
negara apaansih inii....,2025-03-24 08:53:34+00:00,negatif
"easy bro, liat negara myanmar",2025-03-24 05:44:51+00:00,positif
tolak RRU TNI,2025-03-24 02:11:04+00:00,positif
"Indonesia emas❌
indonesia booyah✔️",2025-03-23 23:08:46+00:00,positif
mending sama pak jokowi,2025-03-23 22:18:43+00:00,netral
pantes Susanti sklh di Malaysia,2025-03-23 17:29:41+00:00,negatif
"YAALLAH INI NGERI BGT, BERITANYA BOOM BGT SMPE KE KOREA JUGA 😭😭😭",2025-03-23 17:29:18+00:00,negatif
"#TolakRUUTNI
#TolakRUUKUHP
#PeringatanDarurat
#TolakDwifungsiABRI
#IndonesiaGelap
#RipReformasi98",2025-03-23 15:52:24+00:00,negatif
mulai sekarang kita harus belajar ilmu beladiri ..😁😁😁,2025-03-23 15:31:36+00:00,positif
gini amat masa kecil gw 🗿🗿🗿,2025-03-23 13:04:37+00:00,netral
pak soekarno aja bilang tugas TNI itu melindungi negara gak boleh ada campur tangannya di politik 😔,2025-03-23 12:55:31+00:00,netral
kabur dulu ga sih ke ruwar negri,2025-03-23 12:42:13+00:00,negatif
baju lebaran anti peluru👍👍,2025-03-23 12:32:06+00:00,positif
wallahi we're finished😹,2025-03-23 12:07:24+00:00,positif
Siapa sih yg ngusulin ruu tni?,2025-03-23 11:56:44+00:00,negatif
"alhamdulillah bulan depan gua pengen ke Korea kerja ,sekalian bawa orang tua",2025-03-23 11:48:39+00:00,negatif
ttp ga paham gw😭,2025-03-23 11:20:41+00:00,negatif
"buset lama"" indo jadi korut🗿",2025-03-23 11:19:55+00:00,positif
mahasiswa hamaa masyarakat Indonesia,2025-03-23 10:03:27+00:00,negatif
Indonesian gni amat anjjjj,2025-03-23 06:16:23+00:00,netral
tolak ruu tni,2025-03-23 04:09:34+00:00,positif
masih kagak paham🗿,2025-03-23 03:21:24+00:00,netral
gua netral aja 🗿,2025-03-23 03:09:06+00:00,netral
@seseii:malam Lailatul Qadar kita smua ngadu ke Allah aja yak,2025-03-23 02:38:00+00:00,negatif
skolah bawa tas gitar☠️,2025-03-23 02:03:32+00:00,netral
Jepang pungut aku plicc😔😔,2025-03-23 01:30:32+00:00,negatif
fyp gw sekarang ini terus jirr,2025-03-23 01:13:11+00:00,positif
Yaelah bang bapak gw yang tni aja geleng² liatnya 🙂,2025-03-22 23:19:55+00:00,negatif
pada ga setuju kok tetap sahkan?,2025-03-22 22:57:00+00:00,netral
"emg disuruh sehat di negara yg sakit, sesuai kata masyarakat atau sesuai kemauan sendiri?🗿",2025-03-22 22:38:05+00:00,negatif
saya jadi pengen pergi ke negara lain 🙂,2025-03-22 22:27:31+00:00,positif
tolak RUU TNI 🔥,2025-03-22 21:42:26+00:00,positif
pindah ke jepang yuk?,2025-03-22 21:26:02+00:00,negatif
mending Malaysia😹,2025-03-22 21:20:29+00:00,positif
gue FOMO #tolakRUUTNI,2025-03-22 21:13:35+00:00,negatif
pindah yu,2025-03-22 21:10:11+00:00,negatif
Ruu TNI=hama99×,2025-03-22 20:56:16+00:00,positif
list yang mau pindah negara👇,2025-03-22 20:10:52+00:00,negatif
buat adek adek yg masih sekolah belajar yg rajin ya biar masa depan sukses terus pindah negara,2025-03-22 20:09:53+00:00,positif
pengen pindah negara yang wajar,2025-03-22 18:43:34+00:00,negatif
#TOLAK RUU TNI‼️‼️‼️‼️‼️,2025-03-22 17:15:59+00:00,negatif
"hanya terbatas pada 14 lembaga sipil aja, bagaimana mungkin bisa menciptakan orba ?",2025-03-22 15:40:43+00:00,negatif
didiklah anak sesuai jaman.,2025-03-22 15:20:04+00:00,positif
woilah bapak gw tentara 😭😭,2025-03-22 15:06:39+00:00,positif
@Sanzz itu,2025-03-22 14:47:28+00:00,negatif
yg belum lahir belum ngerasain era dibawah 98.,2025-03-22 14:31:51+00:00,negatif
kami yg kpopers gimana...,2025-03-22 14:29:21+00:00,positif
tolak plis bapak gue nasip nya macamana,2025-03-22 14:23:48+00:00,negatif
abah abah terima aja kekalahn mu,2025-03-22 14:19:48+00:00,netral
masa smp ku ko harus gini sih 😞,2025-03-22 14:02:21+00:00,positif
"2025 #kaburajadulu
2026 #haruskabur
2027 #indonesialenyap",2025-03-22 13:59:25+00:00,negatif
serah kalian mau ngapain di negara ini gwe mau nabung biar bisa pindah negara🗿,2025-03-22 13:53:49+00:00,negatif
sila ke lima....,2025-03-22 13:41:10+00:00,negatif
jemput gua pengen demo,2025-03-22 13:32:26+00:00,netral
"list yg mau pindah negara
- gw",2025-03-22 13:25:24+00:00,negatif
"SIAPA YANG MAU IKUT DEMO PAKE LAGU BOOMBAYAH, BANG BANG BANG, PASS THE MIC, PARADOXX, LIKE JENNIE, KILL THIS LOVE, CHK CHK BOOM????",2025-03-22 13:02:25+00:00,negatif
join tren #kaburajadulu 😭,2025-03-22 12:53:04+00:00,negatif
mending era Jokowi,2025-03-22 11:08:54+00:00,netral
udah kaya Korea Utara aj🗿,2025-03-22 09:59:44+00:00,netral
gini amat masa remaja gww,2025-03-22 09:38:02+00:00,positif
"JEPANG ANGKUT AKUUUU
AKU BISA BAHASA JEPANG
SASUKE, NARUTO, RASENGANNNN",2025-03-22 09:02:06+00:00,negatif
gini amat masa remaja gw,2025-03-22 08:51:00+00:00,positif
tau gitu kemaren ikut indonesia go to mekah,2025-03-22 08:34:07+00:00,negatif
lah hubungan nya sama kpop apaa sii? kok kpopers pada sedih?,2025-03-22 08:21:38+00:00,negatif
udhlah ngadu aja ke Allah pasti langsung g jadi,2025-03-22 08:10:24+00:00,negatif
rupa rupanya koruptor bersatu 😡,2025-03-22 08:08:46+00:00,negatif
KOREA AYO ANGKUT GW PLISS 😭,2025-03-22 07:59:55+00:00,netral
"NEGARA JUGA MILIK RAKYAT
BUKAN HANYA MILIK PEJABAT
#TOLAKRUUTNI",2025-03-22 07:39:31+00:00,negatif
indo udh kayak ep ep,2025-03-22 07:33:35+00:00,positif
gen beta pas udah sekolah pada bawa SG 2 jir,2025-03-22 07:26:52+00:00,negatif
Indonesia malu ih,2025-03-22 07:03:34+00:00,negatif
berarti kita ga bebas ngekritik pejabat ato presiden gitu ya?,2025-03-22 06:59:10+00:00,negatif
GAISS MALAM LAILATUL QADAR KITA ADUIN KE ALLAH BARENG² YAA😔😔😔,2025-03-22 06:33:06+00:00,positif
pantesan susanti pindah ke malaysia🗿,2025-03-22 06:13:11+00:00,negatif
ayo kita dukung orde Baru,2025-03-22 05:58:04+00:00,netral
"@^᪲᪲᪲:PADAHAL ANGKATAN PERANG TIDAK BOLEH IKUT-IKUT POLITIK
-soekarno",2025-03-22 05:49:15+00:00,negatif
𝕥𝕒𝕞𝕓𝕒𝕙 𝕙𝕒𝕟𝕔𝕦𝕣 𝕟𝕚 𝕟𝕖𝕘𝕒𝕣𝕒🥺,2025-03-22 05:36:26+00:00,positif
#TolakRUUTNI,2025-03-22 05:32:33+00:00,negatif
"kita keresuhan aja Ama pejabat""",2025-03-22 05:28:50+00:00,negatif
katanya K-Pop jga disangkutin ya?,2025-03-22 05:28:00+00:00,negatif
ngebayangin sekolah pake rompi anti peluru 🥰,2025-03-22 05:27:12+00:00,negatif
"list yang mauu pindah negaraa amaa bapak ibuuu
1.akuuuu",2025-03-22 05:25:37+00:00,negatif
gini amat masa kecil gw,2025-03-22 05:10:05+00:00,netral
"ko begini ya, Ya Allah",2025-03-22 04:29:18+00:00,positif
ini yg ngusulin siapa sih? beneran Prabowo?,2025-03-22 04:28:57+00:00,negatif
indonesia gelap,2025-03-22 04:03:43+00:00,negatif
#TOLAK RUU TNI‼️‼️‼️‼️‼️,2025-03-22 03:56:00+00:00,negatif
lama2 paham kenapa Papua minta pisah,2025-03-22 02:30:10+00:00,negatif
"Emang dinegara ini cmn mereka, negara ini juga punya kita jadi ngapain takut, lawan demi kebenaran",2025-03-22 02:16:14+00:00,negatif
mending hidup menurut hukum adat.,2025-03-22 01:55:14+00:00,positif
negara betol royal💀💀💀,2025-03-22 01:33:11+00:00,positif
ini negara apasih,2025-03-22 01:27:41+00:00,positif
takut nya kaya di suriah🥺,2025-03-22 01:09:56+00:00,negatif
ga kebayang skola bawa medkit,2025-03-22 00:45:05+00:00,netral
inii negara apaan?,2025-03-22 00:29:06+00:00,negatif
cita cita gue… 😞,2025-03-22 00:20:32+00:00,netral
"17 Agustus kapan sih, mau makan kerupuk aja😭😭😭",2025-03-22 00:09:01+00:00,negatif
"gua lebih percaya TNI ,apapun kebijakan pak prabowo saya setuju 😁 ,dari dlu TNI udah di percaya masyarakat",2025-03-21 23:56:04+00:00,negatif
ginii amat masa remaja gua...😓,2025-03-21 23:44:21+00:00,positif
"negara terkocak, Indonesia😹😹",2025-03-21 23:41:04+00:00,negatif
negara ini nge copy epep kah?,2025-03-21 23:00:59+00:00,negatif
"pls negara apapun, tolong pungutan gw",2025-03-21 23:00:46+00:00,positif
katanya konser konser ga dibolehin dan gaakan ada,2025-03-21 22:54:55+00:00,netral
intinya rakyat harus demo besar besaran,2025-03-21 22:46:58+00:00,negatif
NEGARA MACAM APA INI ANJJJJJJ,2025-03-21 22:30:12+00:00,positif
#indonesiagelap,2025-03-21 22:29:51+00:00,positif
bukan kah ini negara demokrasi,2025-03-21 22:11:39+00:00,negatif
pa prabowo kemana dah?,2025-03-21 22:01:48+00:00,netral
LAMA LAMA GUA PINDAH KE KOREA,2025-03-21 21:53:22+00:00,negatif
takuttt.,2025-03-21 21:48:42+00:00,negatif
masa muda engga tenang jir🗿,2025-03-21 21:48:01+00:00,netral
ttp g paham,2025-03-21 21:45:20+00:00,netral
gen z diberi cobaan,2025-03-21 21:40:58+00:00,negatif
ga kebayang sklh bawa sg panjang sm parafal🤭,2025-03-21 21:39:07+00:00,netral
katanya negara demokrasi... kok gini🙄,2025-03-21 21:18:22+00:00,negatif
yaallah nanti klo malam Lailatul Qadar tolong kabulkan doa hamba yaallah...😞,2025-03-21 21:14:15+00:00,negatif
rasanya pen pindah negara sumpah 😭😭,2025-03-21 20:42:22+00:00,negatif
#TOLAKRUUTNIGARISKERAS,2025-03-21 16:24:12+00:00,negatif
siapin bahasa mari pindah negara ☺️,2025-03-21 15:42:28+00:00,negatif
dibilang #kaburajadulu,2025-03-21 15:34:03+00:00,negatif
gen z jadi bahan percobaan mulu dah😊,2025-03-21 15:32:23+00:00,netral
jadi kerajaan,2025-03-21 14:41:39+00:00,positif
"ga lama lagi, indonesia mirip mexico, sama seperti berurusan dengan kasus narkoba, ikut'an besoknya ilang 😹",2025-03-21 14:26:58+00:00,negatif
malay claim aku pliss😞,2025-03-21 13:37:20+00:00,negatif
lama lama kaya korea utara,2025-03-21 13:36:20+00:00,netral
bener bener Indonesia gelap,2025-03-21 13:34:15+00:00,negatif
wah makin kacau ni negara🗿🗿,2025-03-21 13:33:31+00:00,negatif
@•``only lala``•>< @Andy🍒🎧🎸 @zaa,2025-03-21 12:55:48+00:00,negatif
pusing mikirin negara ini:(🔥,2025-03-21 12:48:24+00:00,negatif
iriii akyu Ama kakak we yg mau pindah kerja di jepang 😭,2025-03-21 12:36:01+00:00,negatif
Indonesia adalah taman bunga yang indah namun banyak duri bertebaran,2025-03-21 12:14:49+00:00,netral
"•lulusan covid
•kurikulum percobaan
•un percobaan
•pertamax = pertalite
•orde baru
gini amat masa pertumbuhan gw",2025-03-21 12:09:02+00:00,positif
"yah selamat, ini pemerintahan pilihan kalian 🗿🗿🗿",2025-03-21 11:57:57+00:00,positif
apakah ini adalah hilangnya sila ke 4? 🥺,2025-03-21 11:55:18+00:00,negatif
AMAN BANG SEBENTAR AJA ITU. NANTI AKU RUMBLING KOK DUNIA INI,2025-03-21 11:40:40+00:00,negatif
@✿Mochiiツ✲ @Rinn→,2025-03-21 10:55:23+00:00,negatif
lama² jadi Korut nih negara🗿,2025-03-21 10:39:20+00:00,negatif
@Nooooo @ꦑꦂꦠꦶꦏꦯꦫꦶ,2025-03-21 10:18:59+00:00,negatif
apa saatnya gen z ikut trend #KaburAjaDulu? 😭,2025-03-21 09:41:08+00:00,negatif
yg ngesahin DPR bukan sih ini?,2025-03-21 09:27:56+00:00,negatif
pak prabowo kemana 😔?,2025-03-21 08:54:58+00:00,negatif
@dustypink @Oyen @Alfa @lesyeuxica @Jie @——,2025-03-21 08:20:26+00:00,positif
berapa tahun lagi sih prabowo,2025-03-21 07:52:04+00:00,netral
"apa apaan anj,baru juga besok lulus mau ngerasain dunia kerja eh ko malah kaya gini😭",2025-03-21 07:39:55+00:00,negatif
Dpr yang paling bener emang cuma dpr ian😭😭,2025-03-21 06:39:06+00:00,positif
"lebih giat kerja yok,biar cepet cepet pindah negara",2025-03-21 06:37:54+00:00,negatif
Dukung RUU TNI 🤎,2025-03-21 05:28:05+00:00,positif
Kirain udah merdeka🥲,2025-03-21 05:11:25+00:00,negatif
kita rakyat kita punya kuasa,2025-03-21 04:53:55+00:00,positif
tolak ruu tni,2025-03-21 04:50:34+00:00,positif
pindah negara aja udah,2025-03-21 04:50:31+00:00,negatif
"ini negara rakyat woy
bukan tni",2025-03-21 04:43:49+00:00,negatif
@Adindasyaw:Itu DPR kn ngewakilin suara rakyat? rakyat mana yang mereka suarain?,2025-03-21 04:37:22+00:00,negatif
Mengguntungkan mereka tidak untuk kita,2025-03-21 04:27:05+00:00,negatif
ini Malaysia gaada niatan ngeklaim gw kah?,2025-03-21 04:24:33+00:00,negatif
#TOLAKREVISIRUUTNI,2025-03-21 04:17:06+00:00,negatif
nyesel kan kalian🗿 dan terjadi lagi yg dulu dulu🗿,2025-03-21 04:15:33+00:00,netral
Fungsi DPR ??,2025-03-21 04:13:52+00:00,negatif
ternyata Indonesian suka nostalgia ya🤭,2025-03-21 04:08:57+00:00,netral
"makin lama makin stres nih negara, lebih stres dari orang yg selalu ngehayal husbu/waifu nye🗿",2025-03-21 04:02:22+00:00,negatif
kita butuh vigilante,2025-03-21 03:46:23+00:00,negatif
ada yg mau ikut ke Jepang? 🗿,2025-03-21 03:44:57+00:00,negatif
guys belajar yang rajin ya. . .,2025-03-21 03:41:13+00:00,netral
paling bener gue pindah ke korea aja😔,2025-03-21 03:40:30+00:00,positif
giliran gini gercep lu dpr,2025-03-21 03:39:32+00:00,netral
"namanya doang negara demokrasi, aslinya😒😒",2025-03-21 03:37:57+00:00,negatif
pindah Negara dah,2025-03-21 03:34:43+00:00,negatif
"ngedenger ni berita gw tb² sesek nafas jirr, hidup gw gini amat ya Allah😭😭",2025-03-21 03:20:43+00:00,netral
steven wongso:waduh💀💀,2025-03-21 03:16:25+00:00,positif
make nih negara,2025-03-21 03:16:16+00:00,negatif
#TOLAKRUUTNI,2025-03-21 03:13:28+00:00,negatif
cita cita gw hancur lebur padahal minat tni buat nerusin bapak gw malah hancur,2025-03-21 03:09:07+00:00,negatif
"ga ngerti,jelasin sesingkat singkatnya tolong😭",2025-03-21 03:05:30+00:00,netral
@witaa @QCㅤ|ㅤCchiznō @ꜰʀɪꜱCa`ʟᴏᴠꜱꜱ mau pindah negara wesss 🥹🥹🥹,2025-03-21 03:03:30+00:00,negatif
maksudnya rakyat gak punya hak bersuara gitu?,2025-03-21 02:58:44+00:00,negatif
negara anj,2025-03-21 02:56:12+00:00,positif
padahal gw pgn hidup tenang😌,2025-03-21 01:58:21+00:00,netral
mau hidup aja nggak tenang bgt ya allah ada aja gebrakan😭,2025-03-21 01:56:13+00:00,negatif
jngn smpe terjadii woiii mna mama gue uda wanti wanti bakalan kaya jaman soeharto lagi😭,2025-03-21 01:55:25+00:00,negatif
dpr:hama,2025-03-21 01:41:19+00:00,netral
negara tlol,2025-03-21 01:13:18+00:00,positif
gkpp daripada polisi😂,2025-03-21 01:07:06+00:00,positif
Rocky gerung pun tertawa melihat ini😁,2025-03-21 00:49:03+00:00,positif
@✮ @⭐️😞😞,2025-03-21 00:35:11+00:00,positif
"negara lawakk😹, gw dari russia kalian dari mna",2025-03-21 00:25:27+00:00,negatif
Indo kek drakor ada-ada aja,2025-03-21 00:23:10+00:00,netral
wes ora mudeng,2025-03-21 00:22:56+00:00,netral
GUWA MAU PINDAH😭,2025-03-21 00:06:43+00:00,negatif
orde baru part2😤😤😤,2025-03-21 00:05:43+00:00,positif
dpr (dewan perwakilan rakyat?)cih😂😂,2025-03-20 23:56:49+00:00,positif
mumpu 10 malam terakhir ayo kita berdoa agar masa depan kita cerah serta masuk surga🙏🤲,2025-03-20 23:53:34+00:00,positif
", Jepang kyk lagi ngegodain gua gk sih",2025-03-20 23:46:04+00:00,negatif
battle royale bertempur dengan gaya anjay wkwk,2025-03-20 23:40:11+00:00,positif
gw gk tau apa²🗿,2025-03-20 23:30:43+00:00,positif
takut gue hilang anjirr,2025-03-20 23:19:32+00:00,negatif
saran toko rompi anti peluru🗿,2025-03-20 23:02:38+00:00,negatif
DPR sama presiden beda alur ygy,2025-03-20 22:57:35+00:00,netral
"ayok rakyat Indonesia jangan diem aja donk karna "" kekuasaan tertinggi berada di tangan rakyat """,2025-03-20 22:44:15+00:00,negatif
"udah jepang lgi cari warga yg mau tinggal diperdesaan dan dibayar 500jt yen, walau diperdesaan ada obake asal yg tinggal rame jngn takut dri pda tinggal di indo skrng🗿",2025-03-20 22:27:35+00:00,negatif
makin takut tinggal di Indonesia sumpah,2025-03-20 22:09:45+00:00,negatif
harusnya nih Indo kayak korea ada wajib militer jadi biar enak nih,2025-03-20 22:07:27+00:00,negatif
"DPR dipilih rakyat, ya gmn ya, km rakyat terpaksa mlih krn yg nyalon jg kn org ny masih dlm itu"" aj 😌🙏",2025-03-20 21:54:08+00:00,negatif
efek ga ada gawe di markas,2025-03-20 21:53:01+00:00,positif
"banyak amat program di bikin biar masyarakat membaik, padahal yang bikin buruk tikus korupsi🤭",2025-03-20 21:52:59+00:00,negatif
jepang kosong pindah yu,2025-03-20 21:51:13+00:00,negatif
"bang sehat-sehat ya bang jaga diri, stay safe",2025-03-20 21:08:34+00:00,negatif
gs lier aingah😭,2025-03-20 21:07:44+00:00,netral
makin yakin mau pindah negara gwe😒,2025-03-20 20:55:59+00:00,negatif
Konoha konoha,2025-03-20 20:22:30+00:00,netral
IHH KALO GA PINDAH NEGARA GW MAU JADI DPR AJA DEH BIAR IDUP DAMAI.,2025-03-20 20:06:58+00:00,negatif
Indonesia Bubar 2030,2025-03-20 19:36:07+00:00,negatif
"pak jokowi: ""keranjang kuning""
pak prabowo: ""cek out""
kejaksaan: ""kurir""
nenek: sewa mahasewa
🗿",2025-03-20 19:03:52+00:00,positif
"semua karena PDIP
PDIP lah yg menyetujuinya dgn perantara PUAN sebagai ketua DPR",2025-03-20 18:57:41+00:00,negatif
mau pindah negara😭,2025-03-20 18:43:59+00:00,negatif
kok gak ada yang up video nangis dawai kayak dulu padahal ini sedih banget tragis 😢,2025-03-20 18:32:17+00:00,negatif
ORDE BARU SEASON 2,2025-03-20 18:17:40+00:00,positif
bang bisa spill bajunya nggaaa?😂,2025-03-20 18:06:54+00:00,negatif
apapun itu naikin gaji damkar🗿⚡,2025-03-20 17:49:12+00:00,negatif
@sheii @cici🧜🏻‍♀️ @yain bae lah,2025-03-20 17:24:33+00:00,negatif
Ya allah😭,2025-03-20 17:10:55+00:00,positif
ini malaysia gamau klaim gue tah,2025-03-20 17:01:13+00:00,netral
capek bgt sm indonesia😭,2025-03-20 16:53:35+00:00,positif
@୨ৎ  ֺ  s𝒉aa ⸼ 🩰 @ㅤ──┄  诺拉 ini lho,2025-03-20 16:41:39+00:00,positif
"ruu perampasan aset, yang di rampas aset rakyat? menyala ketua DPR",2025-03-20 16:27:28+00:00,negatif
Pangalihan isu 5 kuadriliun bang wkwkwkwk,2025-03-20 16:20:31+00:00,positif
negara kocak y gini,2025-03-20 16:02:13+00:00,positif
demokrasi trnyata dekorasi doang,2025-03-20 15:59:25+00:00,negatif
gak ketolong lagi ni negara,2025-03-20 15:33:58+00:00,negatif
mari kita pindah ke negeri lain,2025-03-20 15:33:18+00:00,negatif
itu gc banget anjir emang siapa yang mengusulkan sih itu peraturan nya? tbtb banget sah sah bae 🗿,2025-03-20 15:29:40+00:00,negatif
YA ALLAH PEN PINDAH,2025-03-20 15:16:14+00:00,negatif
kaum 58 ga akan faham,2025-03-20 15:15:44+00:00,negatif
tergantung atasannya. orde baru atasannya kan bukan Prabowo 💀,2025-03-20 15:10:45+00:00,negatif
kirain prabowo beda ga taunya season dua dari jokowow,2025-03-20 15:08:59+00:00,netral
dpr wakilin siapa sii??,2025-03-20 15:02:39+00:00,negatif
kayaknya bener sih kalau indonesia gel**😳,2025-03-20 13:29:09+00:00,netral
Ada aja gebrakannya stlh 02 menjabat😌,2025-03-20 13:20:03+00:00,netral
00:13 nolak keras apakah bubur ayam bang ? 🗿😁,2025-03-20 13:06:43+00:00,negatif
makin semangat yang mau ke luar negeri,2025-03-20 13:02:53+00:00,positif
mana yg milih oke gas hahaha,2025-03-20 12:55:14+00:00,netral
DPRI = Dewan Perwakilan Rakyat Indonesia,2025-03-20 12:21:13+00:00,positif
bang snbp apaan si gak ngerti gw,2025-03-20 12:02:46+00:00,negatif
gimana prabotol kn termasuk orang yg terlibat kejadian trisakti makanya dia terapkan itu .😂,2025-03-20 11:55:28+00:00,negatif
Kok aku makin pusing dan ga betah banget tinggal di Indonesia,2025-03-20 11:42:12+00:00,negatif
komennya....,2025-03-20 11:41:14+00:00,netral
aduh,2025-03-20 11:32:43+00:00,positif
apakah petrus bakal aktif lagi?,2025-03-20 11:10:30+00:00,negatif
"""2045 negara emas"" they said😂",2025-03-20 11:09:29+00:00,positif
Ohh brrti yang yg bikin tu dpr ? Yg ngesahin dia? (Tanya dengan nada lapar),2025-03-20 10:52:27+00:00,negatif
pilihan siapa kmren,2025-03-20 10:26:40+00:00,positif
"Tamtama Bintara: Jangan salahkan kami, kami tidak mendapat keuntungan apapun. Kami bersedih bila suatu saat kita berhadapan dengan Rakyat.",2025-03-20 10:24:33+00:00,negatif
bentar lagi Indonesia bakal ada wamil kayaknya,2025-03-20 10:15:07+00:00,netral
sini daftar pindah negara,2025-03-20 09:47:48+00:00,negatif
"bukan pake pikiran tapi pake otot, itu yang bahaya",2025-03-20 09:35:55+00:00,negatif
dukung RUU TNI,2025-03-20 08:59:54+00:00,positif
"netral kali ya?
bapak ku TNI tapi ak kasihan",2025-03-20 08:51:00+00:00,negatif
#kabur aja dulu emang berdasar njir,2025-03-20 08:32:42+00:00,negatif
@ulfaerichan @jake wkwkwk,2025-03-20 08:10:47+00:00,negatif
dpr itu perwakilan siapa sih😩,2025-03-20 08:01:41+00:00,positif
terlambat udah sah 😌,2025-03-20 07:59:25+00:00,negatif
beda nya ama korut apa🗿,2025-03-20 07:42:39+00:00,netral
tolak RUU TNI 🥳🔥🔥,2025-03-20 07:30:57+00:00,positif
Asli Indo gelap banget,2025-03-20 07:05:58+00:00,negatif
"emang bahaya,,,,tolak keras bang,,,",2025-03-20 06:48:08+00:00,negatif
seruuu lah,2025-03-20 06:17:59+00:00,negatif
"kacau balauuu ,,negarakuu inii,,,(salahsatu kata lagu Slank)",2025-03-19 22:24:57+00:00,negatif
"dpr apaan udh setuju, yaallah hukumlah mereka yang merugikan kita rakyat ini ya Allah, aku mohon🥲",2025-03-19 12:26:49+00:00,negatif
Isinya pendukung anis semua,2025-03-19 12:04:54+00:00,negatif
Rakyat mana sih yg pengen Ruu tni ini? DPR kan dewan perwakilan rakyat,2025-03-19 11:36:03+00:00,negatif
ada apa dengan negara ini?,2025-03-19 07:07:08+00:00,netral
gua sih ga peduli gimanapun gw ttp iya aja selama ini kek yaudahlah😃,2025-03-19 04:31:28+00:00,netral
"bang buat film
""tuhan, knp aku WNI""",2025-03-19 04:09:58+00:00,positif
sayangnya gw ga percaya sama si panji 🤣🤣,2025-03-19 00:37:43+00:00,netral
leave this fvckkn damn country guyss,2025-03-19 00:28:34+00:00,negatif
bau bau revolusi,2025-03-18 23:44:10+00:00,positif
mau jadi kaya Korea Utara kali🗿,2025-03-18 23:18:21+00:00,netral
DPR GUYS KAYAKNYA PENGEN PERMAININ ERA SEKARANG DPR TANDAIN,2025-03-18 23:11:59+00:00,positif
singkat saja: Dwifungsi ABRI 2.0,2025-03-18 22:28:04+00:00,netral
bang bahas stnk mati 2 tahun kendaraan di sita,2025-03-18 22:16:01+00:00,negatif
Bang bahas yang lagi viral di gunung Bromo 😹,2025-03-18 22:09:06+00:00,negatif
Waduhhh makin merambah kemana mana halo dek,2025-03-18 22:07:25+00:00,netral
"RUU TNI DIKEBUT
RUU PERAMPASAN ASET di tolak",2025-03-18 21:31:51+00:00,negatif
pasti yg kena prabowo lagi🗿,2025-03-18 21:08:37+00:00,positif
mending gitu,2025-03-18 19:18:17+00:00,positif
bersykur ga ngerasain orde baru eh ujung² nya..,2025-03-18 15:51:12+00:00,negatif
capek hidup di indo gelap bgt semoga punya kehidupan yg baik tinggal di makkah dan menjadi warga sana,2025-03-18 14:57:13+00:00,positif
yang gue tangkap dari ini adalah jika RUU TNI di sahkan semua media dan orang mengkritik akan di tindak dengan senyap TNI gak mungkin bisa bertindak,2025-03-18 14:50:08+00:00,negatif
bg bahas tanaman singkong di bromo,2025-03-18 14:19:44+00:00,positif
bahas ladang yg di bromo bang,2025-03-18 14:14:03+00:00,negatif
rakyat bersama Damkar 🔥👍🏼,2025-03-18 12:57:20+00:00,positif
@ëcaaִ𖤐 @dep @جيهان,2025-03-18 12:03:04+00:00,positif
negara lucuu🤣,2025-03-18 11:52:30+00:00,positif
negara demokrasi rasa Korut 😌,2025-03-18 11:37:29+00:00,negatif
tiap warga sipil demo didenger kaga si sebenernya?,2025-03-18 11:35:51+00:00,negatif
"kok curiga iya kek nya DPR banyak yg korupsi, perampasan aset hening teruss mau ngebut ruu tni",2025-03-18 11:17:11+00:00,negatif
tentara vs polisi sabung ayam,2025-03-18 08:28:34+00:00,netral
gebrakan yang selalu bikin masyarakat sipil terkejut,2025-03-18 08:19:43+00:00,negatif
kesalahan terbesar gua adalah balik lagi ke Indonesia tau gitu mending ikut mama tinggal di Madinah aja😭😭,2025-03-18 08:15:48+00:00,negatif
bang bahas ada ladang di gunung bromo,2025-03-18 08:07:08+00:00,negatif
bang kasus kasus yang banyak kemaren dah tenggelam kah ?,2025-03-18 08:03:56+00:00,negatif
"wkwk gw udh feeling si semenjak 02 menang keknya bklan ada orde baru season 2, gokilll",2025-03-18 07:56:11+00:00,negatif
"iyalah jelas, pak prabowo kan sedang farming jadi mereka takut 😁",2025-03-18 07:51:10+00:00,negatif
pelawak skrng seolah jdi pengamat yang berpengalaman,2025-03-18 07:39:22+00:00,positif
lama lama indo jadi Korut 🗿,2025-03-18 07:37:41+00:00,negatif
kata nya nanti kek myanmar,2025-03-18 07:33:27+00:00,negatif
ini ketakutan gua pas pilpres kemaren kalo pak prabowo jadi presiden,2025-03-18 07:32:52+00:00,negatif
kebiasaan dpr takut ketahuan korupsi nya bikin revisi UU TNI diem²,2025-03-18 07:32:32+00:00,negatif
serah gw mending latihan boxing,2025-03-18 07:25:52+00:00,netral
"yang cape tinggal di indo pindah ke Malaysia atau Singapura aja dah, gaji lebih tinggi dan negara mereka lebih maju",2025-03-18 07:09:55+00:00,negatif
Negara goblok,2025-03-18 07:09:25+00:00,positif
"RUU TNI itu berbeda dengan orde baru, tapi sama para pembenci di paksa di sambung sambung kan 😅😅",2025-03-18 07:01:52+00:00,netral
omke gams😝,2025-03-18 06:54:07+00:00,netral
"sebelum RUU polisi yg ditakuti masyarakat
stelah RUU tentara yg ditakuti masyarakat
begitukah pointnya 😳",2025-03-18 06:41:17+00:00,negatif
Ya allah pgn pindah negara tapi gk punya uang😌,2025-03-18 06:35:12+00:00,negatif
kalau negara makin hancur aku bakal berusaha pergi ke negara lain ku Bawak kluarga ku,2025-03-18 06:34:51+00:00,negatif
"Indonesia emas❌
Indonesia cemas ✅",2025-03-18 06:25:03+00:00,positif
nanti jadinya tentara dwifungsi 😥,2025-03-18 06:24:42+00:00,netral
sekarang STNK ga bayar 2 tahun motor kena sita gimana lah Indonesia sekarang 😔,2025-03-18 06:20:58+00:00,negatif
tkut bgt kunci merdeka Indonesia pecah pecah😭😭,2025-03-18 06:08:46+00:00,negatif
mana mahasewa yg demo?,2025-03-18 06:07:23+00:00,negatif
"yang lu jelasin harus nya isi dari ruu nya bukan malah ngejelasin orde baru,lu harus tau apa itu ruu tni,",2025-03-18 05:30:57+00:00,negatif
"terimakasih banyak bng, sudah ikut menyuarakan",2025-03-18 05:29:32+00:00,positif
saya setuju ruu tni 🙏,2025-03-18 05:27:43+00:00,negatif
Tolak RUU TNI🔥🔥,2025-03-18 05:25:36+00:00,positif
ke 30,2025-03-18 05:20:07+00:00,netral
di sni aku juga bisa liat negara terangga kita Malaysia LEBIH bagus walaupun sering di hujat ama warga +62,2025-03-25 20:03:25+00:00,netral
"Persiapkanlah senjata kalian masing-masing kawan, kita harus bertahan di era ini , setelah era ini kita lihat siapa saja yang dapat bertahan. (salam dari saya Alan). DPR Bab1 sejarah",2025-03-25 16:53:19+00:00,positif
#tolakruutni,2025-03-25 16:37:51+00:00,negatif
"Persiapkanlah senjata kalian masing-masing kawan, kita harus bertahan di era ini , setelah era ini kita lihat siapa saja yang dapat bertahan. (salam dari saya Alan)",2025-03-25 16:32:41+00:00,positif
"klo orangnya hilang, Indonesia gak punya penduduk lagi ya",2025-03-25 13:27:22+00:00,negatif
#TOLAKRUUTNI,2025-03-25 12:17:30+00:00,negatif
DPR² (Dewan Penyiksa Rakyat),2025-03-25 10:13:14+00:00,positif
"ternyata dizaman orde baru dulu, tentara lebih mengerikan daripada polisi zaman skrg😔",2025-03-25 07:31:57+00:00,netral
penyesalanku adalah terlahir di negara ini😭（┬┬＿┬┬）,2025-03-25 06:29:37+00:00,positif
Tolak RUU TNI🥺 malah takut kalau memang di jalanin,2025-03-25 04:54:26+00:00,netral
"ada orde, ada reaksi
orde reaksi aku gk sanggup 🙏😭",2025-03-25 04:30:26+00:00,negatif
liat @Ghani Yoseph,2025-03-25 04:29:31+00:00,positif
masih belum ngerti tapi takut,2025-03-25 03:08:05+00:00,negatif
Semoga dipermudahkan segala urusan Rakyat Indonesia..salam sayang dri Malaysia...kita serumpun...jiran dlm masalah..kami turut dukacita dn mendoakan yg terbaik ntuk kalian♥️,2025-03-25 02:23:09+00:00,negatif
udah 98 lagi aja,2025-03-25 01:17:59+00:00,negatif
"@mang_028:RUU TNI yg disahkan puan itu nambah lembaga yg bisa dimasuki dari 10 jadi 14 dan udah ada batas"" umurnya terus TNInya tetep ga boleh berpolitik gitu ga si?",2025-03-25 01:05:15+00:00,negatif
kayak gimana itu ruu tni gak tau sumpah,2025-03-25 00:36:41+00:00,negatif
8 agustus 2028,2025-03-24 23:12:49+00:00,negatif
kami butuh sekelompok revolusioner,2025-03-24 22:26:09+00:00,netral
ruless https ya bro😹,2025-03-24 19:59:53+00:00,positif
ini knp si?🗿,2025-03-24 17:08:46+00:00,negatif
"bang, bahas kasus kim soo hyun udah belum?",2025-03-24 14:53:06+00:00,negatif
cpe bgt am ni negara dh ampunnn,2025-03-24 14:41:01+00:00,negatif
makin g maju maju nii negara,2025-03-24 13:37:56+00:00,positif
#TolakRUUTNI! 🔥,2025-03-24 13:31:22+00:00,negatif
"diam ga guna, bergerak nyusahin rakyat",2025-03-24 13:18:39+00:00,positif
maaf bang tp aku g paham😭🙏🏻,2025-03-24 12:48:21+00:00,negatif
gunanya dpr apansih?,2025-03-24 12:44:27+00:00,netral
DPR BANGSA....T,2025-03-24 12:05:28+00:00,positif
@FIZZ orang nya hilang loh ya 😹,2025-03-24 11:43:28+00:00,negatif
orang2 Disini pada Sekolah gasihhh😂🤣🤣 padahal posisi yg bisa diduduki hanya di lingkup pertahanan yakali diisi SM orang2 letoy😂🤣🤣,2025-03-24 11:17:43+00:00,negatif
😂😂😂,2025-03-24 11:04:35+00:00,positif
ini Indonesia apa korut yak😹,2025-03-24 10:56:31+00:00,negatif
RUU sah?? lansung jadi Indonesia Utara wak😂😂😂,2025-03-24 10:50:32+00:00,negatif
cpe bgt tinggal di indoo,2025-03-24 10:39:24+00:00,positif
jadiin Indonesia seperti meksiko,2025-03-24 10:34:00+00:00,netral
takut ketahuan korupsinya itu makanya langsung ambil tindakan gitu soalnya banyak kasus korupsi terbongkar,2025-03-24 10:22:31+00:00,negatif
lama lama Indonesia jadi Korea utara,2025-03-24 10:01:51+00:00,netral
"belom sempet sukses, malah denger berita kya gini",2025-03-24 10:01:28+00:00,netral
gak yakin negara ini bakal maju,2025-03-24 09:25:44+00:00,positif
buat negara baru yuk🗿,2025-03-24 08:52:33+00:00,positif
"kata ibu aku enak jamanya pak Soeharto, apa² serba murah, tingkat kejahatan menurun bahkan tidak sama sekali,cari kerjaan sangat mudah.Gak kaya jaman sekarang 😌",2025-03-24 08:22:16+00:00,netral
tolak RUU TNI🔥,2025-03-24 07:47:28+00:00,positif
presiden gk bisa apa² ya?,2025-03-24 07:45:21+00:00,negatif
@—𝘢𝘵𝘶𝘴𝘵𝘶𝘵𝘶𝘵𝘶𓆪 apak mong juga ikut😹,2025-03-24 07:35:53+00:00,positif
negara apa si ini🗿,2025-03-24 07:32:33+00:00,positif
pindah negara aja pindah🗿,2025-03-24 07:30:59+00:00,negatif
ga kebayang sekolah bawa ak flaming draco,2025-03-24 07:29:54+00:00,positif
jadi kayak one piece ini mah tenryubito,2025-03-24 05:52:28+00:00,negatif
#TOLAKRUNNTNI,2025-03-24 04:41:11+00:00,negatif
ini jadi kaya jadi takut dijajah sama warga negara sendiri yang punya jabatan militerisasi gitu? atau gimana,2025-03-24 04:28:49+00:00,netral
Stres gue😭,2025-03-24 04:18:01+00:00,positif
menuju Indonesia (c)emas,2025-03-24 03:51:17+00:00,positif
"pantes #kabur aja dulu,emg negara aneh",2025-03-23 23:50:15+00:00,negatif
berarti sekolah harus pake file ini biar headshot mulu😂😭,2025-03-23 23:39:16+00:00,negatif
makin kacau nih kalau udh gini,2025-03-23 22:51:56+00:00,negatif
batel indo bertempur dengan koruptor🗿,2025-03-23 22:39:27+00:00,negatif
"NEGARA JUGA MILIK RAKYAT!
BUKAN HANYA MILIK PEJABAT!
#TOLAKRUUTNI !",2025-03-23 22:30:06+00:00,negatif
china masih enak kok ges,2025-03-23 21:55:27+00:00,netral
Indonesia hama,2025-03-23 21:50:53+00:00,negatif
TOLAK RUU TNI 🔥🔥🔥🔥,2025-03-23 21:44:10+00:00,positif
ramalan jayabaya kayaknya bakal benar deh 😭,2025-03-23 21:42:04+00:00,netral
berarti Indonesia bukan Negara demokrasi sekarang,2025-03-23 21:25:53+00:00,negatif
#TolakRevisiUUTNI,2025-03-23 21:23:59+00:00,negatif
coba aja gusdur waktu itu gk di gusur pasti dpr udh di apus,2025-03-23 21:21:15+00:00,negatif
"lucu bat ini negara ya, ya allahh",2025-03-23 21:03:14+00:00,positif
masa sekolah bawa AK 2jt🗿,2025-03-23 20:51:10+00:00,netral
lebih baik gua hidup di jaman kerajaan sumpah😌,2025-03-23 19:30:36+00:00,positif
@always Inumaki,2025-03-23 19:21:58+00:00,positif
konohaa makinn anehh negara yang ngak ada yang benar 😆,2025-03-23 19:16:14+00:00,netral
"@123edoy:klian setuju ga gaes, biar ngra kita maju!!!
ini solusi dari dri sya sndiri ya gi mna klo kita 1prekuensi.daerah masing masing
menyumbangkan rumah kerumah 2ribu sehari dngan cra berganti'an.",2025-03-23 18:05:09+00:00,negatif
gatau ah pengen pindah planet,2025-03-23 17:57:58+00:00,negatif
soeharto jir,2025-03-23 17:26:24+00:00,positif
pindah negara aja udah,2025-03-23 17:23:03+00:00,negatif
innalilahi wainnailaihi Raji'un,2025-03-23 16:17:10+00:00,negatif
"kangen keheningan💪🥰 sambil mrnikmati kopi, cape brisik trs slama ini, beres kagak🤗",2025-03-23 16:08:23+00:00,negatif
👍👍👍👍,2025-03-23 15:36:27+00:00,positif
msa remaja gue gni bgt😂,2025-03-23 15:30:44+00:00,positif
"kita hidup di akhir zaman, yg penting kita Cari kerja yg halal, perbanyak ibadah, bahagia kan keluarga, jika pemerintah sampai melakukan tindakan yg kurang pantas,kita sebagai rakyat Harus SegeraSigap",2025-03-23 15:12:51+00:00,positif
Pengen pindah negara tpi gk ada duitt😭😭,2025-03-23 14:44:53+00:00,negatif
pindah yu ke jepang,2025-03-23 14:43:27+00:00,negatif
haduhh gak jelas ini negara urus dulu itu KKB di papua dari dulu sampai sekarang gak selesai2 perangnya,2025-03-23 14:35:09+00:00,negatif
udh paling bnr belajar bahasa asing trs pindah ke luar negeri,2025-03-23 14:31:36+00:00,negatif
Indonesia gelap,2025-03-23 05:41:41+00:00,negatif
order baru Part II 🗿,2025-03-23 05:31:48+00:00,positif
HALO DEK🗿,2025-03-23 05:24:29+00:00,positif
ga kebayang sekolah bawa scar titan,2025-03-23 05:15:20+00:00,positif
serasa di jajah negara sendiri ya,2025-03-23 05:09:43+00:00,positif
yg mau pindah negara disarankan pake jalur resmi ya. jangan kabur2an. nanti dijual orang lu 😭,2025-03-23 05:00:45+00:00,negatif
trnyata tinggal di Malaysia tdk seburuk itu😂🗿,2025-03-23 04:50:10+00:00,negatif
pengen ke jepang Krn disana lagi butuh pekerja #kaburajadulu,2025-03-23 04:48:52+00:00,negatif
RUU TNI = HAMA🚀🚀🚀,2025-03-23 04:48:20+00:00,positif
@🎀 ᝬ 🩰ꜝꜞ 𖦹 ˖࣪، Ꮺ tuh,2025-03-23 04:27:45+00:00,positif
@Khalfani.ar,2025-03-23 04:26:24+00:00,positif
"I HATE RUU TNI
I HATE RUU TNI
I HATE RUU TNI
I HATE RUU TNI
I HATE RUU TNI
I HATE RUU TNI
I HATE RUU TNI
I HATE RUU TNI
I HATE RUU TNI
I HATE RUU TNI
I HATE RUU TNI
I HATE RUU TNI
I HATE RUU TNI",2025-03-23 04:20:08+00:00,negatif
"bang, apa hubungan nya sma kpop? soal nya pada g trima gitu",2025-03-23 04:18:33+00:00,netral
gini amat masa remaja gua😏,2025-03-23 03:59:19+00:00,positif
ga ada yang bahas RUUKUHAP?,2025-03-23 03:56:45+00:00,negatif
bubar kan DPR,2025-03-23 03:55:15+00:00,netral
"#DUKUNG MAHASISWA
#TOLAK RUU TNI.",2025-03-23 03:50:27+00:00,positif
@indahtursina>_<,2025-03-23 03:38:47+00:00,positif
pemilih 02 tuh mikirnya apa duluh😏😏😏,2025-03-23 03:35:33+00:00,negatif
"gimana nasib gw lagi dengerin lagu K-Pop malah di tangkap 🗿
@lU:Shoon(Elsa) @Triiiiiiiiiiiiiiii🍭",2025-03-23 03:25:04+00:00,netral
enakan jaman jama Jokowi masih jadi presiden 😓😓,2025-03-23 03:08:59+00:00,positif
DIMANA KEADILAN?,2025-03-23 03:05:36+00:00,negatif
Prabowo emang gak bisa berbuat apa-apa tah? 😔,2025-03-23 03:02:15+00:00,netral
gua mau pindah aja bang ke luar negri,2025-03-23 02:54:51+00:00,negatif
tragedi petrus bakal ada lagi ni kayaknya,2025-03-23 02:40:53+00:00,negatif
"masih ga ngerti dh bg, belom mudeng gw",2025-03-23 02:08:32+00:00,negatif
udah sah,2025-03-23 01:47:53+00:00,negatif
jago pepeng kan bro?,2025-03-23 01:47:22+00:00,negatif
wallahi vro we're cooked☠️,2025-03-23 01:39:07+00:00,positif
"katanya DPR mewakili suara rakyat, rakyat yg mana???",2025-03-23 01:34:22+00:00,negatif
mending ke jepang aja,2025-03-23 01:34:18+00:00,negatif
tapi anak saya usahakan jadi komando,2025-03-23 01:29:53+00:00,netral
@piwʚɞ @Irvan_hasans @evaavhaa @BanGHaaN,2025-03-23 01:23:35+00:00,positif
yok yok aku sniper😁🗿,2025-03-23 01:15:28+00:00,negatif
ruu tni pler,2025-03-23 00:56:57+00:00,positif
jadi g mau jadi TNI lagi,2025-03-23 00:43:33+00:00,negatif
apa bakal balik ke era pak Soeharto ya,2025-03-23 00:42:45+00:00,positif
pindah negara yuk,2025-03-23 00:37:51+00:00,negatif
paling bener pindah negara semua dah 🗿,2025-03-23 00:36:51+00:00,positif
udh kayak Meksiko aja ni negara,2025-03-23 00:30:31+00:00,negatif
#TOLAKRUUTNI!,2025-03-23 00:30:04+00:00,negatif
);@￶￶￶عَلْيَا ೀ,2025-03-23 00:27:06+00:00,positif
udh lah mau ke Mars aja🚀,2025-03-23 00:19:14+00:00,negatif
besok pindah neraga aja ah🥰,2025-03-23 00:08:04+00:00,netral
"mines bgt anj negara gwa, @𝐑іղαα 𝅄 ꣑ৎ ࣪ㅤ𓈒 pindah ke Jepang je",2025-03-22 23:37:45+00:00,negatif
Indonesia battle royale akan terjadi kalian udah pada beli senjata sama rompi anti peluru infokan dimana belinya gw belum beli njir🗿,2025-03-22 23:29:53+00:00,negatif
ini pengahilan isu korupsi kmaren utu ga? ( gua nanya ),2025-03-22 22:50:54+00:00,negatif
"#DUKUNG MAHASISWA
#TOLAK RUU TNI.",2025-03-22 22:42:33+00:00,positif
Laa haula walaa quwwata illa billah,2025-03-22 22:40:51+00:00,negatif
"presiden kemana dah, malah ganti presiden kok kayak gini",2025-03-22 22:32:33+00:00,negatif
ajak pemerintah isian🔥🔥,2025-03-22 22:22:03+00:00,positif
@𝓈𝒶𝓈𝒶 @finahh @m!taw @micell @kysha @khalisa putri aprilia,2025-03-22 22:17:35+00:00,negatif
"ini Indonesia punya kita semua bukan punya pejabat masa negara ini punya dia kan gak adil #tolak RUU TNI
#tolak RUU TNI
#tolak RUU TNI
#tolak RUU TNI",2025-03-22 22:06:24+00:00,negatif
minta ke Allah kan malam Lailatul Qadar,2025-03-22 22:01:33+00:00,positif
yok pindah negara 🥰,2025-03-22 19:27:54+00:00,negatif
Fiks pindah negara,2025-03-22 19:23:41+00:00,negatif
"DPR gak kunjung mengesahkan UU perampasan aset,malah RUU TNI yg dikebut apakah DPR korup semua jadi kebut RUU TNI biar yg speak up atau yg ngebonkar hilang semua🤣🗿",2025-03-22 18:22:56+00:00,negatif
pasti yang ngesahin duta korupsi,2025-03-22 18:13:20+00:00,negatif
"""menuju Indonesia emas""😹😹",2025-03-22 18:07:18+00:00,positif
"aku masih ga ngerti apa ruu TNI , yg pinter jelasin dung 😭",2025-03-22 18:05:02+00:00,negatif
otw pindah negaraa,2025-03-22 17:44:06+00:00,negatif
jadi dunia epep,2025-03-22 17:35:10+00:00,positif
udah kaya korea utara aja di buat sekarang,2025-03-22 16:59:21+00:00,negatif
yang penting bisa napas aja alhamdulilah di Indonesia era skrg 😭😭,2025-03-22 16:56:41+00:00,positif
penge sah an sebuah uu butuh vote dari rakyat bukan penjabat😹🫢,2025-03-22 16:55:51+00:00,negatif
#TOLAKRUUTNI,2025-03-22 16:45:24+00:00,negatif
DPR Pengen RU TNI biar mereka semakin bebas KORUPSI,2025-03-22 16:23:07+00:00,negatif
kalau kaya gini makin susah dong cri krja?,2025-03-22 16:19:06+00:00,negatif
ini nih yang bikin gua males anj,2025-03-22 16:16:44+00:00,negatif
"JANGAN LUPA SAMA RUU YANG LAINNYA GESSS
RUU KUHP
RUU POLRI
RUU KEJAKSAAN",2025-03-22 16:16:32+00:00,netral
STRES PLC😔,2025-03-22 16:09:53+00:00,positif
@alzzz5 maksud na kieu lin,2025-03-22 16:06:59+00:00,netral
bubarkan aja DPR Itu,2025-03-22 16:04:17+00:00,negatif
#TOLAKRUUTNI,2025-03-22 15:54:06+00:00,negatif
takutt😢,2025-03-22 15:31:33+00:00,positif
ni negara apa sih?😭,2025-03-22 15:31:15+00:00,negatif
@☠️🥶nasya☠️🥶,2025-03-22 15:25:31+00:00,positif
"semua orang punya suara untuk mengkritik pemerintah jika itu engga bagus dan engga baik buat negara dan kita apa salahnya kita untuk bersuara,sini biar gw kasih tahu kalau RUU TNI di sah kan yang akan terjadi adalah pertama tama gw bakalan kasih tahu apa itu RUU TNI, RUU TNI adalah (Rancangan Undang-Undang Tentara Nasional Indonesia) adalah sebuah rancangan undang-undang yang bertujuan untuk mengatur dan memperkuat keberadaan TNI, sebagai lembaga pertahanan dan keamanan negara, biar
gw singkat aja yaa, jadi TNI bisa menduduki posisi jabatan sipil, walaupun jabatan itu tidak ada kaitannya sama militer, jadi ituu bisa membuat TNI bisa lebih berkuasa dari pada rakyat sipil, bayangin aja lu lagi kerja tapi bos lu seorang tentara yang bawa senjata gimana engga gentar dan takut kalau ngelawan atau gimana bisa di dor atau ilang lu nya, jadi simpel nya lu engga bisa ngekritik pemerintah, gimanapun cara nya, pemerintah lebih unggul dari lu dan kalau ketahuan ngekritik pemerintah lu bisa di adil in, terus lu bisa di siksa apa lah semacam nya lah, jadi RUU TNI itu engga bagus banget buat kita, mungkin ada nya RUU TNI ini ada dampak baik nya tapi coba fikirin lagi dampak buruk nya akan lebih banyak, coba kamu liat aja waktu jaman orde Baru yang di mana banyak pemimpin buruk kekejaman di mana mana,mau nolong tapi kebanyakan orang takut buat bersuara, karena saking kejam nya waktu itu, dan waktu itu keadilan engga ada untuk orang yang engga mampu, keadilan cuma dengan yang punya kuasa, sisa nya di cuekin, engga di perhatiin, jadii waktu itu saking kejam nya order baru itu, orang orang bersatu menumbangkan pemimpin pemimpin waktu itu termasuk persiden Suharto, dan kaki tangan nya, dan setelah parah pemimpin itu lonsor, terbitlah order reformasi yang di pimpin oleh gusdur dan lain lain nya, jadi RUU TNI harus di tolak apapun cara nya, jika tidak ingin Indonesia kembali ke masa kelam ituu!!!!!
sekian dari sayaa dan temam teman, bersama kita kawal Indonesia emas",2025-03-22 15:16:08+00:00,negatif
tp yg korupsi sampai ratusan triliunan ga di demo sampai segininya ya 😌,2025-03-22 15:06:54+00:00,negatif
"@scizz:#TolakRUUTNI
#TolakRUUKUHP
#PeringatanDarurat
#TolakDwifungsiABRI
#IndonesiaGelap
#RipReformasi98",2025-03-22 15:03:00+00:00,negatif
curiga Indonesia bakal di jajah negara sndiri🥶🥶,2025-03-22 14:59:51+00:00,negatif
":•lulusan covid
•kurikulum percobaan
•un percobaan
•pertamax = pertalite
•orde baru
gini amat masa remaja kuu",2025-03-22 14:47:02+00:00,positif
"RUU TNI DI SAH-KAN, SENJATA LEGAL UNTUK DI JUAL BELIKAN?",2025-03-22 14:33:56+00:00,negatif
#TOLAK RUU TNI‼️‼️‼️ramein hastag nya guys,2025-03-22 14:23:09+00:00,negatif
TNI orang nya hebat ² tapi semoga saja sama lihat keadaan Rakyat nya amiin 🥲🙏,2025-03-22 13:10:54+00:00,netral
kak langsung inti nya kk soalnya aku gak ngerti,2025-03-22 13:00:43+00:00,negatif
sini ku back semua👇🏻,2025-03-22 12:59:01+00:00,negatif
beli sg 2 evo dmn ya,2025-03-22 12:57:07+00:00,positif
"nyesel blajar pkn, udh tau amandemen cuma 4x. trnyata remedial",2025-03-22 12:56:04+00:00,negatif
dukun indo ngak mau bertindak nih??😂,2025-03-22 12:52:59+00:00,negatif
gak ke bayang gw bawa sg2 alok🗿,2025-03-22 12:48:25+00:00,netral
"gini amat masa remaja gua
serba ga boleh anjr😹",2025-03-22 12:26:05+00:00,netral
ruu TNI apa arti nya gua GK ngerti anjay,2025-03-22 12:25:51+00:00,netral
"bayangin aj lgi nonton series tiba"" ditangkep😭😭",2025-03-22 12:19:29+00:00,negatif
Boleh Masuk Ke Perut Ibu Lagi Kgk Sih? Gw Gk Kuat Kayanya😌,2025-03-22 12:19:19+00:00,netral
"NEGARA JUGA MILIK RAKYAT!
BUKAN HANYA MILIK PEJABAT!
#TOLAKRUUTNI !",2025-03-22 12:16:50+00:00,negatif
turut berduka cita atas meninggalnya pancasila ke 5,2025-03-22 12:14:24+00:00,positif
susah bang DPR nya masih banteng,2025-03-22 12:12:51+00:00,netral
wah kok gini sekarang🥺,2025-03-22 12:05:03+00:00,positif
mari kita berdoa ke allah sama sama di malam LaQadar gw yakin tangal 23 ad di,2025-03-22 12:01:00+00:00,negatif
KK KK Tolong aku takut ga ngerti dan gamao jadi kayak gini😞😞😞 Tolong KK KK ko malah jadi ginii😞😞😞ihhh takuttt takut takuttt gimana gimana ihh takuuttt😞😞😞😞gimanaa kk kk,2025-03-22 11:56:11+00:00,negatif
@F  I  R  A🫠,2025-03-22 11:50:27+00:00,positif
trus kita kudu apa. maap aku gk ngerti,2025-03-22 11:47:46+00:00,negatif
#TOLAKRUUTNI #BOYKOTRUUTNI,2025-03-22 11:45:34+00:00,negatif
kembali lagi episode hilang malam lagi nih,2025-03-22 11:45:15+00:00,negatif
indo lama lama kaya korut anjirr 😭😭😭,2025-03-22 11:44:29+00:00,netral
ga kebayang kemana mana bawa ak 2 juta,2025-03-22 11:42:33+00:00,negatif
ydh pindah negara aja yu.. siapa yng mau ikuttt,2025-03-22 11:40:31+00:00,negatif
"@istri Boboiboy 😵😵‍💫 @icaa✨ @Rosdhinie @nadzifah💋💋 @Riz""art @dew_suka_roger_bauti✓•",2025-03-22 11:40:24+00:00,positif
TNI untuk rakyat😹,2025-03-22 11:39:27+00:00,positif
@partaigerindra,2025-03-22 11:34:48+00:00,positif
#TOLAK RUU TNI‼️‼️‼️‼️‼️,2025-03-22 11:34:38+00:00,negatif
sekolah bawa g18 dong,2025-03-22 11:24:24+00:00,positif
"knp pas ruu perampasan aset pada diem aja, sedangkan ruu TNI langsung pada nolak,",2025-03-22 11:22:41+00:00,negatif
2045 Indonesia emas!! 😞,2025-03-22 08:31:23+00:00,positif
menuju Indonesia emas wkwkw 😹,2025-03-22 08:28:28+00:00,positif
"#TOLAK RUUTNI
#TOLAK RUUTNI
#TOLAK RUUTNI",2025-03-22 08:27:10+00:00,negatif
yang di tangkap itu koruptor bukan kpopers,2025-03-22 08:14:22+00:00,negatif
@Rebecca L. Indonesia rasa korut,2025-03-22 08:11:52+00:00,negatif
parah sih,2025-03-22 08:10:52+00:00,negatif
welcome to korut versi Indonesia,2025-03-22 08:10:13+00:00,positif
"udah disahin anjir sama dpr,si puan anyink",2025-03-22 07:46:43+00:00,negatif
negara apa ini,2025-03-22 07:44:03+00:00,positif
halah ruu tni penutup beberapa kasus koruptor😹😹,2025-03-22 07:40:46+00:00,negatif
katanya dari rakyat untuk rakyat,2025-03-22 07:39:49+00:00,positif
main epep aja ini mah,2025-03-22 07:36:01+00:00,netral
@iiaaayayyaa𓇼 jujur ga paham 🙏🏻🙏🏻,2025-03-22 07:34:43+00:00,negatif
"lama"" gw bawa jg nih sc cupid gw sama kriss cupid",2025-03-22 07:34:25+00:00,negatif
andai sumatra buat negara sendiri ..,2025-03-22 07:18:55+00:00,positif
"Lah, gw ntar maen c.ai gimana ini, kasian suami gw gk ada asupan",2025-03-22 07:17:31+00:00,negatif
buru buru amat mau ada apasi,2025-03-22 07:16:15+00:00,negatif
#TolakRuuTNI,2025-03-22 07:13:16+00:00,negatif
jd pengen ke luarnegri😭,2025-03-22 07:11:32+00:00,negatif
apaan bgt si ni negara,2025-03-22 07:07:44+00:00,negatif
#tolakRUUTNI,2025-03-22 07:05:53+00:00,negatif
"dukung runn TNI, lepas itu beli rompi anti peluru beli senjata ilegal",2025-03-22 07:01:53+00:00,negatif
@Andreaaa @pamell ayo pindah negara 🥰,2025-03-22 07:00:29+00:00,negatif
ga done,2025-03-22 06:58:55+00:00,negatif
TOLAK RUU TNII,2025-03-22 06:58:52+00:00,positif
takut gw jadi TNI 💀🗿,2025-03-22 06:55:47+00:00,negatif
"jd ksian pak prabowo,pak prabowo pusing gk ya?? 😔",2025-03-22 06:54:06+00:00,negatif
Indonesia kenapa si?,2025-03-22 06:52:19+00:00,negatif
@𝓂𝒾𝓁𝑜𝓌𝓎𝓁𝓁 nie coba liat dlu,2025-03-22 06:51:33+00:00,positif
kejadian 1998 s2☠️,2025-03-22 06:51:03+00:00,negatif
KECEWA UDH KECEWA SAMA NEGARA SENDIRI😔.,2025-03-22 06:44:22+00:00,positif
"nggak paham, ada yang bisa simpulkan nggak?",2025-03-22 06:43:30+00:00,negatif
gapaham bg 🗿lansung intinya aja😭,2025-03-22 06:43:09+00:00,positif
lagian kenapa pada pilih pak prabowo sih?,2025-03-22 06:39:55+00:00,netral
Bentar gak ngerti,2025-03-22 06:39:22+00:00,netral
"suatu hari di 2030 : ""bagi pluru sg woyy""",2025-03-22 06:35:04+00:00,negatif
"aku blm dewasa, negara udh gini aja🥲🥲",2025-03-22 06:25:34+00:00,positif
Mamat gunshop: anjayy cairr cairrr📈,2025-03-22 06:23:41+00:00,netral
"#TOLAKRUUTNI
#KORUPSIHAMA",2025-03-22 06:23:24+00:00,negatif
@✭,2025-03-22 06:22:13+00:00,positif
au ah mending kabur ke jepang😹😹,2025-03-22 06:11:06+00:00,negatif
"dua kata ""negara lucu""",2025-03-22 06:08:59+00:00,negatif
otw jadi negara Mexico ini mah,2025-03-22 06:01:16+00:00,positif
"jd tambah pengen ""kabur aja dulu""",2025-03-22 05:25:54+00:00,negatif
masuk surga lewat jalur wni🥰,2025-03-22 05:23:22+00:00,positif
lama' Indonesia bakal kaya Korut keknya 🗿,2025-03-22 05:22:48+00:00,negatif
kita kembali kemasa su harto pada tahun 98 nenek ku pernah cerita soal ini bisa bisa indonesia akan hening dan sunyi tapi hening nya ini bahaya bisa bisa korupsi bisa bebas😭😭😭😭kitagak setujuruutni,2025-03-22 05:21:28+00:00,negatif
makin kesini makin anj ni Negara #tolakruutni,2025-03-22 05:21:10+00:00,negatif
Prabowo 🗿🗿🗿🗿🗿🗿🗿🗿🗿🗿🗿🗿🗿🗿🗿🗿,2025-03-22 05:19:51+00:00,positif
"PADAHAL ANGKATAN PERANG TIDAK BOLEH IKUT-IKUT POLITIK
-soekarno",2025-03-22 05:17:58+00:00,negatif
otw pindah mekah,2025-03-22 05:13:23+00:00,negatif
#TOLAK RUU TNI,2025-03-22 05:08:52+00:00,positif
"kasian bngt yang lahir 2008-2013, yang semangat ya aku juga sekarang ngerasain kok, smngt ya 🥰",2025-03-22 05:08:39+00:00,positif
pantesan RUU di sahkan gara gara biar masyarakat gak bisa cerita 😹🧢,2025-03-22 05:04:03+00:00,negatif
itulah alasan aceh minta pisah dari Indonesia,2025-03-22 05:00:30+00:00,negatif
@슈아 ;3,2025-03-22 04:59:44+00:00,netral
mending ke korea menikah dengan mark🥰🥰🥰🙏🙏🙏,2025-03-22 04:56:51+00:00,positif
"tunggu saya jadi orng kaya dulu yaa, ntar saya beli negara bukan buat pribadi tapi buat seluruh rakyat Indonesia tercinta",2025-03-22 04:55:40+00:00,positif
@Ꭼ𝐫𝐫𝐥𝐲𝐧 💟🐬 @༝༚༝༚ @ceya sigma😳🤭🙄,2025-03-22 04:54:20+00:00,positif
"nasa cariin aku planet matcha,siapa mau ikut💃",2025-03-22 04:53:20+00:00,positif
sampai bertemu di yaumul hisab,2025-03-22 04:52:24+00:00,positif
mintol damkar,2025-03-22 04:51:55+00:00,netral
"pindah negara ae kita, eneg gua
🧳🧳🧳🧳🧳🧳🧳🧳🧳🧳🧳🧳🧳🧳🧳🧳🧳🧳🧳🧳🧳🧳🧳🧳🧳🧳🧳🧳
nih ambil msg² 1 yak",2025-03-22 04:47:32+00:00,negatif
@kiko_cr0 @Fl,2025-03-22 04:46:02+00:00,positif
"tapi kenapa ruu TNI bawa² KPop? apa masalahnya sama kpop? karena tidak pancasilais? sedangkan pak Jokowi aja mendekatkan kedua rakyat korsel sama indo, kenapa KPop harus yg kena? sebagian orang bahagia karena KPop loh,udah ga beres ni negara.",2025-03-22 04:45:49+00:00,negatif
Dpr pada mau biar korupsi makin aman🗿,2025-03-22 04:43:16+00:00,negatif
Steven young : Mati gw☠️,2025-03-22 04:40:50+00:00,positif
"Yang di tanya itu apa isi UU TNI yang di revisi min..
Bukan lari ke Orde Baru..",2025-03-22 04:40:27+00:00,negatif
"ayo ramaikan hastag
#tolakruutni
#TolakRevisiUUTNI",2025-03-22 04:38:09+00:00,negatif
Koruptor ketar ketir jadi ngesahin RUU TNI 😹🗿,2025-03-22 04:31:42+00:00,negatif
"list pindah negara
-gue
-
-
isi ya",2025-03-22 04:30:20+00:00,negatif
DPR=HAMA,2025-03-22 04:30:17+00:00,netral
#TOLAKRUUTNI,2025-03-22 04:27:22+00:00,negatif
gimana nasib kpoprs..,2025-03-22 03:44:54+00:00,negatif
gni amat tinggal di indo,2025-03-22 03:44:28+00:00,positif
@☆~usermanusia33~☆,2025-03-22 03:44:04+00:00,positif
apa bedanya indo sama Israel kalo israel nge jajah negara kalo indo nge jajah rakyat,2025-03-22 03:39:48+00:00,negatif
@sAski🅰️ @𝒔𝒚𝒂𝒉༺ @🤍🎀,2025-03-22 03:38:53+00:00,positif
tolong jelasin gw ga ngarti😞,2025-03-22 03:34:07+00:00,netral
ga kebayang sekolah bawa mag7☺☺,2025-03-22 03:34:01+00:00,positif
aku masih kcil harus tau hal ginian😔,2025-03-22 03:32:09+00:00,positif
DPR kepanjangan nyaa apaa kawaannnnnn,2025-03-22 03:29:17+00:00,netral
JawaHam4😹,2025-03-22 03:26:51+00:00,positif
dewan penghianat rakyat,2025-03-22 03:19:38+00:00,positif
berasa di Korea Utara,2025-03-22 03:18:19+00:00,netral
guys ayo #TolakRevisiUUTNI,2025-03-22 03:14:42+00:00,positif
sebelum ada RUU TNI di tmpt ku banyak yg jualan senjata api.apakah dia sudah tau kalo akan terjadi seperti ini🤔,2025-03-22 03:13:43+00:00,negatif
BENER BENER NEGARA OTORITER! 🔥😇🔥,2025-03-22 03:07:32+00:00,positif
nanti sklh bawa SG rasa apa lu pada 🗿🗿,2025-03-22 02:58:50+00:00,netral
sekolah bawa sg 2😂,2025-03-22 02:53:20+00:00,positif
@dieforyou,2025-03-22 02:47:01+00:00,positif
#TolakKerasRUUTNI,2025-03-22 02:36:52+00:00,negatif
gak bisa kritik pemerintah... klo kritik bisa disikat kita,2025-03-22 02:33:52+00:00,negatif
gw blm kerja woilah,2025-03-22 02:29:26+00:00,positif
siapa yg kemaren pilih prabowo,2025-03-22 02:26:19+00:00,negatif
tunggu gua beli tank🗿🗿,2025-03-22 02:26:08+00:00,positif
minta bantuan damkar aja dari sekarang,2025-03-22 02:19:43+00:00,positif
tutor pindah negara🥰🥰,2025-03-22 02:19:28+00:00,negatif
"polisi aja gaguna
ini tentara juga ngikut ga guna",2025-03-22 02:17:40+00:00,negatif
kagak jadi mudik ke indo gua 😌😌,2025-03-22 02:16:54+00:00,negatif
kacau nih negara...,2025-03-22 02:15:14+00:00,negatif
ga faham pliss gue fomo bgt pngn tau😭😭😭,2025-03-22 02:14:19+00:00,negatif
masa gw sekola aja bawa sg?,2025-03-22 02:01:50+00:00,netral
kok gua ga ngerti ya,2025-03-22 00:47:52+00:00,netral
liat caremen di Korea kek nya bahagia banget,2025-03-22 00:41:51+00:00,positif
lama² jadi korut pt2 😔,2025-03-22 00:41:49+00:00,negatif
tolak RUU TNI🔥,2025-03-22 00:35:21+00:00,positif
Saham Mamat Gunshop meroket,2025-03-22 00:22:13+00:00,positif
oh jadi kita dimanja2 di awal terus dipotong pelan2....,2025-03-22 00:22:12+00:00,negatif
Indonesia mundur 20 tahun💀,2025-03-22 00:22:02+00:00,negatif
ni negara makin seru aja udhlah mirip anime naruto banyak tikus kantor sekarang alurnya malah kaya akame ga kill,2025-03-22 00:10:28+00:00,negatif
sumpah gue malu jir jadi warga indonesia 😔😔,2025-03-21 23:59:07+00:00,negatif
"MINTA BAJU BARU,DIKASI ORDE BARUU",2025-03-21 23:55:06+00:00,positif
klo sah sih masih mending korea utara🗿,2025-03-21 23:53:46+00:00,negatif
Kita butuh eren yeger🗿,2025-03-21 23:47:02+00:00,negatif
Fedi Nuril? nama aku Nuril 😭😭,2025-03-21 23:41:23+00:00,negatif
yang penting negara brics kan indo?🤣,2025-03-21 23:38:11+00:00,positif
"@hereee dengerin ini ya sayang, nanti juga kamu paham.",2025-03-21 23:37:07+00:00,negatif
Ingat kata² marselino,2025-03-21 23:33:48+00:00,negatif
gini amat masa remaja gua,2025-03-21 23:31:43+00:00,positif
"ini negara apa epep, masa tiap hari harus bawa medkit sm es kepal 😭",2025-03-21 23:16:29+00:00,positif
kayaknya yang buat ruu ini yang korupsi,2025-03-21 23:11:34+00:00,negatif
maksudnya gimana belum paham rada bingung,2025-03-21 23:10:42+00:00,negatif
ini sih buat legitimasi yg sudah diangkat jd pejabat sipil😏 pilih prabowo bkn berarti tdk mengkoreksi jika ada yg salah,2025-03-21 23:10:40+00:00,negatif
"awalnya pengen jadi tentara biar jadi pahlawan eh malah ada berita beginian
jadi gk mau gw",2025-03-21 23:08:20+00:00,negatif
rapat di hotel mewah njir 🗿,2025-03-21 23:02:46+00:00,negatif
buku sejarah langsung tebel tuh,2025-03-21 23:01:48+00:00,positif
@Wahyu:tau kan kenapa aceh pengen banget pisah dri indo,2025-03-21 22:56:15+00:00,negatif
@vitaa🍵 alaiwah?,2025-03-21 22:53:12+00:00,negatif
"Izin menjelaskan bang, jadi ruu tni ingin di sahkan karena banyak terjadi kasus korupsi, nakob*, terori* dan masih banyak hal lain nya. Yang dimana polisi belum bisa mengurus semua nya, jadinya polisi meminta bantuan kepada tni untuk membantu polisi dalam menangkap mereka. Sebenarnya ruu sudah dibuat dari tahun 2000an awal, namun belum sempat di sah kan. Lanjut ke tni, polisi meminta bantuan tni menangkap di bagian yang dimana polisi sudah kewalahan dan juga jika polisi yang menangkap bukti bukti nya suka tiba tiba hilang. Maka dari itu tni di mintai bantuan untuk ikut campur. Nah setelah pelaku tertangkap tni berhak untuk mengsidangkan nya, namun tni kekurangan bukti dan undang undang yang dapat memberatkan hukuman. Maka dari itulah ruu tni dibuat, dengan tujuan agar tni dapat menjerat para pelaku dengan sangat berat, ada undang undang yang menjadi bukti tambahan dan juga verifikasi bahwa tni bekerja sama dengan polisi. Bagi yang ingin bertanya mengapa saya berani menjawab seperti ini? Karena saya diberitahu oleh keluarga saya sendiri yang seorang abdi negara. Serta teman dari keluarga saya yang bekerja di bidang pengkajian.",2025-03-21 22:47:43+00:00,negatif
kelahiran 2007/8 gini bangett nasib nyee😔🔥,2025-03-21 22:46:20+00:00,negatif
"jangan takut dibilang fomo karna ikut bersuara. mending fomo mempertahankan demokrasi, daripada fomo milih pemimpin karna gemoi 🥺💀",2025-03-21 22:46:08+00:00,positif
ini mah di jajah negara sendiri jatoh nya😔,2025-03-21 22:45:49+00:00,positif
indo butuh vigilante ga sih?,2025-03-21 21:43:36+00:00,negatif
#DUKUNGRUUTNI,2025-03-21 21:41:20+00:00,negatif
ini cuma buat anak remaja doang atau semua org??,2025-03-21 21:40:01+00:00,negatif
owh pantesan orde baru mau di munculin lagi ternyata mau nutupin orang orang yang mau korupsi,2025-03-21 21:34:51+00:00,negatif
@Alisha,2025-03-21 21:29:47+00:00,positif
@⋆˚࿔your little girl𝜗𝜚˚⋆  pindah yok🥰🥰,2025-03-21 21:24:37+00:00,negatif
#TOLAKRUUTNI,2025-03-21 21:24:05+00:00,negatif
"umur gua masih 16 negara udh kaya gini, gmna ntr kedepanya, korea angkut gua pls muak gua🥺🥺",2025-03-21 21:21:35+00:00,negatif
"susanti, plis jemput gue.. 😭",2025-03-21 21:13:34+00:00,netral
"padahal sebelumnya prinsip Indonesia itu ""dari rakyat,oleh rakyat, untuk rakyat""",2025-03-21 21:12:03+00:00,negatif
presiden bisa hentiin ini nggak atau malah presiden ngedukung orde ini? demi Allah aku takut banget ☹️,2025-03-21 21:11:11+00:00,negatif
kaya nya fixx si gua bakal pindah ke jepang,2025-03-21 21:10:45+00:00,netral
Selamat masuk di era dimana orang biasa patuh pada pada orang yang punya jabatan 😄,2025-03-21 21:08:54+00:00,positif
saya gak tau soal UU TNI karena saya gen Z tapi semoga negara aman dn makmur,2025-03-21 21:01:52+00:00,negatif
"Bnyak yg nolak pda knpa sih,jelas2 ruu tni udh d ajukan jauh2 hari sebelum pemerintahan presiden prabowo, skrang aja yg emng baru d sahkan😂",2025-03-21 20:59:36+00:00,negatif
@^_°,2025-03-21 20:53:16+00:00,positif
jadi korsel jir,2025-03-21 20:53:01+00:00,negatif
5 - .feast,2025-03-21 20:49:48+00:00,positif
tolak RUU TNI🔥🔥,2025-03-21 20:43:39+00:00,positif
malah flashback ke masa lalu,2025-03-21 20:28:19+00:00,netral
"kalau mau tegok sifat asli kasih jabatan ,,",2025-03-21 20:25:49+00:00,negatif
"lebih baik beli baju lebaran, atau rompi anti peluru ya BG ?",2025-03-21 19:56:34+00:00,netral
tuhh kann gen kita tuu gen percobaan dari mulai sekolahan sampai ke pemasyarakatan😞,2025-03-21 19:51:28+00:00,positif
@ayyyyyl,2025-03-21 19:44:25+00:00,positif
masa sekolah bawa sg2😹,2025-03-21 19:37:44+00:00,netral
TOLAK RUU TNI,2025-03-21 19:20:34+00:00,positif
apakah masih disebut negara demokrasi??,2025-03-21 19:15:13+00:00,negatif
boykot TNI,2025-03-21 18:51:39+00:00,negatif
the real of orde baru season 2? 💀👊,2025-03-21 18:44:20+00:00,negatif
"yg gua mau tanya cuma 1, kalo DPR pd pengen cpt jadi aturan ini, untung nya buat mereka apa? gk mungkin mereka main cepat kalo gk ada dampak",2025-03-21 18:40:02+00:00,negatif
ini mah mereka yg korup takut di penjara😭,2025-03-21 16:39:01+00:00,negatif
"misal nya udh sah
bisa di batalin gk??",2025-03-21 16:35:38+00:00,netral
biar negara ini jadi negara kaya kayanya cuma buat pejabat,2025-03-21 16:27:16+00:00,positif
pajak aja di hapus 😁,2025-03-21 16:25:04+00:00,negatif
Mau kebut biar ga kegep,2025-03-21 16:15:31+00:00,negatif
🥺,2025-03-21 16:03:23+00:00,positif
fungsi DPR tuh apasi?,2025-03-21 16:01:27+00:00,netral
nuduh pemerintah korupsi auto ilang orngnya🗿,2025-03-21 16:00:14+00:00,negatif
"YAAA ALLLAAHH HUROOBBIIII MENIII GINI GINII TEING KEHIDUPAN GEN Z,TEEU SANGGUPPP🤗",2025-03-21 15:53:44+00:00,negatif
"ya udh ini negara penghuninya TNI semua, kita pindah aja",2025-03-21 15:52:21+00:00,negatif
makin kesini makin kacau ni negara,2025-03-21 15:50:15+00:00,negatif
RUU TNI itu isi nya ada yg kpop ya? soalnya di tiktok fyp ku RUU TNI kpop gitu,2025-03-21 15:47:07+00:00,negatif
prabowo harus turun tangan nih kalo engga si kita pindah negara aja🗿🗿,2025-03-21 15:38:13+00:00,negatif
@KNR2101 @nnn @myself,2025-03-21 15:31:07+00:00,negatif
"rakyat kalu udh turun tangan gk ada apa2, pemerintahan",2025-03-21 15:26:02+00:00,negatif
"wakil rakyat,rakyat mana yg di wakilin?",2025-03-21 15:17:07+00:00,negatif
"@yooo:umur masih 15, negara udh gini aj🥲🥲",2025-03-21 15:12:12+00:00,positif
"jangan plz, gua masi muda, minimal gua idaj punya anak dl 😭😭💔💔💔",2025-03-21 15:06:46+00:00,negatif
yok pindah negara aja yok,2025-03-21 15:05:13+00:00,negatif
"ini yang suka lagu barat, K-Pop, jepang, china, or dsb bakalan ada larangan keras dah. gak cuma lagu aja, mau nonton series atau film serba dilarang. kenapa harus begini sih?",2025-03-21 14:55:44+00:00,negatif
inpo rompi anti peluru 🥰,2025-03-21 14:52:06+00:00,negatif
"list yg mau pindah negara
1.gweh",2025-03-21 14:32:53+00:00,negatif
negara stress,2025-03-21 14:31:57+00:00,negatif
🥰,2025-03-21 14:30:38+00:00,positif
@zzizupp @pijee @dipuu :p @anotheraura__,2025-03-21 14:29:01+00:00,negatif
pindah negara aja ayo,2025-03-21 14:28:44+00:00,negatif
tolak ruu tni klo gk juga di Terima maka gua pindah negara🗿,2025-03-21 14:27:08+00:00,negatif
jadi lebaran gw beli vest apa baju 😹😹,2025-03-21 14:22:02+00:00,negatif
DPR itu rakyat mana yang dia wakilin?😔,2025-03-21 14:15:00+00:00,negatif
ok gas ok gas,2025-03-21 14:13:27+00:00,netral
TOLAK RUU TNI!,2025-03-21 12:26:35+00:00,positif
emang paling bener dpr ian aja,2025-03-21 12:13:06+00:00,positif
🥰,2025-03-21 12:12:41+00:00,positif
omke gams omke gams 😔,2025-03-21 12:11:48+00:00,netral
@a🦕🦕 @biᒪᗩ @kiwkiwi,2025-03-21 12:10:14+00:00,positif
@aillesy,2025-03-21 12:02:38+00:00,positif
pak jokowi ayo balik lagi ajaa udah pusing ini harus gimana😞,2025-03-21 11:54:56+00:00,negatif
@líoviné,2025-03-21 11:54:09+00:00,positif
mau rajin ibadah ah biar gk ketemu sama pemerintah di neraka,2025-03-21 11:50:28+00:00,negatif
"jujur aku sering liat berita banyak oknum TNI yg besar kepala mentang"" mereka punya jabatan dan tingkatan sosial yg tinggi.
baru jadi abdi negara aja udh gini apalagi punyaa peraturan yg bikin mereka",2025-03-21 11:49:21+00:00,negatif
INDONESIA ANJJJJ,2025-03-21 11:45:00+00:00,negatif
mungkin orang yg takut yg terjadi terulang lagi masa silam,2025-03-21 11:44:24+00:00,negatif
#TOLAKRUUTNI,2025-03-21 11:39:21+00:00,negatif
parahan korut atau Indonesia?,2025-03-21 11:36:29+00:00,negatif
allahuakbarrr😭 gua gamau tinggal di indonesia😭😭😭😭😭😭😭😭,2025-03-21 11:31:32+00:00,positif
Yang bikin ruu TNI siapa sii,2025-03-21 11:28:27+00:00,positif
@qiqi4him ayo ke singapure😭,2025-03-21 11:22:33+00:00,positif
"•lulusan covid
•kurikulum percobaan
•un percobaan
•pertamax = pertalite
•orde baru
gini amat masa remaja guaa",2025-03-21 11:20:30+00:00,positif
jepang dah mangil pindah yook pindahh,2025-03-21 11:17:54+00:00,negatif
#TOLAKRUUTNI,2025-03-21 11:16:33+00:00,negatif
nanggung mending ubah jadi komunis kayak cina biar gak ada yang demo demo,2025-03-21 11:16:06+00:00,negatif
negara maksa maju😹,2025-03-21 11:12:47+00:00,positif
lama-lama Indonesia kek korut ih,2025-03-21 11:11:39+00:00,negatif
@gibran_rakabuming gmnaa inii..untung g pilih 02..nahh inii nih bentar lg indonesia kacaau,2025-03-21 11:01:10+00:00,negatif
tunggu sifu keluar dari pengasingan (jaga sekte baik²),2025-03-21 10:58:12+00:00,negatif
hidup cuma sekali malah lahir jdi WNI,2025-03-21 10:54:00+00:00,positif
jadi kaya Korut?,2025-03-21 10:53:08+00:00,negatif
infokan sempak anti peluru 🗿,2025-03-21 10:52:25+00:00,positif
kaya myanmar gasih?,2025-03-21 10:51:32+00:00,negatif
"udah bagus, tuh masa orde baru digulingkan di masa lalu, malah di bangun ulang, 🗿",2025-03-21 10:43:25+00:00,negatif
jaman sekarang jama viral...salah dikit pasti viral seluruh manusia di bumi pasti tau😅 jaman dulu kan ga ada tik tok sama Ig sama FB sama Twitter jadi ga viral 😂,2025-03-21 08:41:35+00:00,negatif
@repaaa @𐙚⋆°.⋆♡ @raa @Jenyy,2025-03-21 08:41:17+00:00,negatif
SIAPA KETUA DPR NYA????,2025-03-21 08:34:52+00:00,negatif
ngapain ngebut takut banget ya semua keungkap itu korupsi?🤭,2025-03-21 08:34:50+00:00,negatif
malam Lailatul Qadar bilang ke Allah SWT yuk,2025-03-21 08:30:24+00:00,positif
"gue pengen bahas ini sama guru pkn gue
TAPI LAGI LIBUR ANJ😭",2025-03-21 08:21:01+00:00,negatif
kalo udah di sahkan gitu apa bisa dibatalkan klo rakyat menolak dan demo. kaya nya ga bakal didengar,2025-03-21 08:14:07+00:00,negatif
ini negara apa sih?,2025-03-21 08:12:56+00:00,positif
@Arbiee 🗿🗿🗿,2025-03-21 08:06:33+00:00,positif
dpr capek soalnya di caci masyarakat makanya cari perlindungan upssss,2025-03-21 08:02:40+00:00,netral
#TOLAK RUU TNI,2025-03-21 07:53:34+00:00,positif
"•lulusan covid
•kurikulum percobaan
•un percobaan
•pertamax = pertalite
•orde baru
gini amat masa remaja guaa",2025-03-21 07:49:22+00:00,positif
"udah jelas kalo wowo naik, pasti orba muncul lagi",2025-03-21 07:47:05+00:00,negatif
nyesel pilih 02 idi 0 t,2025-03-21 07:39:37+00:00,negatif
Indonesian makin EDYAN !!!,2025-03-21 07:37:40+00:00,negatif
rakyat vs pejabat,2025-03-21 07:34:54+00:00,positif
"lama"" indo kya Korut",2025-03-21 07:34:19+00:00,negatif
RUN RUU TNI🏃🏻‍♀️👎🏻,2025-03-21 07:33:46+00:00,positif
fungsi pancasila apa?,2025-03-21 07:27:11+00:00,netral
@ŋatsưmī_𐙚 @yUyUu @mycinta_,2025-03-21 07:22:39+00:00,negatif
yok gays ngadu ke Allah pas malam Lailatul Qadar 🥺🤲🏻,2025-03-21 07:09:02+00:00,negatif
siapa yang mau gw klaim jadi malaysia?,2025-03-21 06:59:56+00:00,negatif
oke inti masalah nya adalah dpr,2025-03-21 06:27:53+00:00,netral
"wiiihhhhhhh,,,,,,",2025-03-21 06:25:03+00:00,netral
udah hancur ini dh negara,2025-03-21 06:23:48+00:00,negatif
"yang nyetujuin puan yang di salahin presiden, di kira negara ini 100% di pimpin presiden kali ya😂",2025-03-21 06:19:51+00:00,negatif
palingan mau buat jalan untuk korupsi😅😅,2025-03-21 06:17:09+00:00,netral
apa akan terjadi seperti di flm demon city,2025-03-21 06:15:17+00:00,positif
haha belakangnya hotel fairmont wkwk,2025-03-21 06:10:55+00:00,netral
This is the game mafia,2025-03-21 04:41:26+00:00,positif
#kaburajadulu,2025-03-21 04:34:29+00:00,negatif
masa muda gw dinegara yang dekat dengan ambang kehancuran 🗿,2025-03-21 04:28:20+00:00,positif
"sebenernya simple aja, kalo memang orde baru ini aman dan nyaman, gak mungkin digulingkan pada tahun 98.",2025-03-21 04:24:33+00:00,netral
@Rosita Fitriyani @luluyyyyy,2025-03-21 04:13:50+00:00,positif
mau pindah negara gua ajg,2025-03-21 04:10:35+00:00,negatif
demo satu indo yu,2025-03-21 04:07:17+00:00,positif
aduh Pusing banget negara ancur timnas juga ancur pindah negara aja dah,2025-03-21 04:07:01+00:00,negatif
dan sudah disahkan😭😭😭😭,2025-03-21 04:06:20+00:00,positif
"reflek ""DIHHHH""",2025-03-21 04:06:02+00:00,netral
ni negara tiap bulan ada aja gebrakanye,2025-03-21 04:05:51+00:00,negatif
setiap keluar jam 3 subuh bawak sg sama glowel😂,2025-03-21 04:02:51+00:00,negatif
tim yg gapunya tim🗿,2025-03-21 03:59:43+00:00,positif
musuh terbesarmu ialah bangsamu sendiri,2025-03-21 03:59:38+00:00,positif
"COK PLIS LAH, SEKALI AJA BAWA KIM JONG UN 3 HARI KESINI😭😭😭",2025-03-21 03:58:31+00:00,positif
11 12 kamboja,2025-03-21 03:56:57+00:00,netral
DPR:HAMAA!,2025-03-21 03:53:46+00:00,negatif
"D P R
Dongo Pembohong Rakus
😹😹😹",2025-03-21 03:52:30+00:00,netral
"""orangnya hilang"" kyk tim mawar gadi gays,dan tau la siapa isi tim mawar",2025-03-21 03:46:47+00:00,negatif
@🫧,2025-03-21 03:46:29+00:00,positif
mahasiswa kalo nge demo in ini gue dukung,2025-03-21 03:40:42+00:00,netral
BUBAR BUBARR🗿,2025-03-21 03:40:01+00:00,netral
mimpi buruk bgt lahir di negara sakit ini,2025-03-21 03:38:47+00:00,negatif
DPR = DEWAN PERWAKILAN RUPIAH,2025-03-21 03:38:43+00:00,netral
lah... negara mau war sipil kah😹,2025-03-21 03:33:22+00:00,negatif
@partaigerindra minn,2025-03-21 03:32:41+00:00,positif
"dpr pengen bgt korup tuh, berasa bgt masa sampai kebut perencanaan ruu tni sih😂😂",2025-03-21 03:31:49+00:00,negatif
#kaburajadulu,2025-03-21 03:21:48+00:00,negatif
"tapi ada aja orang yang belain, katanya biar indo maju😂😂😂",2025-03-21 03:19:25+00:00,negatif
"bang, apakah ruu TNI bisa terus berlanjut jika Presiden saat ini, sudah lepas dari jabatannya?",2025-03-21 03:18:43+00:00,negatif
jirrr lah gw masih 15 tahun🗿,2025-03-21 01:57:22+00:00,negatif
"liat aja abis lulus skolah aku mw pindh negara, siapa yg mw ikut 😋",2025-03-21 01:51:02+00:00,negatif
yo yo ke jepang yo,2025-03-21 01:49:26+00:00,negatif
"udh gk ada power lagi pemerintah klo tni udh masuk, orang yg paling goblok di tni klo mereka udh pegang senjata gampang aja bagi mereka mengintervensi hukum di indo",2025-03-21 01:48:07+00:00,negatif
ini adalah cara baru PDI menggulingkan presiden Prabowo Subianto,2025-03-21 01:46:35+00:00,positif
🔥🔥,2025-03-21 01:42:29+00:00,positif
@del. nih del,2025-03-21 01:42:26+00:00,negatif
#TOLAKRUUTNI,2025-03-21 01:38:34+00:00,negatif
"@ARIF:•lulusan covid
•kurikulum percobaan
•un percobaan
•pertamax = pertalite
•orde baru
gini amat masa dewasa guaa",2025-03-21 01:37:06+00:00,positif
TNI bersama rakyat jd tenang aja ngapain di protes😁,2025-03-21 01:36:25+00:00,positif
jadi korut,2025-03-21 01:34:14+00:00,negatif
"ayo bantu tag gerindra disini
@gerindra",2025-03-21 01:32:44+00:00,positif
cek vt gw tujuan lain ruu tni,2025-03-21 01:28:38+00:00,netral
kita butuh mas Laut....,2025-03-21 01:27:13+00:00,negatif
lebaran nanti tren pake armor,2025-03-21 01:25:09+00:00,negatif
Sahkan RUU perampasan aset.,2025-03-21 01:23:13+00:00,positif
omaigtttt# pindah aj dlu,2025-03-21 01:16:43+00:00,negatif
BRAVO TNI POLISI,2025-03-21 01:14:10+00:00,positif
#tolakRevisiUUTNI,2025-03-21 01:13:06+00:00,negatif
#2029GantiPresiden,2025-03-21 01:09:44+00:00,netral
@juny,2025-03-21 01:05:34+00:00,netral
capek banget ya Allah 😵‍💫😵‍💫,2025-03-21 01:04:53+00:00,positif
@shihoin,2025-03-21 01:03:36+00:00,negatif
setuju kembali ke orde baru,2025-03-21 00:56:38+00:00,positif
"#TolakRUUTNI
#TolakRevisiUUTNI
#PeringatanDarurat
#IndonesiaGelap",2025-03-21 00:56:38+00:00,negatif
OUT AJA DAHH,2025-03-21 00:46:40+00:00,negatif
baju lu bagus beli dimana bang,2025-03-21 00:44:01+00:00,negatif
"aaa gue baru mau SMA, dibikin khawatir mulu sama masa depan nanti:((((",2025-03-21 00:39:34+00:00,netral
@𓃠,2025-03-21 00:39:00+00:00,positif
banyak masalah amat sih perasaan Indonesia gmn mau jadi negara maju???,2025-03-21 00:35:00+00:00,negatif
sedih bgt dah gue,2025-03-20 22:02:22+00:00,netral
"@ARIF: •lulusan covid
•kurikulum percobaan
•un percobaan
•pertamax = pertalite
•orde baru
gini amat masa dewasa guaa",2025-03-20 22:01:56+00:00,positif
"""rapatnya di hotel bintang 5"" apa guna tu gedung DPR apa gk ada tempat rapatnya 🤦🏻‍♂️",2025-03-20 22:01:01+00:00,positif
"bahkan rapatnya ga di gedung dpr, tapi dihotel bintang 5",2025-03-20 22:00:14+00:00,positif
info loker jepang 😌,2025-03-20 22:00:12+00:00,positif
ni rariweuh kabeh we ditolak ciga nu enya wae,2025-03-20 21:59:52+00:00,negatif
"heh, kembalikan fyp tung tung tung sahur gw😭😭😭",2025-03-20 21:57:37+00:00,negatif
pindah ke kuching Malaysia gua lama lama,2025-03-20 21:55:07+00:00,negatif
habis udah habis,2025-03-20 21:54:35+00:00,negatif
Tetap abah anies yg paling berprestai🥰,2025-03-20 21:54:04+00:00,negatif
Rusak udh ni negara #PrabowoEraGelap #TolakRUUTNI,2025-03-20 21:53:40+00:00,negatif
"list pindah negara:
1. gua",2025-03-20 21:52:45+00:00,negatif
"hadeh bener bener ya, udah sekolah jadi angkatan percobaan sekarang mau hidup tenang pun jdi angkatan percobaan juga😔💔",2025-03-20 21:51:53+00:00,netral
lanjutkan part 2 jenderal diminta ke istana,2025-03-20 21:50:14+00:00,netral
gapernah semuak ini,2025-03-20 21:49:53+00:00,positif
knp kok kebut bgt y,2025-03-20 21:48:21+00:00,netral
pindah ke australia aja,2025-03-20 21:46:58+00:00,negatif
kenapa harus di Indonesia aku lahir nya..,2025-03-20 21:45:17+00:00,negatif
"tapii kalo misalkan bneran gaakan ada penangkapan korupsii kaya masa orde baruu, pdhl kan pak prabowo lagi smngt2 nya memberantas korupsii, bkln ttep ga ketauan kahh???",2025-03-20 21:44:14+00:00,negatif
MAU PINDAH NEGARA YA ALLAH 💔💔,2025-03-20 21:43:11+00:00,negatif
Dpr sekali kerja hebat yaa😇,2025-03-20 21:42:22+00:00,positif
mana udah sah lagi🥰,2025-03-20 21:39:19+00:00,negatif
tau ah gini amat remaja gua🗿,2025-03-20 21:39:17+00:00,positif
@G👾 erm..,2025-03-20 21:38:56+00:00,negatif
#TOLAKRUUTNI,2025-03-20 21:36:05+00:00,negatif
katanya DPR (Dewan Perwakilan Rakyat) tapi kok seenaknya ya,2025-03-20 21:35:55+00:00,netral
RUU perampasan Aset Ga denger. giliran RUU TNI rapatnya diem” anjj emang,2025-03-20 21:35:47+00:00,negatif
bakal jadi Korea Utara kah 🗿,2025-03-20 21:34:34+00:00,negatif
"Yang ngesahin,hobinya scrol tiktok",2025-03-20 21:32:56+00:00,negatif
udh timnas kalah + punya negara kayak gini 😭🔥,2025-03-20 21:31:47+00:00,negatif
"katanya negara demokrasi, itu buku pkn hps aj tu sekalian😂",2025-03-20 21:31:00+00:00,negatif
@ꦤꦪ꧀ꦭ @trbiii- 😱,2025-03-20 21:29:55+00:00,positif
anying event baru lagi🗿,2025-03-20 21:29:42+00:00,positif
malah bagus biar lebih tertip,2025-03-20 21:29:38+00:00,netral
@𝗠𝗶𝗹𝘇_𝗻𝗮𝗴𝗶 @™ girls sad®✓? udah sahh🥲,2025-03-20 21:28:58+00:00,negatif
yukkk kaburrr yukkk ngumpulin uang terus kaburr,2025-03-20 21:26:59+00:00,negatif
#kaburajadulu,2025-03-20 21:26:15+00:00,negatif
pernah battousai di butuhkan di konoha,2025-03-20 21:26:03+00:00,negatif
anj jadi kaya serem gini,2025-03-20 21:24:37+00:00,netral
kita cuma bisa percaya sama damkar,2025-03-20 21:24:18+00:00,positif
"Insiden 3 korban Anggota Polisi, Tau gak bang?",2025-03-20 21:24:17+00:00,negatif
"bukanya jaman pa harto serba murah ya ? cari kerjaan gampang , ko takut jaman order baru",2025-03-20 21:23:47+00:00,netral
@𝘤𝘳𝘶𝘯𝘤𝘩𝘺𝘴𝘴𝘦✩ ₊˚🎧⊹,2025-03-20 21:23:19+00:00,positif
#Tolakrevisiuutni,2025-03-20 21:22:57+00:00,negatif
dipaksa sehat di negara yang sakit,2025-03-20 21:21:56+00:00,positif
Negara macama apa ini,2025-03-20 21:21:28+00:00,positif
kalau gini ga sesuai dg UUD Ham,2025-03-20 21:21:18+00:00,netral
"Papua dan aceh : lepaskan saya, lepaskan saya",2025-03-20 21:17:02+00:00,positif
Indonesia tambah aneh gajelas,2025-03-20 20:32:42+00:00,negatif
nikmatilah pilihan kalian🤣,2025-03-20 20:04:51+00:00,positif
lagi nunggu sepesial diskon Mamat gunshop,2025-03-20 20:03:08+00:00,negatif
uang merubah segalannya🗿,2025-03-20 20:01:56+00:00,positif
negara terkocak🤣🤣,2025-03-20 19:58:20+00:00,positif
#kaburajadulu,2025-03-20 19:53:41+00:00,negatif
wtf tai bgt ni negara,2025-03-20 19:44:40+00:00,negatif
di paksa sehat di negara yang SAKITTT,2025-03-20 19:43:51+00:00,netral
ya Allah😔,2025-03-20 19:43:47+00:00,positif
waduh mahasewa cemass,2025-03-20 19:34:29+00:00,negatif
bukan makin maju makin gelap aja,2025-03-20 19:33:59+00:00,negatif
giliran gw dewasa malah gini jir,2025-03-20 19:28:02+00:00,netral
semua demi mamah teddy🥰,2025-03-20 19:27:48+00:00,positif
Bubarkan DPR tolol,2025-03-20 19:23:09+00:00,negatif
DPR=hama,2025-03-20 19:13:42+00:00,netral
ini kalo mw bahas tentang apa² langsung ke pak prabowo aja dh,2025-03-20 19:02:11+00:00,positif
Akibat OK gas OK gas,2025-03-20 18:56:34+00:00,netral
jadi ini cerita nya mau nutupin korupsi !?,2025-03-20 18:45:16+00:00,negatif
ya allah jadi ngerasa ga aman di negara ini,2025-03-20 18:36:14+00:00,positif
ko gua jadi takut ama negara sendiri ya,2025-03-20 18:30:09+00:00,negatif
kalo Orde baru lagi kita warga Indonesia siap demo tapi kalo TNI untuk memajukan Indonesia kita dukung,2025-03-20 18:30:02+00:00,netral
apakah mahasiswa akan demo,2025-03-20 18:27:51+00:00,negatif
"Gua tinggal di Jabar 😁 setuju aja.
Preman dan Ormas nya meresahkan bnget.",2025-03-20 18:27:19+00:00,negatif
g papalah bagus lagi jd Indonesia aman tentram Damai g ada rusuh sana sini lagi demo sana sini lagi.,2025-03-20 18:25:35+00:00,negatif
@sals @d @p @jeje,2025-03-20 18:23:58+00:00,positif
demokrasi selalu gak stabil,2025-03-20 18:22:52+00:00,positif
pemilih wowo pasti bangga 😂😂 mamam itu kakek gemoy diktaktor 🤣🤣🤣,2025-03-20 18:21:11+00:00,negatif
"aku pendukung sejatinya pak prabowo aku setuju 100% Saya percaya dengan beliau pasti beliau ada tujuan baik, kita jangan berburuk sangka manteman , maju terus garudaku🫡🇮🇩💪🫶🔥",2025-03-20 18:18:22+00:00,positif
"@🩰.. ๋ ֢ 𝓝𝓲𝓮𝓮 𖣁ʾ ⊹ֹ 𓃠 @☘️ 
nih wish list kita kdu ke capai
1. beli apart, tinggal ber 3
2. tinggal di LA / Edinburgh😭😭",2025-03-20 18:15:41+00:00,negatif
uda d blg jgn plih 02,2025-03-20 18:12:46+00:00,netral
Fedi Nuril bukannya udah pindah negara ya,2025-03-20 15:40:21+00:00,negatif
capek banget sama keadaan,2025-03-20 15:39:32+00:00,netral
selamat menikmati pilihan nya,2025-03-20 15:37:25+00:00,positif
when demokrasi just title,2025-03-20 15:35:31+00:00,negatif
mana nih gerindra biasa paling depan kalo ada masalah giliran ruu tni malah ngilang,2025-03-20 15:35:26+00:00,negatif
deh jadi pen pindah negara aja,2025-03-20 15:29:37+00:00,negatif
@cacaa,2025-03-20 15:29:36+00:00,positif
@݁𖥔 ݁strawberries݁𖥔 ݁,2025-03-20 15:25:46+00:00,positif
bubar aja indo,2025-03-20 15:24:35+00:00,negatif
rekomendasi vest anti peluru hijab friendly,2025-03-20 15:24:01+00:00,positif
kenapa gak diambil alih damkar aja 😌,2025-03-20 15:21:09+00:00,negatif
pada muka tembok anjir anggota dpr☺️🙏,2025-03-20 15:19:31+00:00,negatif
kok malah kaya korut,2025-03-20 15:19:22+00:00,negatif
ini terjadi karena mayor teddy🔥,2025-03-20 15:19:16+00:00,negatif
mantap sah kan RUU TNI 👍,2025-03-20 15:14:14+00:00,negatif
@lovemyself @reeva,2025-03-20 15:11:27+00:00,positif
loh...,2025-03-20 15:11:04+00:00,negatif
"that ""rapat diam diam di hotel"" so sick of this country",2025-03-20 15:09:04+00:00,negatif
"dunia ni punyaa mereka kah, kentut",2025-03-20 15:02:49+00:00,negatif
bagus lah,2025-03-20 15:01:19+00:00,negatif
☹️,2025-03-20 15:01:17+00:00,positif
GARUDA BIRU TERULANG KEMBALI,2025-03-20 15:00:38+00:00,negatif
lihat aja latar belakang presiden indo sekarang gimana,2025-03-20 14:59:35+00:00,netral
intinya voter 2 bego semua,2025-03-20 14:57:59+00:00,negatif
hancur negri ku,2025-03-20 14:57:10+00:00,negatif
@ell🍓,2025-03-20 14:54:44+00:00,positif
gak tau juga ya kedepannya mungkin beda,2025-03-20 14:51:18+00:00,netral
"Malaysia plis claim aku, cina, Japan, ayo claim ak pelis",2025-03-20 14:48:09+00:00,negatif
APALAGI INI YA ALLAH......,2025-03-20 14:41:38+00:00,negatif
Indonesia bubar kaya nya,2025-03-20 14:39:21+00:00,negatif
apakah sama dengan hukum rimba??,2025-03-20 13:06:37+00:00,negatif
RUU TNI itu sama kayak dwifungsi ABRI dlu ya bg? atau berbeda,2025-03-20 13:02:46+00:00,negatif
"hadeh makin rusak aja nih negara 😞
#lekassembuhindonesiaku",2025-03-20 13:00:31+00:00,negatif
nyesel gak pilih anies dek😜,2025-03-20 12:57:17+00:00,negatif
kabur ajalah ke luar negeri,2025-03-20 12:55:09+00:00,negatif
"fungsi DPR buat apa..🙈duduk duduk doang ngopi,rapat, ngobrol gaji puluhan juta🙈🙈",2025-03-20 12:53:16+00:00,negatif
oke gas oke gas😹😹,2025-03-20 12:51:01+00:00,netral
besok orde Baru sisen 2😐,2025-03-20 12:48:20+00:00,positif
"gatau lah bang cape aku
aku nak pindah jepang aja",2025-03-20 12:47:21+00:00,negatif
"kacau nih negara, hadehh",2025-03-20 12:44:35+00:00,negatif
cuma mengingatkan kalo ketua DPR itu Puan maharani,2025-03-20 12:41:29+00:00,negatif
@재민 @rei lailahailallah,2025-03-20 12:40:28+00:00,positif
"Presiden dari tni oke2 aja kok , coba ssudzon dulu 😩💔😝",2025-03-20 12:32:56+00:00,positif
we're doomed,2025-03-20 12:32:37+00:00,negatif
@1%,2025-03-20 12:26:16+00:00,negatif
tolak RUU TNI,2025-03-20 12:20:54+00:00,positif
ini cocok buat yang kurupsi,2025-03-20 12:19:08+00:00,positif
kenapa pada nyalahin Pak Prabowo?,2025-03-20 12:18:25+00:00,negatif
waduh,2025-03-20 12:17:12+00:00,negatif
lu jadi buzzer bg?🙈,2025-03-20 12:16:20+00:00,negatif
gini amat lahir di indo 😹,2025-03-20 12:15:40+00:00,positif
"fungsi RUU TNI itu apa? serius, kok aku liat gak ada yg positifnya?, (plss jawab yg serius)",2025-03-20 12:15:37+00:00,negatif
@hr,2025-03-20 12:15:18+00:00,positif
udah yappingnya?,2025-03-20 12:14:22+00:00,negatif
ngebet banget ngesahin RUU TNInya emangnya ada apa si? giliran ngesaih RUU Perampasan Aset lama banget,2025-03-20 12:10:29+00:00,negatif
sebut saja tim mawar 😅,2025-03-20 12:09:59+00:00,negatif
rakyat udah nggak butuh wakil,2025-03-20 12:08:39+00:00,negatif
@mhnlee @halyucy @167⭐ @ଳᘜｙｓ_𖦹°•𓆝 @J. @26 @meymey @pstrlyy🫧 @ka_rem_127 @wul🅰️n,2025-03-20 12:08:27+00:00,negatif
sila yang masih bertahan cuma sila 1 itupun mau punah🥀,2025-03-20 12:05:44+00:00,negatif
tikus apa Garuda sebenernya sih?,2025-03-20 12:04:33+00:00,negatif
@LISSA🌸 @Ernawaty,2025-03-20 10:01:36+00:00,positif
ni negara paansih,2025-03-20 09:57:10+00:00,negatif
Nambah berat hidup 🙃,2025-03-20 09:54:45+00:00,positif
@user66666,2025-03-20 09:54:43+00:00,positif
capek bgt tinggal di Indonesia cobaannya banyak bgt 😭,2025-03-20 09:47:06+00:00,positif
Udah di sahkn bang,2025-03-20 09:39:09+00:00,negatif
Welcome To Ultramilitarist Era Dude ☠️,2025-03-20 09:38:29+00:00,positif
😭😭😭 gini banget ya jadi WNI saban hr jadi rakyat di dzalimin,2025-03-20 09:36:01+00:00,negatif
negara apa si ini 😭,2025-03-20 09:34:02+00:00,positif
di liat aja dulu kalo memang seperti orde baru baru rakyat bertindak,2025-03-20 09:30:01+00:00,netral
telat bang udah sah🥺,2025-03-20 09:29:34+00:00,negatif
DUKUNG RUU TNI,2025-03-20 09:21:03+00:00,positif
alamak ntar ada Petrus lagi dong,2025-03-20 09:20:29+00:00,negatif
gw bilek: fikss nanti masa depan gw pindah ke jepang🗿,2025-03-20 09:15:41+00:00,negatif
@Caresty06,2025-03-20 09:14:50+00:00,positif
@ℛ𓍼 @ma,2025-03-20 09:12:55+00:00,netral
postingannya tidak menjawab,2025-03-20 09:05:54+00:00,negatif
ni negara demokrasi apa otoriter sih,2025-03-20 09:02:43+00:00,negatif
#TOLAKRUUTNI,2025-03-20 08:54:48+00:00,negatif
Yg mencetuskan siapa to,2025-03-20 08:54:39+00:00,positif
Orde Baru jilid 2 niih,2025-03-20 08:52:14+00:00,positif
moga aja g jadi😭,2025-03-20 08:48:50+00:00,netral
rata2 yg nolak ternak abah🤣🤣🤣,2025-03-20 08:45:00+00:00,negatif
"akusih setuju🥰
emang kenapa kalo negara kita korupsi, toh duit nya juga nanti bisa dikasi ke pak presiden buat rakyat🥰
kalo kita di bungkam yaa rapopo lah, wong duit korupsi ne juga nanti kebali ke rakyat
untung aku nyoblos pak prabowo kemarin so wat gituloh🫰",2025-03-20 08:42:00+00:00,negatif
Ke inget laut bercerita,2025-03-20 08:37:48+00:00,negatif
dewasa dinegara yang sakit,2025-03-20 08:37:14+00:00,negatif
uda sah...,2025-03-20 08:35:32+00:00,netral
"melihat SDM pejabat Indonesia, gw jadi ragu kalau zaman dulu Indonesia pernah dijajah Belanda🗿🗿🙏🙏",2025-03-20 08:35:28+00:00,netral
NEGARA KITA SEDANG TIDAK BAIK2 SAJA... HARUS KAH KITA CUMA DIAM 🤐🔥,2025-03-20 08:29:40+00:00,negatif
KENAPA AKU WNI?!!,2025-03-20 08:23:26+00:00,negatif
kan udh di bilang Prabowo jadi era 98 terulang kembali 😂😂😂,2025-03-20 06:31:52+00:00,negatif
"tp knp disaat bersamaan RUU polri yg dibahas TDK di demo,,bs jd penolakan ini pesanan,di luar negeri jg sprti as,kemlu nya ada perwakilan militer",2025-03-20 06:30:05+00:00,negatif
udh baca isi ruunya blm yg diisi instansi apa aja,2025-03-20 06:28:23+00:00,negatif
udah lah nanti kalo ada uang pindah negara aja wkwk,2025-03-20 06:26:35+00:00,negatif
hancur Indonesia ku😅,2025-03-20 06:24:51+00:00,negatif
#kaburajadulu,2025-03-20 06:23:07+00:00,negatif
dukung ruu tni,2025-03-20 06:20:44+00:00,positif
NANGIS BANGET YA ALLAH,2025-03-20 06:17:03+00:00,positif
"urgensi ny di sahkan nya RUU TNI untuk rakyat apa? kenapa RUU PERAMPASAN ASET yg jlas"" manfaatny ada utk rakyat tdk segera di sahkan. lucu sekali tikus tikus DPR di konoha",2025-03-20 06:13:18+00:00,negatif
berisik lu min...,2025-03-20 06:05:53+00:00,negatif
udah di sahin bang sama DPR :(,2025-03-20 06:04:26+00:00,negatif
demi allah gua takut,2025-03-20 06:04:03+00:00,negatif
"Akankah Petrus akan kembali ""barang siapa yg melakukan kegaduhan otw pulang kebalik papan""😨",2025-03-20 06:00:44+00:00,negatif
mending TNI dari pada polisi,2025-03-20 05:53:45+00:00,negatif
☹️,2025-03-20 05:46:23+00:00,positif
WKWKKW KOCAK 02 VOTERS TIBA” KRITIK🤣🤣,2025-03-20 05:40:19+00:00,negatif
"RUU TNI udah di sah kan!, selamat menikmati sisa sisa hidup kita di bawah tekanan pemerintahan otoriter",2025-03-20 05:39:03+00:00,negatif
Balik lagi ke orde soeharto lama lama,2025-03-20 05:38:17+00:00,negatif
yaAllah kapan yaa indo punya presiden yang ga anti kritik😭😭😭,2025-03-20 05:36:23+00:00,negatif
Nyesel gw milih Prabowo,2025-03-20 05:27:28+00:00,positif
"contohnya aj purnawirawan siluhut, muldoko, tk boleh msyarakt komen jelekny",2025-03-20 05:24:28+00:00,netral
udah kyk aot aja bjir🗿,2025-03-20 05:22:07+00:00,netral
NEGARA RUSAK,2025-03-20 05:20:14+00:00,negatif
Yg parah itu 2014 s/d 2024 🤣🤣🤣,2025-03-20 05:16:36+00:00,negatif
"kalau di sah kan, Indonesia jadi kyak negara otoriter gasi? wkwk",2025-03-20 05:08:06+00:00,negatif
@putripurnama,2025-03-20 05:07:50+00:00,positif
klo gua setuju,2025-03-20 04:44:18+00:00,netral
tapi pindah negara bisa kan?,2025-03-20 04:30:04+00:00,netral
jadi Korut ae lah 🗿,2025-03-20 04:28:41+00:00,negatif
MENURUT KU ADILI MAHASEWA 🥳🥳🥳,2025-03-20 04:28:24+00:00,positif
Tau kan kenapa ACEH sama PAPUA Minta pisah dari indonesia dari dulu? mereka tau siapa Indonesia sebenarnya,2025-03-19 23:21:06+00:00,negatif
mau jadi apa negara ini,2025-03-19 23:12:18+00:00,positif
makin kesini semakin mau pindah negaraa,2025-03-19 22:16:50+00:00,negatif
mumpung masih belum panjang kalian bebas mengungkapkan pendapat sebelum demokrasi tenggelam di lautan palung Mariana....... #RIPDEMOKRASIINDONESIA,2025-03-19 21:46:22+00:00,negatif
Negara apa ini Nggk sesuai sama lagu kebangsaannya🥲✋🏻🫢,2025-03-19 21:45:51+00:00,positif
jadi pengen cepet cepet pindah negara,2025-03-19 21:21:58+00:00,negatif
"secara TDK langsung k depan akan terjadi pemaksaan di semua lini...
terutama d pemerintahan",2025-03-19 21:10:30+00:00,negatif
Fedi Nurilll emang buzzer prabowo,2025-03-19 20:45:51+00:00,negatif
Kenapa RUU perampasan aset aja ya,2025-03-19 20:17:47+00:00,negatif
NI NEGARA KEK APA SIH?,2025-03-19 19:57:20+00:00,negatif
Tolak RUU TNI,2025-03-19 19:54:35+00:00,positif
ini mah jadi mexico versi lite,2025-03-19 19:48:42+00:00,negatif
TOLAK RUU TNI,2025-03-19 19:30:15+00:00,positif
turunkan imam Mahdi,2025-03-19 19:15:23+00:00,positif
"Lebih Bahaya Mulut"" Buzzer😏",2025-03-19 19:15:02+00:00,negatif
"negara gila duittt, negara gila kuasa, negara gilaaa gilaaaa stresss",2025-03-19 18:22:15+00:00,negatif
"GILIRAN RUU PERAMPASAN ASET GK KELAR"" , GILIRAN RUU TNI DPR LANGSUNG ACC😂😂",2025-03-19 18:18:56+00:00,negatif
"Broo jmn orde baru loe ngomongin jlk ttg presiden di tmpt umum bbrp hari kemudian bisa hilang KRNA dianggap provokator, jmn dulu jngn mncla Golkar,militer,presiden, dan jngn nyebut P.K.I KLO GK PNGN hilang",2025-03-19 17:27:27+00:00,negatif
gas aktif kan mau liat orde baru,2025-03-19 17:23:38+00:00,positif
mending naikin gaji damkar 🗿,2025-03-19 16:29:03+00:00,negatif
"tolak Ruu TNi, karna sangat TDK manusiawi",2025-03-19 15:47:08+00:00,positif
"intinya sih kalau RUU TNI disahkan bukan malah negara adem dan nyaman iya sih adem dan nyaman yah karena mereka sedang menutup nutupi media atau berita supaya gak bocor ke rakyat dan kalau rakyat tau tentang berita mengenai negara bakalan di log out dari dunia dan ini menunjukan sifat asli DPR yang katanya ""MEWAKILKAN RAKYAT""😁",2025-03-19 15:20:16+00:00,negatif
"Ingat kasus basarnas 2023, malah KPK nya yg minta maaf😹 itu adalah salah satu contoh nyatanya, hati hati🫣",2025-03-19 15:09:21+00:00,negatif
TNI =HAMA,2025-03-19 14:43:15+00:00,netral
"Mending Negara T0*** ini bubar, dan semua pulau buat negara Masing2👍",2025-03-19 14:38:44+00:00,negatif
@⋆ ˚｡⋆୨୧˚🎀ayyko🎀⋆ ˚｡⋆୨୧˚  dia juga aku suka update terus,2025-03-19 13:55:27+00:00,positif
Ramalan simpsons akan terjadi,2025-03-19 13:52:48+00:00,netral
"pasti presiden gk peduli, tetap di buat, dari dulu aja denger mau di satuin TNI dan Polri😳",2025-03-19 13:27:27+00:00,negatif
Atur aja gimana baiknya...,2025-03-19 13:26:06+00:00,positif
ini tim buzzer lagi kerja keras bagaimana supaya RUU bisa naik🤣🤣oh tidak semudah itu🤣🤣,2025-03-19 13:20:44+00:00,positif
hanya tni yg masih di percaya rakyat,2025-03-19 01:59:12+00:00,positif
emang paling bener kumpulin uang belajar bhs asing kerja di luar negri deh,2025-03-19 01:42:49+00:00,negatif
Katanya efisiensi anggaran rapat d hotel trs c in d hotel buset”,2025-03-19 01:25:04+00:00,netral
TNI beking sabung ayam aja dah cukup,2025-03-19 01:15:02+00:00,netral
"Tolak RUU TNI
Di Sahkan RUU Perampasan Aset",2025-03-19 01:03:36+00:00,negatif
Bersama TNI sabung ayam kuat,2025-03-19 00:58:00+00:00,positif
yg nolak juga orang2 itu aja🤣,2025-03-19 00:57:34+00:00,negatif
"gapapa, gua setuju, daripada polisi mending tni, indo kalo ga di kerasin rakyatnya pada ga punya otak",2025-03-19 00:56:59+00:00,negatif
Apa keadaan sekarang lebih baik???,2025-03-19 00:52:48+00:00,netral
RUU TNI itu bukan orde baru. ini hanya pekerjaan antek asing yg mau melemahkan TNI,2025-03-19 00:31:42+00:00,negatif
"apakah akan turun ke jalan lagi?
semoga aja ada yg mau sponsoriin",2025-03-18 23:30:37+00:00,negatif
ini udah dari jaman Jokowi Dwi Fungsi kalian ga ngerasa kan pejabat pejabat sekarang mantan militer TNI AD terutama pensiunan kopassus 😂🤣. malah AU dan AL anteng adem ayem ga ada pensiun TNI AU & AL,2025-03-18 23:13:59+00:00,negatif
YAELAH BAHAS2 YG DILAMPUNG GMN PARTAI COKLAT YG GREBEK PABRIK NARKOBA TPI BRNGNYA DIJUAL LAGI 🤣🤣🤣 BLOM KASUS NARKOTIKA DISIRAM BIAR HUKUMAN RENDAH 🤣🤣 RAHASIA UMUM HUKUM AJA BISA DIBELI LHA DISAMAIN SAMA SABUNG AYAM JAUHH,2025-03-18 23:06:58+00:00,negatif
Yang punya akal liat noh kasus terbaru sabung ayam di lampung 🎃,2025-03-18 22:57:58+00:00,positif
yang pada koar tolak RUU TNI udah tau isinya apa FOMO doang? 😂,2025-03-18 22:48:40+00:00,negatif
Fedi nuril lu diem deh ktnya mau pindah negara lu tp ga pindah”🫵🏻,2025-03-18 22:45:20+00:00,negatif
"gini amat ya mau daftar TNI ada aja,tapi masih tetep daftar 🔥🔥",2025-03-18 21:51:32+00:00,netral
baru knp itu pemblokiran kendaraan apabila terlambat pembayaran pajak tidak ada penolakan?,2025-03-18 21:24:28+00:00,negatif
Nikmatilah pilihan kalian🤣,2025-03-18 21:16:35+00:00,positif
"selama p prabowo masih jadi presiden, saya percaya kebijakan apapun itu untuk kemajuan NKRI",2025-03-18 21:04:47+00:00,positif
warga 58% mana ngerti kaya beginian 🤣,2025-03-18 21:03:11+00:00,negatif
dah ga ketolong ni negara,2025-03-18 20:59:31+00:00,negatif
herannya sepi aja🗿,2025-03-18 20:55:18+00:00,positif
definisi negara demokrasi dan value pancasila udah mulai di hilangin konoha,2025-03-18 20:54:25+00:00,negatif
Ntar militer yang jadi korup,2025-03-18 20:51:18+00:00,negatif
ureep urep,2025-03-18 20:44:43+00:00,netral
bang bahas yang lagi rame yg di bromo ada pohon g4nj4 dong,2025-03-18 20:18:21+00:00,negatif
Tolak ruu tni,2025-03-18 20:10:43+00:00,positif
RUU TNI INI DI USULAN DARI KORUPTOR SUPAYA TIDAK BISA KETANGKEP DI LINDUNGI OLEH PRABOWO SEBAGAI KEKUATAN MEREKA. APALAGI JOKOWI UDAH PANIK KEBURUKAN DIA UDAH MULAI DI BONGKAR DI TANAH PUBLIK. singkatannya begitu,2025-03-18 20:09:07+00:00,negatif
Anti banteng 🔥,2025-03-18 13:57:19+00:00,positif
"hmm, aku sebagai orang awam ngikut gimna baiknya aja dehh",2025-03-18 13:48:31+00:00,netral
emang paling bener #kaburajadulu,2025-03-18 13:48:30+00:00,positif
TNI=HAMA,2025-03-18 13:47:49+00:00,netral
ulah jawa semua,2025-03-18 13:42:39+00:00,positif
seperti tinggal di luar negri tidak terlalu buruk,2025-03-18 13:39:47+00:00,netral
"bang bahas penggebrekan tempat sabung ayam,3 polisi meninggal baku tembak. di way kanan,lampung",2025-03-18 13:38:35+00:00,negatif
TOLAK RUU TNI🥰,2025-03-18 13:32:47+00:00,positif
tar klo disahkan banyak org yg diculik dan kaga balik balik😁,2025-03-18 13:19:23+00:00,negatif
udah indo bubar aja lah😭,2025-03-18 13:13:34+00:00,negatif
bahas bromo yg sekarang bang,2025-03-18 13:10:22+00:00,positif
gila ni negara,2025-03-18 13:09:11+00:00,negatif
"tonton video dari @mich.schndr ,jngn berlbihan menggiring opini klo gk pham lu bang @geraldvincentt ,RUU mlh bgus krna agr sesuai pungsinya & buat menekan koruptor&polis konoha yg gk di prcy mshrkt",2025-03-18 13:01:07+00:00,negatif
"pendukung mulyono dan 5,8 bahagia",2025-03-18 12:51:59+00:00,positif
"Prabowo itu mending di jatuhkan sih jabatan nya jadi presiden, firasat gua Indonesia akan jadi negara paling miskin sih kek nya,presiden ngak ada guna",2025-03-18 12:43:07+00:00,negatif
inimah buat ngenakin si ibu negara t**dy biar kekuasaan nya bisa meluas di sektor² tertentu,2025-03-18 12:41:57+00:00,negatif
@kontsigmatol akan kah ada tni yang memiliki jabatan di kepemimpinan sipil kembali,2025-03-18 12:36:42+00:00,negatif
Kalo dpr masalah gini cepet nanggep nya ya. Heran masih ada yang milih,2025-03-18 12:35:09+00:00,negatif
mending kabur ke luar negeri😹,2025-03-18 12:31:35+00:00,negatif
lama lama jadi korut njay🗿,2025-03-18 12:15:30+00:00,negatif
"buset kalo gitu koruptor pada ugal""an pasti",2025-03-18 12:09:34+00:00,negatif
kaya drakor youth of may ga si???,2025-03-18 12:09:09+00:00,negatif
JANGAN DI JELASIN PERCUMA 58% GA BAKAL NGERTI DIA TAUNYA OKE GAS OKE GAS,2025-03-18 12:08:10+00:00,netral
KAMIS MAU D SAHKAN GUYS,2025-03-18 12:07:57+00:00,positif
udah lama lama indo juga jadi kaya korut,2025-03-18 12:07:04+00:00,negatif
Lebih percaya Prabowo kalo 2030 Indonesia bubar,2025-03-18 12:06:52+00:00,negatif
"buat point 3. trus gunanya pak gibran bikin layanan"" lapor mas wapres"" buat apaan?",2025-03-18 12:06:10+00:00,negatif
uu perampasan aset macet tp ruu tni dikebut gtu sampe rapat diem2 keren sih👏🏻,2025-03-18 12:05:39+00:00,negatif
bukannya waktu pilpres udah pada tau ya Prabowo menantunya Soeharto. ini adalah kebangkitan orde baru. dulukan yg milih prabowo kalian sendiri,2025-03-18 12:05:28+00:00,negatif
"Serius nih nanya, buat kalian yg nolak revisi UU TNI, kalian ga setujunya di bagian mana? Revisi pasal berapa? Alasannya apa? Saya duga kalian ini nolak hanya karena fomo atau ketakutan sendiri dwifungsi kembali, tapi sebenernya ga ngerti poin revisinya",2025-03-18 11:59:55+00:00,negatif
"ruu perampasan aset cuman angin belaka, fungsi DPR membuat peraturan yang melemahkan undang undang, suarakan bersatu mengepung kantor DPR dan tangkap ketua DPR",2025-03-18 10:20:21+00:00,negatif
Nda bisa sama order sama sekarang bos,2025-03-18 10:10:45+00:00,negatif
"bang kenapa kok keberhasilan tu selalu warna hijau,dan kegagalan tu selalu warna merah,padahal banyak tu warna lainnya",2025-03-18 09:56:44+00:00,negatif
zerr zerr,2025-03-18 09:56:24+00:00,negatif
demo DPR,2025-03-18 09:55:57+00:00,netral
TNI Anjg,2025-03-18 09:53:05+00:00,netral
anying ni negara ganti presiden berapa kali pun ga bener2,2025-03-18 09:51:51+00:00,negatif
bang ada berita TNI tembak polisi,2025-03-18 09:48:22+00:00,negatif
sepertinya aroma 98 mulai tercium nih👏,2025-03-18 09:47:28+00:00,negatif
Nusantara baru Indonesian hancur,2025-03-18 09:45:00+00:00,negatif
@Lil el,2025-03-18 09:44:18+00:00,positif
Banyak sekali yg rusak di negara konoha ini 😭🙏🏻,2025-03-18 09:36:23+00:00,negatif
"RUU TNI dia gas kan
RUU perampasan aset dia tak mau",2025-03-18 09:34:56+00:00,negatif
indonesia Milik Mulyono & Wowo Family,2025-03-18 09:32:37+00:00,positif
"pinter juga tuh DPR, ngebut RUU TNI biar makin KEBAL hukum dan ANTI kritik 😹",2025-03-18 09:27:53+00:00,negatif
rakyat bisa apa ini coeg coeg😹😹😹,2025-03-18 09:21:46+00:00,positif
isinya emng apa nih? Betul kh korup nnti bkal ga keungkap? lantas yg ditangkapin smpe hari ini itu apa? pngalihan isu?,2025-03-18 09:20:56+00:00,negatif
Petrus doank gw yg setuju diaktifkan,2025-03-18 09:19:39+00:00,positif
Kaya uda males aja denger berita di indo ni capekkkk cokkk capekkkkkk,2025-03-18 09:12:46+00:00,negatif
pusing liat negara indonesia ini muak sekali liatnya yg korupsi belum ditindak sekarang muncul lagi tilang aset rakyat hadeh mending bubarin negara in,2025-03-18 09:11:54+00:00,negatif
bahas RUU polri juga bg,2025-03-18 09:04:20+00:00,positif
gakpapa biarin aja biar masyarakat kita yg sok tau ini ngerasain gimana TNI yg sebenarnya nanti klau udah terjadi jangan nyesal krna emang penyesalan itu belakangan,2025-03-18 08:55:40+00:00,negatif
bahas masalah perampasan aset rakyat bg,2025-03-18 08:54:31+00:00,negatif
Bang bahas tentang uu tentang pajak off 2x kendaraan langsung disita🙏,2025-03-18 08:48:55+00:00,negatif
@𝕶𝖎𝖑𝖘𝖍𝖎𝖊𝖊𝖊 ⚚ mending #kaburajadulu kalo gini mah hadeh😹,2025-03-18 08:42:47+00:00,negatif
waduh nanti ilang nih rocky gerung😂,2025-03-18 08:38:19+00:00,negatif
"sampai berjumpa kembali di pengadilan yang paling adil yang akan dihakimi oleh hakim yang paling bijaksana.
yang tidak zalim dan tak menerima suap iaitu peradilan hari kiamat Dimna Allah adalah hakim Nya. awas kalian",2025-03-18 08:36:57+00:00,positif
Kk bahas aceh dan sumatra yg ingin memerdekakan diri karna muat dg sistem dan kebijakan yg tdk jelass,2025-03-18 08:35:11+00:00,positif
"klo disahkan TNI bukan bela negara lagi, tapi bela pemerintah",2025-03-18 08:32:34+00:00,negatif
"Aku pernah kerja di daerah lingkungan TNI , no 2 bener banget mereka itu sistemnya SENIOR DAN JUNIOR😞",2025-03-18 08:32:28+00:00,positif
"Heran, Rakyat Konoha pengen PETRUS kembali, tapi menolak RUU TNI, kan lucu 😌",2025-03-18 07:08:15+00:00,negatif
udah gk sehat ni negara,2025-03-18 07:05:43+00:00,negatif
sumpah penjelasan bang gerald ini udh paling jelas dan simple tapi masa ga ngerti juga sih RUU TNI ini didebat karna apa? pada sekolah dan bisa baca ga sih?,2025-03-18 07:05:28+00:00,netral
"pasukan ijo janganlah masuk jabatan sipil,apa tak bahaya ta??",2025-03-18 07:04:26+00:00,negatif
ihmam Mahdi : Wait for me,2025-03-18 07:01:21+00:00,negatif
bahas kasu TNI jaga ayam bang,2025-03-18 07:00:07+00:00,negatif
"bang, tempo udah ga independen dan meragukan untuk dipercaya lagi",2025-03-18 06:59:22+00:00,positif
bang bahas TNI yg dorr polisi,2025-03-18 06:58:33+00:00,negatif
"ohhh pantesan sembunyi sembunyi,ternyata biar mereka aman korupsi gitu?",2025-03-18 06:53:13+00:00,negatif
demokrasi untuk negara munafik cuma ladang cuan buat orang munafik dengan embel² agama,2025-03-18 06:50:54+00:00,negatif
bang coba bahas wisata bromo yang di tanami g4nj4,2025-03-18 06:49:29+00:00,positif
DPR nya tuh,2025-03-18 06:49:18+00:00,positif
"contoh aja TNI disuruh ngurus pertamina alhasil utang meroket dan memperkaya pribadi, hayoo tebak. 🗿",2025-03-18 06:47:52+00:00,negatif
#TOLAKRUUTNI,2025-03-18 06:44:41+00:00,negatif
"DPR INGIN CEPET"" MENGESAHKAN KARENA DI DPR NYA JUGA DALANG"" KORUPSI NYA DAN JUGA UNTUK MELINDUNGI NAMA BAIK MEREKA SENDIRI KALAU MEREKA ITU KORUPSI 🤣",2025-03-18 06:41:19+00:00,negatif
 [photo],2025-03-18 06:41:08+00:00,positif
gini amat hidup di negara anjing ini,2025-03-18 06:40:56+00:00,positif
"kalau RUU TNI sah berati negara kitaa bukan negara demokrasi lgi dong, jdi negara TNI",2025-03-18 06:39:37+00:00,negatif
bg bahas taman nasional bromo,2025-03-18 06:37:40+00:00,positif
ramein tagarnya #aTOLAKRUUTNI,2025-03-18 06:35:10+00:00,negatif
ayo dong tolak bersama,2025-03-18 06:32:59+00:00,positif
Ririn pulen😋😋,2025-03-18 06:29:27+00:00,netral
bukannya di era 10 thun belakang smp sekrng kita udah di masa orde baru. mungkin aku salah jg sih perasaan doang😑,2025-03-18 06:26:41+00:00,negatif
buzzer banyak yg ngga terima penjelasan lu bang wkwkwkwk,2025-03-18 06:22:04+00:00,negatif
bayangin lagi rapat sipil yg satu bawa bedil🙏,2025-03-18 06:13:36+00:00,negatif
kayanya apa yg wowo bilg Indonesia bubar 2030 bakalan dipercepat sama dia,2025-03-18 06:07:25+00:00,negatif
TANGKAP MULYONO,2025-03-18 06:06:32+00:00,netral
mahasiswa gk gerak selesai dah,2025-03-18 06:02:47+00:00,negatif
"https://berkas.dpr.go.id/akd/dokumen/baleg-RJ-20240903-080932-3747.pdf
ini berkas naskah ruu TNI ya ges. baca aja hal 17, soalnya ad poin"" yg GK ditulis di berita""",2025-03-18 05:59:36+00:00,negatif
"contohin aja kaya negara maju kek AS
walaupun negara besar tpi militernya tidak ikut campur dalam urusan pemerintahan",2025-03-18 05:50:13+00:00,netral
😻,2025-04-10 06:34:51+00:00,positif
😔,2025-04-10 05:18:24+00:00,positif
😻,2025-04-10 05:18:24+00:00,positif
yah klo gw mah g peduli orba orbaan yng penting bukti kinerja tni di bulog udh terbukti luar biasa🥶ngeri,2025-04-07 23:43:40+00:00,negatif
😳,2025-04-07 09:05:12+00:00,positif
🥰,2025-04-07 05:28:05+00:00,positif
@billysamuelo posting ulanggg😱😱😱😱,2025-04-07 05:17:24+00:00,positif
😂,2025-04-06 15:30:21+00:00,positif
🗿,2025-04-06 09:30:16+00:00,positif
😱,2025-04-06 07:10:20+00:00,positif
😁😁😁,2025-04-05 13:50:50+00:00,positif
tolak RUU TNI kembalikan ke barak aja,2025-04-05 09:21:11+00:00,negatif
"const indonesia require (""Pernapasan Amerika"")",2025-04-04 13:31:07+00:00,negatif
katanya demokrasi 🥺,2025-04-04 09:39:19+00:00,negatif
😁,2025-04-04 08:46:38+00:00,positif
😁,2025-04-04 07:41:33+00:00,positif
😝,2025-04-04 07:32:16+00:00,positif
"rakyat yg suka malink takut di dor dor.
pejabat suka malink jd takut gk dpt tempat.",2025-04-04 04:52:30+00:00,negatif
tanpa TNI loe gak bisa hidup aman,2025-03-31 06:47:29+00:00,positif
Jaman orde baru ga ada peristiwa bom bom an. Ada petrus jd jarang ada peristiwa kriminal sesadis sekarang..,2025-03-31 00:58:10+00:00,negatif
"jika di tangan pemerintah bersih pasti ada kedamaian, rapat UUD TNI dilakukan seperti maling takut ketahuan 🙈🙈🙈",2025-03-30 14:34:27+00:00,negatif
apa sih maksud nya ruu tni.bikin saya bingung .maklum lh mak2 byk yg di pikirin..,2025-03-30 12:50:36+00:00,negatif
😭,2025-03-30 06:46:21+00:00,positif
Tentara Hama,2025-03-30 05:23:21+00:00,negatif
"males sama indo, mayoritas sampah semua pejabatnya",2025-03-30 03:57:15+00:00,netral
😂,2025-03-30 03:53:45+00:00,positif
🤗,2025-03-30 03:28:46+00:00,positif
🙏,2025-03-30 02:35:24+00:00,positif
dukung RUU TNI,2025-03-30 02:04:06+00:00,positif
"@niakurniati0741:Kalau revisi TNI bikin rakyat berdaulat sejahtera, bisa membatasi ruang gerak para Maling Duit Rakyat , WHY NOT ?
Toh faktanya era Reformasi cuma menghasilkan PARA MALING DUIT RAKYAT ratusan milyar bahkan Ribuan Trilyun di mana mana ,di pusat sampai daerah, di BUMN,Di DPR ,Kementrian , Depertemen,sampai desa, dll ...
Reformasi cuma menghasilkan PAGAR LAUT, Tanah Rakyat di Rampas,seperti Rempang , Kekayaan Alam di kuasai Asing dan Aseng,
Reformasi (tidak bisa merubah ,membasmi ) Cuma menghasilkan Mafia mafia Pengadilan,Aparat bangsat, Birokrasi dan Birokrat KORUP ...
Era Reformasi cuma menghasilkan penindas rakyat,Pengangguran di mana mana, Buruh Upahnya Murah,Status nya OutSourching,
Reformasi Demokrasi Cuma Omong Kosong, Hukum tetap saja Tumpul ke atas Tajam ke Bawah,
Reformasi cuma menghasil kan Politik Dagang Sapi, Demokrasi jadi Pesta tahunan para Bajingan memperdaya hak politik rakyat dengan cara Nyogok rakyat biar memilih mereka ,
OPEN YOURE MIND ..
saya rakyat biasa sudah menjalani +-30 Tahun era Reformasi dan kesengsaraan nya Nak...
Dan kau Anak kemarin Sore yg cuma tahu Ngonten itu dapat Duit,dan sekarang masuk lubang Reformasi itu yg cuma Omong Kosong ,menjadikan issue KKN ,Dwi Fungsi dan Militerisasi , Tapi fakta nya Rakyat tetap Miskin ,tertindas dan di Pajakin dgn tinggi, Pendidikan Mahal,
Kita peduli pada Negara ini Woiiiii, setidaknya dari tahun 1998- s/d 2025 bukan Lo sja, dan sampai saat ini Negara Masih Tidak Lebih Baik ( Kalau tidak Mau di sebut Nilainya Rendah di mata asing , Negara Korup ) ,Bastadz..
Omongan mu itu dongeng Faktanya TDK se extreme itu Tentara , Tapi A_SUdahlah..
Selamat Ngonten dan ku doa kan dapat duit banyak dan kalau dapat banyak jangan lupa bagi2 duitnya sama anak yatim
#SalamWarasDanTetapDamai",2025-03-29 23:53:33+00:00,negatif
"moots aku plss 🙋🏻‍♀️, on tiap harii 🙇🏻‍♀️‼️",2025-03-29 23:13:24+00:00,positif
sekarang waktunya untuk kita berevolusi ✊✊✊,2025-03-29 23:10:35+00:00,positif
😂,2025-03-29 22:37:38+00:00,positif
negara gila cpek bgt ama berita di indonesia dari agustus taun lalu sampek sekarang ada aja gebrakanya,2025-03-29 22:32:58+00:00,negatif
ya klou kita baik gak bkln trjadi itu yang takut itu yang korup 😁,2025-03-29 21:32:39+00:00,negatif
ko jadi menyeramkan sekali negara ini ya allah.,2025-03-29 16:34:18+00:00,positif
🗿,2025-03-29 14:59:15+00:00,positif
tim partai Sono itu om yg nolak ...maklum ngak berkuasa 🤣🤣,2025-03-28 07:50:21+00:00,negatif
😅,2025-03-28 07:32:55+00:00,positif
yg rusak negara ini pasti yg sahkan RUU... sedangkan RUU perempatan aset saja mereka tdk mau sahkan,2025-03-28 06:26:37+00:00,negatif
koar2 doang jika tni kembali kebarak tolong gantikan mereka yang ada di daerah penugasan agar para tni bubuk manis dibarak,2025-03-28 04:44:32+00:00,negatif
Konoha otak lembab kuat mkn bakso,2025-03-28 04:13:27+00:00,netral
ayo hidupin pemerintah Majapahit 🥰,2025-03-28 01:52:51+00:00,positif
😥,2025-03-28 01:26:43+00:00,positif
😁,2025-03-28 01:12:25+00:00,positif
"emak sama anak Sama, pemecah bangsa.",2025-03-28 00:34:26+00:00,positif
😂,2025-03-27 23:40:56+00:00,positif
😂,2025-03-27 22:57:44+00:00,positif
😁,2025-03-27 21:54:52+00:00,positif
😁,2025-03-27 21:38:21+00:00,positif
tolak ruu tni gak boleh itu masyarakat nomor 1 bukan pejabat,2025-03-27 21:23:16+00:00,negatif
di Bayar berapa broo 😂,2025-03-27 21:15:52+00:00,negatif
😂,2025-03-27 21:15:00+00:00,positif
maksud korupsi tetap ada tapi ga ktauan?,2025-03-27 21:00:45+00:00,negatif
puaaaaannnnnn lu bener bener ye,2025-03-27 19:16:57+00:00,netral
ni ga salah gas kan,2025-03-26 23:35:02+00:00,negatif
🔥,2025-03-26 21:49:18+00:00,positif
yg nolak itu kn anak abah dan banteng 😁😂,2025-03-26 21:26:27+00:00,negatif
"Heh anak yang katanya pinter punya intelektual tinggi, seharusnya yang didemo itu uu perampasan aset!!!bukan demo beginian #GA.RESPECT.SAMA.MAHASEWA",2025-03-26 20:23:12+00:00,negatif
@putttt,2025-03-26 20:21:16+00:00,positif
makan tuh ok gas ok gas,2025-03-26 17:05:30+00:00,netral
RUU Posisi yang harus diwaspadai.,2025-03-26 15:57:53+00:00,negatif
🥰,2025-03-26 15:23:19+00:00,positif
🔥,2025-03-26 15:19:23+00:00,positif
🥰,2025-03-26 15:03:09+00:00,positif
😁,2025-03-26 14:41:48+00:00,positif
selagi puan anj itu ketua dpr kek ini la kita,2025-03-26 00:31:48+00:00,positif
Alamak petruss🗿,2025-03-26 00:28:11+00:00,positif
😭,2025-03-26 00:22:14+00:00,positif
😂,2025-03-26 00:21:32+00:00,positif
Mahasewa=Hama,2025-03-25 23:41:36+00:00,positif
padahal itu sudah ucapan presiden Sukarno presiden pertama kita dilarangnya angkatan perang di larang ikut2 politik,2025-03-25 23:26:36+00:00,negatif
😅,2025-03-25 23:07:39+00:00,positif
"gue sbnrnya bukan hates si aniss ini ,cuma gedek aja liat pendukung nya😅😅😅 selalu mendewa dewa kan dia wkwk pdhal apa yg dilakukan aniss ini gda pengaruh ke hidup mreka 😏",2025-03-25 23:04:53+00:00,negatif
🥰,2025-03-25 22:26:29+00:00,positif
😁,2025-03-25 22:21:52+00:00,positif
"puan maharani, dan antek anteknye... ah nth la, tx bise di deskripsikan kalian, aarg...",2025-03-25 21:51:42+00:00,negatif
😂,2025-03-25 21:15:09+00:00,positif
persetan demokrasi shitttttt,2025-03-25 20:51:44+00:00,negatif
"DPR ANJJ, T4II, TLOLL",2025-03-25 20:14:51+00:00,netral
hanya menuduh ke orde baru padahal faktanya kebalikan,2025-03-25 19:53:38+00:00,netral
sekolah bewan sg2,2025-03-25 19:45:27+00:00,positif
😁,2025-03-25 19:40:23+00:00,positif
😁,2025-03-25 19:17:10+00:00,positif
🤣,2025-03-25 19:11:29+00:00,positif
masyarakat tidak boleh pintar.....akan ditindas,2025-03-25 18:39:59+00:00,negatif
😇,2025-03-25 17:34:55+00:00,positif
petrus balik kah?,2025-03-25 17:27:30+00:00,negatif
"bang perasaan yg nnnya itu ruu tni nya dah bukan orde baru
jelasin pasalnya lh bang☺️kn klo kaya gini abngnya kaya ngegiring opini (?)",2025-03-25 17:26:31+00:00,negatif
🥰,2025-03-25 13:03:13+00:00,positif
yahh ngada pilihan lagi tuh DPR biar korupsi nya gak di ganggu,2025-03-25 12:49:24+00:00,negatif
😁😁😁,2025-03-25 12:38:21+00:00,positif
😅,2025-03-25 12:36:17+00:00,positif
😌,2025-03-25 12:17:11+00:00,positif
🥰,2025-03-25 12:15:22+00:00,positif
🙄,2025-03-25 12:08:06+00:00,positif
pindah negara aja gasih,2025-03-25 12:05:16+00:00,negatif
dukung ruu tni,2025-03-25 11:59:17+00:00,positif
🥰,2025-03-25 11:59:17+00:00,positif
🥰🥰🥰,2025-03-25 11:56:37+00:00,positif
😭,2025-03-25 11:54:31+00:00,positif
😁,2025-03-25 11:24:16+00:00,positif
😁,2025-03-25 11:16:22+00:00,positif
😁,2025-03-25 11:01:26+00:00,positif
😂,2025-03-25 10:55:37+00:00,positif
yang bilang dukung dah pasti buzzer,2025-03-25 10:52:17+00:00,negatif
😁,2025-03-25 10:41:03+00:00,positif
🥰,2025-03-25 10:30:26+00:00,positif
😡😡😡,2025-03-25 10:26:02+00:00,positif
kenapa ya kalo masalah nyusahin rakyat pasti enteng bgt tu palu😹😹,2025-03-25 10:12:13+00:00,negatif
🥰,2025-03-25 10:07:15+00:00,positif
Udah dipilih malah nyesel. Dari awal kemana aja?,2025-03-25 10:05:25+00:00,negatif
😂,2025-03-25 10:03:25+00:00,positif
bubarkan DPR,2025-03-25 09:57:50+00:00,negatif
"•lulusan kiamat 2012
•lulusan covid
•kurikulum percobaan
•lulusan kiamat 2024
•un percobaan
•pertamax = pertalite
•orde baru
gini amat masa dewasa guaa🥰",2025-03-25 09:49:57+00:00,positif
😏,2025-03-25 06:03:49+00:00,positif
bukannya dihindari malah mau dicicipin lagi🗿,2025-03-25 06:00:48+00:00,negatif
kacaw banget ini negara,2025-03-25 05:51:10+00:00,negatif
coba kalian baca novel laut bercerita itu nyeritain para aktivis yang menentang orde baru,2025-03-25 05:49:25+00:00,negatif
😂,2025-03-25 05:33:17+00:00,positif
yg protes ruu TNI demo itu kaki tangan PKI gaya baru karna mereka TDK bisa meng utak ati NKRI karna TNI yg melindungi NKRI ini lanjut terus TNI pantang mundur,2025-03-25 05:29:59+00:00,negatif
😳,2025-03-25 05:29:25+00:00,positif
👍,2025-03-25 05:24:14+00:00,positif
😂,2025-03-25 05:23:58+00:00,positif
kalo Ampe mengintimidasi rakyat sih para genster haru bersatu buat bantuin,2025-03-25 05:20:26+00:00,negatif
😂,2025-03-25 05:17:35+00:00,positif
DPR kepanjangan nya dewan apaan sih kayak gk guna gitu 🤔,2025-03-25 05:17:17+00:00,negatif
😳,2025-03-25 05:12:13+00:00,positif
🥰,2025-03-25 05:10:16+00:00,positif
😁😁😁,2025-03-25 05:08:26+00:00,positif
😳,2025-03-25 05:06:13+00:00,positif
😁,2025-03-25 04:58:54+00:00,positif
😂,2025-03-25 04:53:49+00:00,positif
😂,2025-03-25 04:44:10+00:00,positif
😭,2025-03-25 04:41:59+00:00,positif
10000000000000% DUKUNG PENUH,2025-03-25 04:40:46+00:00,positif
🗿,2025-03-25 04:39:06+00:00,positif
DPR nya siapa sih ini ? kok bisa di sahkan RUU TNI,2025-03-25 04:29:30+00:00,negatif
"polisi hama
polisi kera",2025-03-25 04:28:48+00:00,netral
RUU TNI disahkan tapi UU PERAMPASAN ASET ditolak. yallah pengen ada rejeki biar bisa pindah negara,2025-03-25 04:28:38+00:00,negatif
negara rusakkkk!!!,2025-03-25 04:24:55+00:00,negatif
cucu Seokarno beban bet anj,2025-03-25 04:24:04+00:00,netral
😂,2025-03-25 04:16:52+00:00,positif
"MANTAP, LIHAT DWIFJNGSI DI JAMSN ORBA, ADEMW TDK ADA KORUOSI TRILIUNAN. AMAN ADEM, RASA2NYA KITA BELUM MZMPU DI PINPIN SIPIL.",2025-03-25 04:02:51+00:00,negatif
DPR makanannya apa sih?,2025-03-25 04:01:24+00:00,netral
"tumben, biasanya ""bukan ye haha""",2025-03-24 22:57:11+00:00,netral
prabowo manis di awal gajelas banget😹,2025-03-24 22:44:33+00:00,netral
😂,2025-03-24 22:39:44+00:00,positif
Puan P nya.........,2025-03-24 22:35:35+00:00,negatif
😂,2025-03-24 22:34:41+00:00,positif
😁,2025-03-24 22:30:01+00:00,positif
RUU TNI from Malaysia🇲🇾🇲🇾,2025-03-24 22:26:27+00:00,positif
😁,2025-03-24 22:24:33+00:00,positif
hadeh masih aja banyak yang iri dengan pa prabowo yang hebat,2025-03-24 22:24:24+00:00,negatif
kok ambil keputusan sepihak si negara ini kan punya rakyat bukan negara mereka emang negara ini punya pejabat,2025-03-24 22:23:19+00:00,negatif
makin rusak ni negara,2025-03-24 22:20:23+00:00,negatif
@stafprabowo ijin pak🙏,2025-03-24 22:19:06+00:00,positif
bang mau pindah negara gmn ya,2025-03-24 22:17:35+00:00,negatif
🔥,2025-03-24 22:17:15+00:00,positif
😂,2025-03-24 22:16:38+00:00,positif
berarti kurang lebih kayak jaman Suharto ya bang?,2025-03-24 22:11:43+00:00,negatif
😂,2025-03-24 22:09:09+00:00,positif
"denger noh yang blom ngerti, so ngebela pejabat ke di empanin aja",2025-03-24 22:07:17+00:00,negatif
😂,2025-03-24 22:06:30+00:00,positif
#TOLAKRUUTNI,2025-03-24 22:05:00+00:00,negatif
🥰,2025-03-24 22:03:20+00:00,positif
🔥🔥🔥,2025-03-24 22:03:04+00:00,positif
😒,2025-03-24 22:02:20+00:00,positif
kabur aja dulu kalo gue mah,2025-03-24 22:00:36+00:00,negatif
bahas draftnya bukan orde baruny,2025-03-24 22:00:15+00:00,netral
RUU TNI UDA GAADA BG?,2025-03-24 21:55:36+00:00,negatif
🥰,2025-03-24 21:55:22+00:00,positif
duh indonesia makin aneh² pindah aja jangan disini bikin pusing😵😵,2025-03-24 21:54:04+00:00,negatif
"@acaa ?:hah? kamu tau ga si kalo presiden ga ad hak campur tangan di dalam ruu tni? masa gatau hukum yudikarif, legistatif sm eksekutif",2025-03-24 21:53:26+00:00,negatif
gini amat hidup di konoha,2025-03-24 21:49:21+00:00,positif
😋,2025-03-24 19:12:17+00:00,positif
ya kita bikin heboh dunia jika masyarakat sudah dgn pemerintahan..,2025-03-24 18:52:11+00:00,negatif
"Taukan siapa panji, Nuril, Ernest.. 😂",2025-03-24 18:50:15+00:00,negatif
bubarkan dpr,2025-03-24 18:42:09+00:00,negatif
joko Anwar takut tuehh sama TNI,2025-03-24 18:31:29+00:00,negatif
bang bahas bg kalo kita masyarakat stop bayar pajak gmna kedepannya 😂,2025-03-24 18:17:43+00:00,negatif
😁,2025-03-24 18:14:28+00:00,positif
yok semua mode barbar,2025-03-24 18:13:09+00:00,negatif
keknya gua harus bawa SG+awm dah kemana² + tambah turet+ vest level 4🗿👍,2025-03-24 18:05:27+00:00,negatif
makin bgini indonesia🥺🥺🥺,2025-03-24 18:01:23+00:00,netral
🗿,2025-03-24 17:56:22+00:00,positif
aku setuju jika TNI kembali berkuasa lagi karena sejak jaman persiden Suharto TNI ini yang berkuasa untuk melindungi dari para gengster😏,2025-03-24 17:50:06+00:00,netral
😂😂😂,2025-03-24 17:48:04+00:00,positif
heleh bentrok aja satu indo. sebelu di sah in,2025-03-24 17:47:28+00:00,negatif
😭,2025-03-24 17:45:38+00:00,positif
#tolakruutni,2025-03-24 17:34:35+00:00,negatif
lanjut kan RUU ini,2025-03-24 17:30:17+00:00,positif
😝,2025-03-24 17:28:14+00:00,positif
haruuuuss... gO TNI go,2025-03-24 17:21:00+00:00,positif
🤣,2025-03-24 17:09:44+00:00,positif
👍,2025-03-24 17:05:14+00:00,positif
🥰,2025-03-24 16:58:27+00:00,positif
🤩,2025-03-24 16:53:14+00:00,positif
😁,2025-03-24 16:51:14+00:00,positif
👍,2025-03-24 16:50:43+00:00,positif
@._ayu__ lu liat ini biar lu paham biar GK koar koar GK jelas lu,2025-03-24 16:41:29+00:00,netral
#kaburajadulu#,2025-03-24 16:40:19+00:00,negatif
"alm papaku bener..alasan dia gak milih ""itu"" dri dulu krna papaku bilang pasti bakalan kejadian era orde baru. aku gak percaya krna aku rasa ini udah jaman modern,,dan bener.Al-Fatihah papa😭",2025-03-24 16:35:50+00:00,negatif
herannya masih banyak yg bela mereka,2025-03-24 16:31:05+00:00,negatif
Prediksi 2030?🗿,2025-03-24 16:30:59+00:00,negatif
😂,2025-03-24 14:11:41+00:00,positif
bang coba jelasin kenapa DPR. itu mau banget kalo ruu TNI di sah hin,2025-03-24 14:10:22+00:00,negatif
we from malaysia💜,2025-03-24 14:09:14+00:00,negatif
😂,2025-03-24 14:06:15+00:00,positif
"itu yg protes ketakutan sendiri, takut gk bsa nyiyir lagi.
apa lagi si paling aktris itu org kurg kerjaan",2025-03-24 14:00:49+00:00,negatif
Yang gak setuju gay.. 😜,2025-03-24 14:00:27+00:00,negatif
Saya ingin membenarkan ruu tni!! Dan tidak ada nama nya dwingfungsi itu untuk dlu waktu zaman orde baru kalo sekarang beda tentara nya sekarang harus pensiun dlu dan ngerti gak sih!!!!!,2025-03-24 13:58:36+00:00,negatif
sebenarnya foto koruptor dan keluarganya di pajang di sekolahan kampus biar maluuu seumur hidupnya,2025-03-24 13:44:35+00:00,negatif
😂,2025-03-24 13:41:23+00:00,positif
🗿,2025-03-24 13:38:30+00:00,positif
panji kayak yg tau aja,2025-03-24 13:38:23+00:00,netral
aku lebih percaya TNI daripada polisi,2025-03-24 13:38:05+00:00,negatif
RUU TNI = HAMA,2025-03-24 13:37:48+00:00,netral
🙏🏻,2025-03-24 13:37:35+00:00,positif
😂,2025-03-24 13:36:51+00:00,positif
"contoh gampang nya petrus, widji thukul dll",2025-03-24 13:36:30+00:00,positif
😭,2025-03-24 13:36:15+00:00,positif
🗿,2025-03-24 13:34:58+00:00,positif
ih serem ya,2025-03-24 13:25:16+00:00,positif
makin hari Indonesia makin kek ajg pemerintahan nya ehhh,2025-03-24 13:22:22+00:00,negatif
😁,2025-03-24 13:21:43+00:00,positif
ngeri yaa,2025-03-24 13:19:02+00:00,netral
🤣,2025-03-24 13:17:07+00:00,positif
makin g jelas ni,2025-03-24 13:16:41+00:00,negatif
😂,2025-03-24 13:16:03+00:00,positif
🥰,2025-03-24 13:12:45+00:00,positif
🥰,2025-03-24 13:12:14+00:00,positif
🥺,2025-03-24 13:06:18+00:00,positif
😝,2025-03-24 13:04:47+00:00,positif
ini apaan si suruh aja Prabowo tolak gitu aja susah amat suruh probowo,2025-03-24 13:02:19+00:00,netral
😏,2025-03-24 11:18:43+00:00,positif
tolak balak ruutni,2025-03-24 11:18:16+00:00,negatif
"ya buat keamanan semuanya
kayaknya",2025-03-24 11:17:23+00:00,positif
"perasaan sama aj mau orde baru mau enggak,korupsi tetap aja pd didiemin sampai kejagung usut tuntas pun kejagung nya mlh di demo masyarakat",2025-03-24 11:16:42+00:00,negatif
😁,2025-03-24 11:12:53+00:00,positif
"apakah setelah ini kita akan pakai ""pernapasan Amerika""? ☠️",2025-03-24 11:12:47+00:00,negatif
orang jahat pasti. takut RUU TNI di sah kan.,2025-03-24 11:08:38+00:00,negatif
RUU TNI HAMA🤪,2025-03-24 11:08:13+00:00,positif
kesian la kome ni stay strong tau😞,2025-03-24 11:05:32+00:00,negatif
😂,2025-03-24 11:03:42+00:00,positif
🥰,2025-03-24 11:03:12+00:00,positif
yang jelas ketua nya aja ketakutan soal korupsi kali makanya pengen cepet di sahkan,2025-03-24 11:00:27+00:00,negatif
KACAU.,2025-03-24 10:55:29+00:00,negatif
"woppp, otw nabung beli vest lvl 3",2025-03-24 10:50:12+00:00,netral
RUU TNI di demo. RUU KUHAP aman wkwkwkwk lawak!!!!,2025-03-24 10:43:21+00:00,negatif
"padahal setiap rancangan uu yang mau dibuat dpr rata rata kontradiktif, kok buzzer mau ya dukungnya😹",2025-03-24 10:41:27+00:00,netral
sekarang aja dudukin dpr,2025-03-24 10:41:11+00:00,netral
#kaburajadulu,2025-03-24 10:40:37+00:00,negatif
💀,2025-03-24 10:40:04+00:00,positif
ini bukan tentang RUU TNI. tapi sakitnya kalah dalam kontestasi,2025-03-24 10:37:26+00:00,negatif
para koruptor langsung hilang tanpa kabar🤣🤣,2025-03-24 10:35:59+00:00,negatif
bubar aja lah Indonesia,2025-03-24 10:31:14+00:00,negatif
jadi ruu TNI ini bertujuan untuk menyusahkan rakyat?,2025-03-24 10:30:04+00:00,negatif
😁,2025-03-24 10:27:28+00:00,positif
😹,2025-03-24 10:27:02+00:00,positif
😂,2025-03-24 10:22:57+00:00,positif
Bahaya,2025-03-24 10:22:38+00:00,netral
😁,2025-03-24 10:21:32+00:00,positif
🙏,2025-03-24 10:09:32+00:00,positif
😂,2025-03-24 10:04:24+00:00,positif
coba liat vt nya @benpro.tv,2025-03-24 07:22:00+00:00,positif
🥰,2025-03-24 07:21:19+00:00,positif
santai aja kawan gk bakal ke orde baru kok itu cuma isu,2025-03-24 07:20:27+00:00,netral
kasian gen Beta baru lahir udh kacau negara nya🙂,2025-03-24 07:13:41+00:00,positif
🥰,2025-03-24 07:13:40+00:00,positif
Jalan pintas biar g ketahuan korupsi,2025-03-24 07:13:23+00:00,negatif
😁,2025-03-24 07:12:23+00:00,positif
ini negara mau ngecopy Korea Utara bjir😹,2025-03-24 07:10:15+00:00,negatif
🥰,2025-03-24 07:08:41+00:00,positif
gunanya Pancasila apa,2025-03-24 07:04:37+00:00,netral
🥰,2025-03-24 07:04:19+00:00,positif
orang yang korupsi bilek: asik gw GK ketahuan lagi,2025-03-24 07:00:06+00:00,negatif
indonesia tambah hari tambah para dan tambah kaya anjing,2025-03-24 06:55:51+00:00,negatif
🗿,2025-03-24 06:53:35+00:00,positif
🥰,2025-03-24 06:53:35+00:00,positif
😁,2025-03-24 06:52:28+00:00,positif
😂,2025-03-24 06:48:25+00:00,positif
pengen cepet cepet aman korup,2025-03-24 06:46:05+00:00,negatif
prabowo kan TNI bener ga,2025-03-24 06:44:24+00:00,netral
😏,2025-03-24 06:43:37+00:00,positif
🗿,2025-03-24 06:43:13+00:00,positif
🗿,2025-03-24 06:42:56+00:00,positif
😅,2025-03-24 06:39:06+00:00,positif
🥰,2025-03-24 06:38:33+00:00,positif
oh dpr mau korupsi kali jadi nya disahkan ruu tni,2025-03-24 06:38:15+00:00,negatif
lama lama indonesia kaya korut😔,2025-03-24 06:36:48+00:00,positif
😭😭😭,2025-03-24 06:35:32+00:00,positif
😂,2025-03-24 06:32:40+00:00,positif
🗿,2025-03-24 06:30:55+00:00,positif
🥰🥰🥰,2025-03-24 06:30:20+00:00,positif
"koyok e pemerintah mu iki wes ora mampu ngurusi rakyat mangkane butuh babu TNI
rodok males ncn pemerintah e kakean omong genok tindakan
#tolak RUU TNI",2025-03-24 04:32:26+00:00,negatif
emang RUU TNI jadi nya apa?,2025-03-24 04:28:39+00:00,negatif
"yg tolak RUU tni mereka tuh SDM rendah fomo gamau baca, demo merepotkan aparat, dukung yang fyp tanpa melihat fakta yang sebenarnya 😹🤣",2025-03-24 04:25:31+00:00,negatif
sepertinya kita sudah berada di jaman Keymal Ataturk,2025-03-24 04:23:49+00:00,positif
"unfortunately... guess your people need to shut up from talking bad about other countries, that's good..",2025-03-24 04:22:45+00:00,negatif
apa iya puan korupsi makanya sah in ruu tni biar ga ketauan,2025-03-24 04:21:00+00:00,negatif
👏,2025-03-24 04:20:59+00:00,positif
🤝,2025-03-24 04:19:43+00:00,positif
😁,2025-03-24 04:15:31+00:00,positif
pengen pindah negara 😭,2025-03-24 04:15:09+00:00,negatif
😭,2025-03-24 04:12:40+00:00,positif
🥰🥰🥰,2025-03-24 04:09:35+00:00,positif
kalok pak prabowo yang suruh kita suara ingin mendengarkan suara masyarakat gimana tuh,2025-03-24 04:01:08+00:00,negatif
bng kenapa kalo mimpi horor itu tubuh kita kaya ga bisa gerak,2025-03-24 03:58:23+00:00,negatif
😭,2025-03-24 03:55:24+00:00,positif
😂,2025-03-24 03:55:21+00:00,positif
harus d refisi tuh kayak hukum ngak berlaku buat pejabat,2025-03-24 03:53:29+00:00,negatif
🤣,2025-03-24 03:50:49+00:00,positif
negara demokrasi. tp rakyat cm bs pasrah dn gk pny hak suara?,2025-03-24 03:43:11+00:00,negatif
ahaha jadi kaya Korea Utara ya.,2025-03-24 03:42:23+00:00,negatif
😭,2025-03-24 03:38:03+00:00,positif
😭,2025-03-24 03:36:39+00:00,positif
nggak usah bayar pajak 1 tahun semua Indonesia biar nggak bisa korupsi heheh🗿,2025-03-24 03:31:49+00:00,negatif
welcome back petrus,2025-03-24 03:30:18+00:00,positif
😁,2025-03-24 03:26:23+00:00,positif
#kaburajadulu😹😹😹😹,2025-03-24 03:23:32+00:00,positif
😹,2025-03-24 03:22:14+00:00,positif
🙏🏻,2025-03-24 03:21:21+00:00,positif
"intuk adik"" belajar giat biar pintar biar bisa pindah negara",2025-03-24 03:20:45+00:00,positif
pak SBY juga mantan tentara tpi peraturan yg dibuat rata2 fokus ke pendidikan dan kepentingan masyarakat kecil,2025-03-24 03:18:05+00:00,netral
🗿,2025-03-24 01:38:50+00:00,positif
apakah kita jadi seperti anak² di pulau marley😭😭😭,2025-03-24 01:38:46+00:00,positif
🥰🥰🥰,2025-03-24 01:30:13+00:00,positif
#tolak ruutni,2025-03-24 01:30:04+00:00,negatif
dan akhirnya tragedi bimasakti 1995 keulang lagi🗿,2025-03-24 01:29:29+00:00,negatif
beneran harus kaburajadulu kayanya,2025-03-24 01:28:47+00:00,negatif
😇,2025-03-24 01:26:37+00:00,positif
"""pretty girl tidak bercerita, tapi demo ke pratu"" 😂😭",2025-03-24 01:26:02+00:00,netral
😳,2025-03-24 01:18:53+00:00,positif
"sperti biasa yg di salahkan psti presiden,, pdhl yg meng sah kan RUU tu DPR,, ketua DPR siapa adik²?? 😂😂,, iya bner skali cucu dr hasirama senju 🤣🤣",2025-03-24 01:17:46+00:00,negatif
😁,2025-03-24 01:17:00+00:00,positif
🗿,2025-03-24 01:16:15+00:00,positif
"#indonesia tidak baik"" saja",2025-03-24 01:13:20+00:00,negatif
@shivvjeu_09 negara gaje,2025-03-24 01:08:58+00:00,negatif
🔥,2025-03-24 01:00:35+00:00,positif
❤❤❤,2025-03-24 01:00:13+00:00,positif
#tolakrevisiruutni [photo],2025-03-24 00:53:41+00:00,negatif
😂,2025-03-24 00:53:30+00:00,positif
tolak Ru Tnni,2025-03-24 00:52:47+00:00,positif
🤣,2025-03-24 00:52:28+00:00,positif
🔥,2025-03-24 00:49:57+00:00,positif
#TolakRUUTNI,2025-03-24 00:48:59+00:00,negatif
malah makin aneh🗿,2025-03-24 00:43:26+00:00,netral
😂,2025-03-24 00:39:03+00:00,positif
😭,2025-03-24 00:34:20+00:00,positif
ini gakpapa kan aku takut....😨😰,2025-03-24 00:33:48+00:00,negatif
😳,2025-03-24 00:30:58+00:00,positif
lengserkan presiden,2025-03-24 00:29:52+00:00,positif
🥺🥺🥺,2025-03-24 00:28:59+00:00,positif
Logika aja koruptor di tangkep cuma buat pemain baru masuk bukanya UUD KORUPTR di perkuat malah uud lain ya di barengin dong apapun UUD KORPT DAHULKAN DEMI KEMASLAHATAN ORANG BANYAK!!!!!!!!!,2025-03-24 00:28:26+00:00,negatif
😁,2025-03-23 22:22:11+00:00,positif
"tapi korupsi besar besaran mlh terungkap,",2025-03-23 22:22:03+00:00,negatif
🥰,2025-03-23 22:18:30+00:00,positif
duit lebaran beli udud❎️duit lebaran beli rompi anti pelor💀✅️,2025-03-23 22:17:45+00:00,negatif
😻,2025-03-23 22:16:50+00:00,positif
🔥,2025-03-23 22:16:45+00:00,positif
"JANGAN SALAHKAN PRESIDEN, INGAT INI ULAH DPR!!! JANGAN KEGIRING BUZZEER HINA CIPTAAN KORUPTOR!!!",2025-03-23 22:12:32+00:00,negatif
😊,2025-03-23 22:11:07+00:00,positif
KKN terulang lagi nih kaya pas orde baru,2025-03-23 22:10:52+00:00,negatif
"demen banget nyiksa rakyat
suatu hari akan datang seseorang dan menyelamatkan orang Indonesia dari era kegelapan ini",2025-03-23 22:08:48+00:00,positif
😹😹😹,2025-03-23 22:08:45+00:00,positif
🥰,2025-03-23 22:05:43+00:00,positif
make ni negara,2025-03-23 22:03:58+00:00,negatif
😂,2025-03-23 22:03:32+00:00,positif
go too American,2025-03-23 22:00:57+00:00,negatif
😁,2025-03-23 22:00:25+00:00,positif
🥰,2025-03-23 21:58:18+00:00,positif
yauda si #lari aja dulu,2025-03-23 21:57:26+00:00,negatif
😃,2025-03-23 21:56:07+00:00,positif
ganti DPR jadi DPP,2025-03-23 21:55:07+00:00,netral
#TolakRuuTni,2025-03-23 21:54:27+00:00,negatif
"Orang yang heboh cuman ikut ikutan bang, orang yang tau gak bakal nolak kok, kurang literasi aja",2025-03-23 21:54:26+00:00,negatif
🤲,2025-03-23 21:54:16+00:00,positif
😢,2025-03-23 21:53:24+00:00,positif
ga ekspek ke mesjid bawa ak-47,2025-03-23 21:51:16+00:00,netral
🥰,2025-03-23 21:49:49+00:00,positif
😹,2025-03-23 21:49:22+00:00,positif
sumpah dah emang mereka udah perhitungin apa masa depan indonesia,2025-03-23 21:49:21+00:00,positif
waduh masih boleh nonton film kayak anime sama k-pop,2025-03-23 21:45:08+00:00,negatif
"setau gue klo ruu tni itu, cuman untuk yg tni dan istri tni, sama ank tni🙏🏻(setau gue)",2025-03-23 21:43:52+00:00,positif
😁,2025-03-23 20:03:18+00:00,positif
DPR anjingg asuuu,2025-03-23 19:58:59+00:00,netral
🤣,2025-03-23 19:58:50+00:00,positif
mau pindah warga negara aja aku lah dada see you indo,2025-03-23 19:26:36+00:00,negatif
s2,2025-03-23 19:24:29+00:00,netral
🥰,2025-03-23 19:15:55+00:00,positif
😃,2025-03-23 19:13:17+00:00,positif
Ga kebayang ke sekolah bawa AK 47 🗿,2025-03-23 19:12:39+00:00,positif
😂,2025-03-23 19:11:44+00:00,positif
Mulai ada sosmed kok tambah pusing ya.,2025-03-23 19:04:54+00:00,negatif
kabur aja dulu,2025-03-23 19:00:41+00:00,negatif
@partaigerindra iki nyapo min deloken kui pora melas karo rakyat,2025-03-23 18:59:02+00:00,negatif
#Tolakruutni,2025-03-23 18:58:15+00:00,negatif
🗿,2025-03-23 18:57:18+00:00,positif
😁,2025-03-23 18:50:49+00:00,positif
🥰,2025-03-23 18:48:23+00:00,positif
aku yang orang malaysia tak paham apa² 🗿,2025-03-23 18:47:44+00:00,negatif
@enomanik,2025-03-23 18:41:58+00:00,positif
Lah.. brrti ini mh gosip lama yg terealisasi donk 😌 kmbali k jaman orba 🙏,2025-03-23 18:41:35+00:00,negatif
😭,2025-03-23 18:40:54+00:00,positif
😁,2025-03-23 18:39:31+00:00,positif
😄,2025-03-23 18:38:53+00:00,positif
😁,2025-03-23 18:34:27+00:00,positif
🥰,2025-03-23 18:19:39+00:00,positif
😁,2025-03-23 18:19:38+00:00,positif
"lagi nunggu RUU
istri 2 bulan di tingga suami merantau maka akan di sita negara.",2025-03-23 18:14:40+00:00,negatif
"RUU PERAMPASAN ASET kok gak di demo untuk segera di sahkan ya, kemana nih mahasiswa & mahasiswi kok gak ada suara untuk pengesahan ruu perampasan aset koruptor 🤔🙄🙄🙄🙄🤔🤔🤔🤔🤔",2025-03-23 18:09:25+00:00,negatif
🥰,2025-03-23 18:07:39+00:00,positif
Ni para pjbt pengen ngga ketahuan korup nya ngga sih?,2025-03-23 18:03:25+00:00,negatif
😂,2025-03-23 18:00:52+00:00,positif
😁,2025-03-23 15:56:32+00:00,positif
😁,2025-03-23 15:55:47+00:00,positif
😂,2025-03-23 15:54:43+00:00,positif
RUU TNI disahkan senjata api dilegalkan baru masyarakat bakalan nerima,2025-03-23 15:54:05+00:00,negatif
bang hati2 hilang bang,2025-03-23 15:53:42+00:00,negatif
🗿,2025-03-23 15:52:53+00:00,positif
"ga heran sih kalo si puan mau biki RUU TNI , soalnya kan PDI banyak yang korupsi , jadi nyari aman biar korupsi nya lancar",2025-03-23 15:51:27+00:00,negatif
"- Selamat dari kiamat 2012
- Pandemi Covid 19
- Jadi bahan percobaan kurikulum
- Korupsi Pertamax,timah,emas,pagar laut,dll .
tambahin yang banyak gw lupa soalnya",2025-03-23 15:49:15+00:00,negatif
🥰,2025-03-23 15:47:26+00:00,positif
Lah DPR yang tukang korup ya jelas pengen cepet di lakuin,2025-03-23 15:45:28+00:00,negatif
#TOLAK RUU TNI,2025-03-23 15:44:37+00:00,positif
Kalo d sah kan udh gabisa lagi rakyat jelata kyk kita viral viral kan bobroknya pemerintahan 😩,2025-03-23 15:41:57+00:00,negatif
pindah aja lah pindah,2025-03-23 15:39:54+00:00,negatif
bg bahas ruu kejaksaan juga,2025-03-23 15:37:53+00:00,positif
negara anjing,2025-03-23 15:37:35+00:00,positif
😭,2025-03-23 15:34:57+00:00,positif
saya sebagai rakyat Malaysia mendoakan supaya ruu tni tidak dilaksanakan di Indonesia semoga saudara kita berada dalam keadaan yang baik,2025-03-23 15:32:17+00:00,negatif
🥰,2025-03-23 15:31:02+00:00,positif
😂,2025-03-23 15:30:35+00:00,positif
TOLAK RUU TNI🔥,2025-03-23 15:30:31+00:00,positif
🥰,2025-03-23 15:25:04+00:00,positif
aloy pos u,2025-03-23 15:22:51+00:00,positif
siapa yg bikin ruu tni...itulah dalang ke2 korupsi..,2025-03-23 15:22:29+00:00,negatif
apakah ini akan menjadikan anak muda Indonesia akan berpindah WN?,2025-03-23 15:21:33+00:00,negatif
😁,2025-03-23 15:20:08+00:00,positif
sangat mendukung RUU TNI 🔥🔥,2025-03-23 15:19:35+00:00,positif
@no name,2025-03-23 15:17:44+00:00,negatif
👀,2025-03-23 15:16:35+00:00,positif
🙏,2025-03-23 13:12:21+00:00,positif
😂,2025-03-23 13:11:02+00:00,positif
😂,2025-03-23 13:08:41+00:00,positif
🥰,2025-03-23 13:07:47+00:00,positif
@izshhan14,2025-03-23 13:07:20+00:00,positif
@ManusiaSuper?? @impossible ntar ke sekolah bawa bekal SG 2 pendek🗿,2025-03-23 13:06:07+00:00,negatif
takut di salah gunakan,2025-03-23 13:04:50+00:00,negatif
😭,2025-03-23 13:03:10+00:00,positif
😂,2025-03-23 13:01:49+00:00,positif
🥺,2025-03-23 12:56:46+00:00,positif
🥰,2025-03-23 12:56:45+00:00,positif
🥺,2025-03-23 12:56:44+00:00,positif
🙏,2025-03-23 12:54:55+00:00,positif
jdi bagusnya tolak apa terima nih,2025-03-23 12:52:40+00:00,negatif
♥️,2025-03-23 12:52:06+00:00,positif
@dis👑,2025-03-23 12:49:45+00:00,positif
🥰,2025-03-23 12:48:06+00:00,positif
dia yg bikin undang² jdi bebas korupsi karna bisa direvisi undang²nya biar ga di penjara 🗿,2025-03-23 12:41:01+00:00,negatif
🗿,2025-03-23 12:40:25+00:00,positif
yg nolak RUU TNI g*bl*k,2025-03-23 12:39:19+00:00,negatif
rapat DPR ga dipublikasi bikin ruu rakyat ga dikasih tau setransparan ini kah wakil rakyat kita 🗿🗿,2025-03-23 12:39:01+00:00,negatif
Gasss demoo,2025-03-23 12:35:37+00:00,negatif
😬😬😬,2025-03-23 12:33:21+00:00,positif
😁,2025-03-23 12:28:59+00:00,positif
yg menolak pendukung wabah semua🤣,2025-03-23 12:27:53+00:00,negatif
nyesel kan kalian pilih presiden Prabowo yang tidak berguna itu 🤣 kan pas acara capres doang ini itu 🤣,2025-03-23 12:24:34+00:00,negatif
😁,2025-03-23 12:22:49+00:00,positif
"Indonesia menuju emas❌
Indonesia menuju cemas✅
kasian Ama pahlawan yang dulu perjuangin nih negara eh ujung ujungnya di babat abis Ama yg katanya DEMI RAKYAT",2025-03-23 12:22:45+00:00,positif
konoha konoha,2025-03-23 12:22:04+00:00,netral
makanya lbh baik #kaburajadulu,2025-03-23 12:21:59+00:00,netral
#TolakRuutni😹,2025-03-23 10:31:41+00:00,positif
🥰,2025-03-23 10:31:31+00:00,positif
g kebayang nanti 2035 salah gerak dikit di pepeng🤭,2025-03-23 10:31:02+00:00,negatif
🙃,2025-03-23 10:29:55+00:00,positif
puan=hama,2025-03-23 10:28:34+00:00,netral
😇,2025-03-23 10:24:39+00:00,positif
😂,2025-03-23 10:23:36+00:00,positif
😁,2025-03-23 10:20:13+00:00,positif
Prabowo manis di awal pahit di ahkir,2025-03-23 10:19:24+00:00,negatif
#kaburajadulu,2025-03-23 10:19:04+00:00,negatif
🥰,2025-03-23 10:18:42+00:00,positif
INDONESIA EMAS 😹😹,2025-03-23 10:18:12+00:00,positif
"jadi kan ruutni udh di sahkan, kita diatur militer?",2025-03-23 10:14:58+00:00,negatif
negara apa kaya gini coy??,2025-03-23 10:11:27+00:00,negatif
😂,2025-03-23 10:09:32+00:00,positif
"padahal kalo suatu pemerintahan dikritik masyarakat berarti didalam suatu lembaga tsb ada yg perlu di evaluasi, bukan malah ngesahin RUU TNI. MIRISSSSS !!!",2025-03-23 10:09:08+00:00,negatif
#TOLAKRUUTNI,2025-03-23 10:04:03+00:00,negatif
😃,2025-03-23 10:00:27+00:00,positif
😏😏😏,2025-03-23 09:59:05+00:00,positif
jadi ingat lagu gus dur 😌,2025-03-23 09:58:39+00:00,netral
"Membubarkan DPR (Dewan Perwakilan Rakyat) di Indonesia bukan perkara mudah karena sistem ketatanegaraan Indonesia tidak memberi kewenangan kepada presiden atau pihak lain untuk membubarkannya secara langsung. Namun, ada beberapa skenario yang secara teori bisa menyebabkan DPR kehilangan fungsinya atau mengalami perubahan signifikan:
1. Amandemen UUD 1945
UUD 1945 harus diamandemen untuk mengubah atau menghapus eksistensi DPR.
Amandemen dilakukan oleh MPR (yang terdiri dari DPR dan DPD) dengan persetujuan minimal 2/3 anggota yang hadir dalam sidang dan harus disetujui oleh lebih dari 50% dari seluruh anggota MPR.
2. Krisis Politik Besar dan Tekanan Publik
Gerakan rakyat yang sangat besar (demonstrasi, mogok nasional, dll.) bisa memaksa perubahan sistem politik, seperti yang terjadi pada Reformasi 1998 yang mengakhiri kekuasaan Orde Baru.
Namun, ini hanya mungkin jika ada dukungan luas dari berbagai elemen masyarakat dan politik.
3. Intervensi Militer atau Kudeta
Dalam sejarah berbagai negara, DPR atau lembaga legislatif sering dibubarkan melalui kudeta militer atau pengambilalihan kekuasaan oleh pihak tertentu.
Namun, ini bertentangan dengan prinsip demokrasi dan konstitusi Indonesia.
4. Pembubaran oleh Mahkamah Konstitusi atau Mekanisme Hukum Lain
Saat ini, tidak ada mekanisme hukum yang memungkinkan Mahkamah Konstitusi (MK) membubarkan DPR.
Namun, jika ada kasus pelanggaran konstitusi besar-besaran, bisa saja muncul aturan baru yang memungkinkan hal tersebut.
5. Referendum Nasional
Jika ada desakan rakyat yang sangat kuat, bisa saja dilakukan referendum nasional untuk mengubah sistem ketatanegaraan.
Namun, mekanisme referendum di Indonesia saat ini belum diatur secara spesifik dalam konstitusi.
Secara praktik, membubarkan DPR hampir tidak mungkin kecuali ada perubahan besar dalam sistem politik dan hukum Indonesia. Yang lebih realistis adalah mendorong reformasi DPR agar lebih transparan, akuntabel, dan benar-benar mewakili kepentingan rakyat.",2025-03-23 09:58:29+00:00,negatif
indonesia malu ih,2025-03-23 09:55:58+00:00,negatif
"rapat diam-diam, pengen banget menguasai negara ini 🗿",2025-03-23 09:47:50+00:00,positif
idiosiaea♥️,2025-03-23 09:47:34+00:00,positif
kan udh dblng bakal kaya jamannya pa harto,2025-03-23 09:47:21+00:00,netral
puan sumbing,2025-03-23 09:47:20+00:00,positif
😁,2025-03-23 09:47:17+00:00,positif
🥰,2025-03-23 09:46:31+00:00,positif
@ithaaaa,2025-03-23 09:45:27+00:00,negatif
cita² ku ingin pindah negara ke 🇰🇷,2025-03-23 09:42:57+00:00,negatif
😋,2025-03-23 08:03:58+00:00,positif
😁,2025-03-23 08:03:00+00:00,positif
🥰,2025-03-23 07:57:01+00:00,positif
🤲,2025-03-23 07:56:50+00:00,positif
nah makanya jangan pilih presiden tentara 😹,2025-03-23 07:55:25+00:00,negatif
woiii apaan sih ini gua gregettt bangetttttt astaga,2025-03-23 07:54:06+00:00,negatif
🗿,2025-03-23 07:46:53+00:00,positif
😻,2025-03-23 07:46:51+00:00,positif
lah makin gk bener aja Indonesia,2025-03-23 07:46:37+00:00,negatif
🤣🤣🤣,2025-03-23 07:45:04+00:00,positif
😁,2025-03-23 07:42:29+00:00,positif
sama aja melindungi koruptor gak si 🙏,2025-03-23 07:41:42+00:00,negatif
PINDAH PLANET AJA LAH SEKALIAN 😭😭,2025-03-23 07:40:03+00:00,negatif
emang paling bener damkar sih✨,2025-03-23 07:37:05+00:00,positif
bawa wifi kali ayo kita ke marss,2025-03-23 07:36:23+00:00,netral
ganti aja ketua DPR nya 😏,2025-03-23 07:35:50+00:00,netral
untung tempat gw aman,2025-03-23 07:35:39+00:00,negatif
💔,2025-03-23 07:30:48+00:00,positif
"kode:87663
nama:adminRuutNi21
bug: code//Garuda2//clear.com/F2C7ryt
bug code: bugsett22",2025-03-23 07:30:43+00:00,negatif
"siap"" seluruh gen sekolah bawa SG 2",2025-03-23 07:29:56+00:00,positif
🥰,2025-03-23 07:29:04+00:00,positif
😊,2025-03-23 07:28:27+00:00,positif
udh merdekakan saja tiap provinsi yang ada di Indonesia dan bubarkan Indonesia,2025-03-23 07:25:45+00:00,negatif
liat alesan pala calon tni aja udh gk bener ini malah ada ruu tni,2025-03-23 07:22:37+00:00,negatif
Di jajah di negara sendiri 🔥🔥🔥,2025-03-23 07:22:08+00:00,positif
mungkin ini cara pada koruptor lebih aman mknya mungkin di muncul kan ruu tni,2025-03-23 07:21:54+00:00,negatif
♥️,2025-03-23 07:21:47+00:00,positif
"list yang mau pindah negara (korsel)
-gue",2025-03-23 07:18:33+00:00,negatif
🥺,2025-03-23 07:16:35+00:00,positif
#DUKUNGRUUTNI,2025-03-23 07:16:01+00:00,negatif
Pindah ke negara lain aja ayo,2025-03-23 05:12:31+00:00,negatif
"@Aqilaa-🦖🦖:aamiin kaaa, padahal yang ngajuin RUU TNI itu PAK JOKOWI",2025-03-23 05:12:24+00:00,negatif
😍,2025-03-23 05:11:20+00:00,positif
😁,2025-03-23 05:10:19+00:00,positif
a,2025-03-23 05:08:25+00:00,positif
bagusan di korut ga sih,2025-03-23 05:08:14+00:00,negatif
mksdnya orang nya hilang itu apa?,2025-03-23 05:07:55+00:00,negatif
🙏,2025-03-23 05:07:32+00:00,positif
😄,2025-03-23 05:07:32+00:00,positif
🙏,2025-03-23 05:07:28+00:00,positif
😄,2025-03-23 05:07:27+00:00,positif
🙏,2025-03-23 05:07:26+00:00,positif
😄,2025-03-23 05:07:24+00:00,positif
🙏,2025-03-23 05:07:23+00:00,positif
😄,2025-03-23 05:07:23+00:00,positif
😂,2025-03-23 05:05:21+00:00,positif
#kaburajadulu,2025-03-23 05:02:15+00:00,negatif
"TOLAK RUU TNI!!
Apalah RUU TNI,kita ngidolain kpop aja di tangkep🙄🙄gays yg kpopers pindah alam yuk,gw bawak🗿",2025-03-23 05:02:15+00:00,negatif
💀,2025-03-23 05:02:14+00:00,positif
takut banget kaya palestina...,2025-03-23 04:59:16+00:00,negatif
#KaburHajaDulu#,2025-03-23 04:56:30+00:00,negatif
"tolak RUU TNI,..ORBA BARU akan lahir kmbli...",2025-03-23 04:53:32+00:00,positif
"di paksa sehat di negara yang sakit,pengen pindah negara aja bawaan nya",2025-03-23 04:48:03+00:00,negatif
@C,2025-03-23 04:47:41+00:00,positif
jadi inget kisah marsinah,2025-03-23 04:42:17+00:00,negatif
yeee tau gitu gw lahir di ausie aje...,2025-03-23 04:41:33+00:00,negatif
oh berarti intinya kalo kita ngungkapin korup langsung di dorr mangkanya di buat ruu biar hening ga ada kekerasan tapi indo indo bisa bangkrut kalo salah mohon di koreksi 🙏,2025-03-23 04:37:02+00:00,negatif
😁,2025-03-23 04:36:51+00:00,positif
"zaman orde baru kata bapakku, pak Harto pro petani. bahkan Dy turun langsung, bibit padi murah beras mahal, tp Bulog murah JD padi petani d bayar mahal kalau d jual🙏petani rata2 pengen kaya orde baru",2025-03-23 04:35:25+00:00,negatif
"kata bapakku yang ada d orde baru sampe sekarang,memang itu yg bagus😁pas zaman pak Harto ga ada begal, ga ada mafia khusunya d Medan... yg sekarang bikin garuk kepala... katanya malah bagus.🙏",2025-03-23 04:32:49+00:00,negatif
liat ini pak Jokowi 😔🙏,2025-03-23 03:14:07+00:00,positif
Indonesia makin kacau,2025-03-23 03:13:36+00:00,negatif
negara GENDENG cik😠😮‍💨😒,2025-03-23 03:13:01+00:00,positif
iya lah di kebut biar pejabat bebas korup 😏,2025-03-23 03:09:31+00:00,negatif
gw mau bawa dbs,2025-03-23 03:03:19+00:00,netral
petrus jir💀 penembak misterius kembali kah? 💀,2025-03-23 03:01:58+00:00,negatif
😂,2025-03-23 03:01:13+00:00,positif
@gerindra,2025-03-23 03:01:05+00:00,positif
"DPR ( Dewan Perwakilan Rakyat ), rakyat menolak RUU TNI sebagai DPR harusnya mendengarkan Rakyat malah di abaikan jadi DPR tugas sebenarnya apa?",2025-03-23 03:00:09+00:00,negatif
@💤 udah liat kak,2025-03-23 02:55:14+00:00,negatif
😁,2025-03-23 02:53:29+00:00,positif
Rencana terakhir korup supaya bisa jalan terus. korupsi 🗿,2025-03-23 02:53:05+00:00,negatif
kok gw jadi muak ya jadi wni😥,2025-03-23 02:52:34+00:00,negatif
#TOLAKRUUTNI,2025-03-23 02:51:23+00:00,negatif
tolak RUU TNI,2025-03-23 02:49:59+00:00,positif
🥰,2025-03-23 02:49:17+00:00,positif
"NAIKIN HASTAG INI GUYS!!
#TolakRUUTNI
#TolakRevisiUUTNI
#PeringatanDarurat
#IndonesiaGelap
#TolakDwifungsiABRI",2025-03-23 02:48:01+00:00,negatif
😳😳😳,2025-03-23 02:47:02+00:00,positif
😂,2025-03-23 02:45:28+00:00,positif
tik tok anjing,2025-03-23 02:41:20+00:00,negatif
🥰,2025-03-23 02:39:55+00:00,positif
bulan ramadhan banyak pengaduan langsung ke Allah. krna banyaknya kedzoliman pemerintah. mkin bnyak bertia macam bgini makin takut. bukan takut kepada pemerintahan. takut krna ulah pemerintah rakyat hrus merasakan musibah,2025-03-23 02:39:37+00:00,negatif
Ini tuh emg udh di sepakati presiden?,2025-03-23 02:37:55+00:00,negatif
😁,2025-03-23 02:37:45+00:00,positif
😳,2025-03-23 02:34:26+00:00,positif
emang negara korup,2025-03-23 02:34:13+00:00,negatif
😳,2025-03-23 02:32:09+00:00,positif
ke sekolah bawa ak sama sg2 🗿,2025-03-23 02:31:52+00:00,positif
selama ada PDI Indonesia hancur,2025-03-23 02:31:01+00:00,negatif
kayak udah lahir ae wktu orba,2025-03-23 02:30:52+00:00,negatif
😁,2025-03-23 00:47:40+00:00,positif
ga phm,2025-03-23 00:45:20+00:00,netral
"kalian ge peer man yg jd menterinya, jgn nanggung2. waallahu a'lam🙏",2025-03-23 00:44:35+00:00,negatif
"MASIH GA NGERTI, TPI INI BAHAYA GA?",2025-03-23 00:44:19+00:00,negatif
bisa bisa Pancasila no 2&5 gak kepake lagi 😞,2025-03-23 00:40:44+00:00,netral
😭,2025-03-23 00:40:23+00:00,positif
lah koq pikirannku tentng berita pak prabowo dlu jd knytaaan,2025-03-23 00:37:42+00:00,negatif
🥰,2025-03-23 00:36:21+00:00,positif
#TolakRuuTni,2025-03-23 00:33:20+00:00,negatif
😳😳😳,2025-03-23 00:31:07+00:00,positif
🗿,2025-03-23 00:29:36+00:00,positif
"di sahkan nya RUU, mempermudah untuk terjadinya kudeta militer",2025-03-23 00:28:42+00:00,positif
tiba uang negara tinggal 5k 😅🫢,2025-03-23 00:25:56+00:00,negatif
INDONESIA UDAH RUSAK!,2025-03-23 00:22:49+00:00,negatif
😂,2025-03-23 00:21:38+00:00,positif
gak perlu di jelaskan yg lahir THN 70 an lebih paham,2025-03-23 00:19:35+00:00,negatif
🙏,2025-03-23 00:18:33+00:00,positif
TOLAK,2025-03-23 00:16:04+00:00,netral
#TOLAKRUUTNI,2025-03-23 00:15:25+00:00,negatif
fungsi nya buat apaan cuy,2025-03-23 00:15:07+00:00,positif
jadi nyesel milih si wowo😹,2025-03-23 00:14:34+00:00,negatif
RUU TNI DI KEBUT BUAT DI SAHKAN!! TAPI RUU PERAMPASAN ASET KORUPTOR DI ABAIKAN... CKCKCKCK HEBAT YA DPR,2025-03-23 00:14:12+00:00,negatif
😅,2025-03-23 00:11:52+00:00,positif
😂,2025-03-23 00:09:31+00:00,positif
puan maharani from israel,2025-03-23 00:09:29+00:00,negatif
😂,2025-03-23 00:08:42+00:00,positif
🥵,2025-03-23 00:07:15+00:00,positif
Padahal kan TNI udah ngejabat jd bekingan BD😅,2025-03-23 00:06:48+00:00,negatif
"Indonesia: Diem diem knp sih Bali santai kali???
Pulau-pulau: Gtw?
Bali: santai dulu gk sih 🗣️👁️👅👁️",2025-03-23 00:03:38+00:00,negatif
#TOLAKRUUTNI,2025-03-23 00:03:12+00:00,negatif
Trs apa isi revisi RUU TNI itu bang..???,2025-03-22 22:29:18+00:00,negatif
puan Maharani+hama Indonesia,2025-03-22 22:29:00+00:00,positif
🗿,2025-03-22 22:27:26+00:00,positif
😂,2025-03-22 22:26:38+00:00,positif
fedi nuril??? HAHAHAHA,2025-03-22 22:25:11+00:00,negatif
@gerindra @Gibran Rakabuming,2025-03-22 22:22:35+00:00,positif
"tenang
kita punya Allah🥲",2025-03-22 22:22:11+00:00,positif
"yang saya takutkan pak Prabowo menjadi presiden dari dulu
1. tegas dan kejam terhadap rakyat
1 dulu saja karena 2 dst agak bahaya
yah nikmatilah buat² pendukungnya pak Prabowo 😂😂😂",2025-03-22 22:18:37+00:00,positif
🥰,2025-03-22 22:17:09+00:00,positif
#kaburajadulu,2025-03-22 22:16:26+00:00,negatif
#TolakRevisiRuuTni,2025-03-22 22:16:11+00:00,negatif
😂,2025-03-22 22:15:57+00:00,positif
😂,2025-03-22 22:08:41+00:00,positif
#tolakRUUTNI,2025-03-22 22:06:53+00:00,negatif
itu seperti di Cina sama aja kok😁👍,2025-03-22 22:05:40+00:00,negatif
ada 3 jenis manusia 🗿 [photo],2025-03-22 22:05:36+00:00,netral
😁,2025-03-22 22:05:35+00:00,positif
💓,2025-03-22 22:05:23+00:00,positif
#TOLAK RUU TNI‼️‼️‼️‼️‼️ramein hastagg ini guyss!!!,2025-03-22 22:04:30+00:00,negatif
makin aneh aneh aja ni negara jadi pengen pindah 🗿,2025-03-22 22:04:01+00:00,negatif
gini amat masa remaja gue,2025-03-22 22:03:24+00:00,netral
Puan P nya apa?,2025-03-22 22:02:47+00:00,negatif
😁,2025-03-22 22:02:31+00:00,positif
❤️,2025-03-22 22:01:27+00:00,positif
😂,2025-03-22 21:59:41+00:00,positif
puan pnya apa,2025-03-22 21:58:51+00:00,negatif
Indo mengikuti jejak Myanmar😂,2025-03-22 21:58:42+00:00,positif
😂,2025-03-22 21:58:07+00:00,positif
#tolakRUUTNI,2025-03-22 21:55:10+00:00,negatif
ini pak prabowo diem aja apa gimana?,2025-03-22 20:37:22+00:00,negatif
#TOLAKRUUTNI,2025-03-22 20:37:04+00:00,negatif
🤗,2025-03-22 20:35:43+00:00,positif
😁,2025-03-22 20:32:33+00:00,positif
WKKKKK BALIK BARAKKK,2025-03-22 20:30:45+00:00,negatif
BALIK KEBARAK SJA😂,2025-03-22 20:30:23+00:00,positif
gak kebayang sekolah bawa sg panjang chip tiga,2025-03-22 20:30:00+00:00,positif
😔,2025-03-22 20:29:07+00:00,positif
🥰,2025-03-22 20:28:16+00:00,positif
😂😂😂,2025-03-22 20:25:07+00:00,positif
menuju Indonesian cemas😹😹,2025-03-22 20:24:53+00:00,positif
"gak kebalik kah korupsi pasti ketangkep,buktinya pak presiden dah bilang berantas korupsi,enaknya ya para pembenci dan bikin hoak tau tau ilang",2025-03-22 20:24:04+00:00,negatif
😁,2025-03-22 20:23:35+00:00,positif
"Orde baru bangkit, PKI mulai ketar ketir 🤣🤣🤣",2025-03-22 20:22:35+00:00,negatif
"Makan tuh yang suka ngolok ngolok polisi 🤣 kata gua juga apa, kalau tni turun mengayomi masyarakat itu lebih keras dan lebih kejam daripada polisi 😝🤣",2025-03-22 20:21:36+00:00,negatif
😍😍😍,2025-03-22 20:21:07+00:00,positif
saya percaya bapak presiden Prabowo Subianto 👍👍👍,2025-03-22 20:16:07+00:00,positif
🥰,2025-03-22 20:14:54+00:00,positif
di repost king Aloy🤙🏻🤪,2025-03-22 20:09:16+00:00,positif
lebaran full set taliban brooo,2025-03-22 20:08:39+00:00,negatif
pantesan ferdi nuril takut🤣,2025-03-22 20:05:27+00:00,negatif
"masyaallah.ini orang berguna banget,kalo aku gatau apa apa yg lagi heboh di tiktok jadi tau",2025-03-22 20:04:59+00:00,negatif
masa depan suram,2025-03-22 20:04:06+00:00,positif
🥰,2025-03-22 20:04:02+00:00,positif
🤲,2025-03-22 20:01:35+00:00,positif
udh kek korea utara aja nih Indonesia🗿🗿,2025-03-22 20:01:13+00:00,negatif
"teu ngalarti kuring mh dunia politik dan semacam na
cicing wh di kampung pelosok aman damai pemandangan gunung endah",2025-03-22 20:00:51+00:00,negatif
damkar musuh nya nambah lagi 🗿,2025-03-22 19:55:03+00:00,negatif
"punya temen TNI , trus ngejelasin isi dalam RUUnya, langsung paham , kebanyakan org dpt kabar hoax hadehh",2025-03-22 19:53:46+00:00,negatif
😭😭😭,2025-03-22 19:51:45+00:00,positif
tmn gua bilang indo tidak pantas berada di peta duni🙏,2025-03-22 17:36:43+00:00,negatif
DPR Musuh Terbesar Rakyat,2025-03-22 17:36:05+00:00,positif
tempo di dengar😅😅😅,2025-03-22 17:35:12+00:00,positif
🔥,2025-03-22 17:31:50+00:00,positif
#KaburAjaDulu,2025-03-22 17:30:59+00:00,negatif
TNI TIDAK BOLEH IKUT IKUTAN POLITIK🔥,2025-03-22 17:30:56+00:00,negatif
"sampek di speak up aktor"" Korea🥲",2025-03-22 17:28:02+00:00,netral
siapkan baju anti peluru klenn🗿,2025-03-22 17:27:25+00:00,positif
ketum @dpr_ri aja anggota @PDI Perjuangan yang partai nya banyak korupsi jelas puan banyak untung,2025-03-22 17:26:59+00:00,negatif
😂,2025-03-22 17:26:11+00:00,positif
Di pondok gimana bg,2025-03-22 17:26:02+00:00,positif
lawak,2025-03-22 17:24:28+00:00,negatif
lah katanya militer kalian nombor satu didunia. kenapa jadi seperti ini?. 😂😂😂,2025-03-22 17:21:47+00:00,negatif
😑,2025-03-22 17:20:47+00:00,positif
😁,2025-03-22 17:18:03+00:00,positif
TOLAK TOLAKKK TOLAKKKKKKKK!!!,2025-03-22 17:18:00+00:00,negatif
😂,2025-03-22 17:16:25+00:00,positif
laut bercerita s2,2025-03-22 17:14:52+00:00,negatif
mending ke japan aj GK sih😭,2025-03-22 17:14:40+00:00,positif
🥰,2025-03-22 17:11:13+00:00,positif
😳,2025-03-22 17:09:45+00:00,positif
gk kebayang sekola pake vest,2025-03-22 17:08:20+00:00,netral
gak kebayang klo kembali lagi ke masa orde Baru 😌,2025-03-22 17:08:05+00:00,positif
🥰,2025-03-22 17:06:49+00:00,positif
ko bisa hilang?,2025-03-22 17:01:49+00:00,negatif
"knp gw harus di indo?, knp gk yg lain kek",2025-03-22 16:56:21+00:00,negatif
"""bermusyawarah untuk mencapai mufakat"" PRETTTTT, DIDEMO AJAA MASIII DISAH IN",2025-03-22 16:55:33+00:00,netral
🔥,2025-03-22 16:54:24+00:00,positif
"mohon maaf, gimna untuk pendukung prabowo ? apakah kalian masih belum yakin bahwa era suharto akan kembali ke jaman skrng?",2025-03-22 16:54:20+00:00,negatif
malu-maluin negara sendiri jir😔,2025-03-22 16:54:16+00:00,negatif
😂,2025-03-22 15:37:07+00:00,positif
emang yang bener cuma damkar,2025-03-22 15:36:51+00:00,netral
RUU TNI di sahkan yang takut para koruptor dan penghianat bangsa Indonesia gak bisa berkutik,2025-03-22 15:35:51+00:00,negatif
Indonesia. battlegrounds,2025-03-22 15:34:54+00:00,positif
singkatnya apa masib gak paham 😭🗿,2025-03-22 15:33:05+00:00,positif
😁,2025-03-22 15:32:33+00:00,positif
😂,2025-03-22 15:32:32+00:00,positif
nyesel lahir di indo,2025-03-22 15:31:59+00:00,negatif
pgn kabur juga Tapi kemana dan duit gada😂,2025-03-22 15:31:48+00:00,negatif
tolak RUU TNI🙅🏻‍♀️,2025-03-22 15:30:01+00:00,positif
😭😭😭,2025-03-22 15:27:30+00:00,positif
itu negara mna bang😅,2025-03-22 15:26:59+00:00,positif
TOLAK RUU TNI!!!!!!!!! tai,2025-03-22 15:26:47+00:00,positif
"ortu gw badas banget omongannya nya
jadi takut nanti ortu gw balas omongan tni",2025-03-22 15:25:47+00:00,negatif
gak kebayang sekolah bawa gatling gun,2025-03-22 15:24:13+00:00,positif
😭,2025-03-22 15:24:11+00:00,positif
😁,2025-03-22 15:23:50+00:00,positif
😁,2025-03-22 15:23:42+00:00,positif
😭,2025-03-22 15:23:36+00:00,positif
😁,2025-03-22 15:21:07+00:00,positif
buat apa ada DPR MPR tapi suara rakyat gk di dengarrr juga yg kaya makin kaya yg miskin makin miskin negara apa ini pajak dah bayar tapi masih gini aj,2025-03-22 15:18:03+00:00,negatif
gini banget anjirr masa bocil gw,2025-03-22 15:17:48+00:00,negatif
Pindah ke jepang aja😋,2025-03-22 15:17:24+00:00,negatif
gini amat masa remaja ku ya Allah,2025-03-22 15:17:16+00:00,positif
😁,2025-03-22 15:16:12+00:00,positif
gk kebayang nanti pas masuk sekolah di jumpshot,2025-03-22 15:15:11+00:00,negatif
TOLAK RUU TNI‼️‼️‼️‼️,2025-03-22 15:14:58+00:00,negatif
tau ah cape 😌,2025-03-22 15:12:26+00:00,positif
"OH.. DISAHKAN RUU OLEH DPR, KARENA DPR TAKUT KETAHUAN KORUPSI.. UPS",2025-03-22 15:11:12+00:00,negatif
"berpaa dana yg digunakan pihak terkait yaa buat nyewa buzzer? 😹, gw liat komentar nya aduhh buzzer semua wkwkw",2025-03-22 15:11:03+00:00,negatif
😁😁😁,2025-03-22 14:30:01+00:00,positif
korupsi terbongkar semuanya Terbitlah ruu tni tercipta,2025-03-22 14:29:45+00:00,negatif
"pak prabowo pingin ratakan orang korupsi tapi dpr cari cara agar korupsi masih ada dan gak ada pembersihan korupsi, kek gua yakin negara rusak karena dpr, keknya dpr banyak yang korupsi",2025-03-22 14:28:12+00:00,negatif
negara apaan ini jirr😹🗿,2025-03-22 14:26:38+00:00,positif
"NAIKIN HASTAG INI GUYS!!
#TolakRUUTNI
#TolakRevisiUUTNI
#PeringatanDarurat
#IndonesiaGelap
#TolakDwifungsiABRI",2025-03-22 14:26:32+00:00,negatif
😂,2025-03-22 14:26:30+00:00,positif
❤️,2025-03-22 14:26:20+00:00,positif
santoon tv gmn yah nanti🗿🗿,2025-03-22 14:26:17+00:00,positif
Laut bercerita part2,2025-03-22 14:25:47+00:00,netral
TOLAK RUU TNI,2025-03-22 14:24:54+00:00,positif
😳,2025-03-22 14:23:10+00:00,positif
"RAMEIN HASTAGNYA GUYSS!!
#TOLAKRUUTNI
#TOLAKRUUTNI
#TOLAKRUUTNI",2025-03-22 14:22:20+00:00,negatif
alamak cok,2025-03-22 14:20:19+00:00,negatif
😳,2025-03-22 14:18:12+00:00,positif
eh btw Kebijakan Ruu TNI ada kaitannya gk yah sma kpop,2025-03-22 14:18:09+00:00,netral
😭,2025-03-22 14:16:33+00:00,positif
🔥,2025-03-22 14:16:16+00:00,positif
Kenapa dpr ngebet nge sah in KARNA MEREKA GATAL BIAR BISA BEBAS BUAT KORUPSI,2025-03-22 14:14:34+00:00,negatif
kangen dirumahaja.,2025-03-22 14:14:09+00:00,netral
"apa ini semua gara buzer""anak abah komen sana sini,bikin berita ini itu buat jatuhin prabowo,kemarin aja koruptor bnyk yg ketangkep malah yg disalahin prabowo dan jokowi jadinya ini yg terjadi selamat menikmati ya😈👋",2025-03-22 14:13:18+00:00,negatif
😂,2025-03-22 14:11:24+00:00,positif
"korut aja ga separah indo, masyarakat di lindungi, bebas korup
lah ni negara apaan?
NEGARA JUGA MILIK RAKYAT!
BUKAN HANYA MILIK PEJABAT!
#TOLAKRUUTNI !",2025-03-22 14:11:16+00:00,negatif
scar cupid paan,2025-03-22 14:09:54+00:00,netral
😳😳😳,2025-03-22 14:08:13+00:00,positif
"emang anggota dewan rada2....bukannya ngesahin undang2 korupsi malah ngesahin undang2 lainnya, maksudnya apa coba????",2025-03-22 14:08:10+00:00,negatif
bang jangan ilang dulu ya😭,2025-03-22 14:07:46+00:00,netral
"@partaigerindra
efek nya negatif kah??
tolong kami rakyat biasa ini.",2025-03-22 14:05:56+00:00,negatif
🌷🌷🌷,2025-03-22 14:05:09+00:00,positif
miris bgt masa dewasa guaaa,2025-03-22 14:04:35+00:00,netral
"#TOLAKRUUTNI
banyak banyakin komen kaya gini gys!!!",2025-03-22 14:04:06+00:00,negatif
"pindah negara aja lah, cobaannya ada aja",2025-03-22 13:18:29+00:00,negatif
Bang knp DP® Cepat cepat sahkan karna ada Koruptor dibalik nya Entah di bagian DP® atau di Hal lain nya Karena ada Yg sogok besar besaran,2025-03-22 13:18:26+00:00,negatif
PKI,2025-03-22 13:18:25+00:00,positif
#TOLAKRUUTNI,2025-03-22 13:17:35+00:00,negatif
Weh ngendok bagus dimana sama pake senjata apa,2025-03-22 13:16:55+00:00,negatif
aja aja ada,2025-03-22 13:16:30+00:00,netral
"menurut aku RUU TNI ini baik KALO misalkan di pakai dengan benar, gak asal asal bunuh dor dor. klo misalkan sekedar keamanan sih gpp. tapi klo smpe berlebihan sih.. mending gk ush🙏",2025-03-22 13:16:24+00:00,negatif
😁😁😁,2025-03-22 13:16:09+00:00,positif
"sekarang yang pilih ok gas ok gas sampe toxic gimana ya pas denger berita ini
untung gua golput karna ngerasa percuma mau ganti presiden bakalan sama aja",2025-03-22 13:15:57+00:00,netral
ramaikan hashtag #TOLAKRUUTNI!,2025-03-22 13:15:09+00:00,negatif
bangg ruu tni ini pengaruh gak sih ke dunia kpop atau Drakor atau anime pokoknya yang di luar Indonesia,2025-03-22 13:13:10+00:00,negatif
emang bener kabur aja dulu,2025-03-22 13:12:54+00:00,negatif
emang puan Maharani itu orang yang melindungi orang orang yang pada korupsi jadi nya dia sah kan ruu TNI ini,2025-03-22 13:12:51+00:00,negatif
makin yakin buat pindah negara,2025-03-22 13:11:29+00:00,negatif
tak lama ini indo bisa banyak yg pisah juga😌,2025-03-22 13:10:03+00:00,negatif
😭,2025-03-22 13:09:44+00:00,positif
dampak positif nya apa bg??,2025-03-22 13:09:10+00:00,netral
saat nya revolusih rakyat,2025-03-22 13:09:03+00:00,positif
Indonesia=Hama😋😋👎👎👎,2025-03-22 13:07:52+00:00,positif
otw pindah negara,2025-03-22 13:07:28+00:00,negatif
😂,2025-03-22 13:07:02+00:00,positif
@nii.,2025-03-22 13:06:53+00:00,netral
😅,2025-03-22 13:04:17+00:00,positif
"klo mau indo maju , caranya ga begini juga , mau indo maju tapi koruptor di biarin berkeliaran",2025-03-22 13:03:31+00:00,negatif
😭,2025-03-22 13:01:32+00:00,positif
💓,2025-03-22 13:01:13+00:00,positif
plcc langsung ke intinya 🙏🏻🙏🏻🙏🏻🙏🏻😭,2025-03-22 13:00:35+00:00,positif
"dulu anak yang sering di bully bawa senjata sekarang semua orang ke sekolah bawa senjata.
gw baya SG2 epep aja.🗿",2025-03-22 13:00:24+00:00,negatif
😁,2025-03-22 12:59:41+00:00,positif
😂,2025-03-22 12:58:47+00:00,positif
cicit² PKI kepanasan,2025-03-22 12:10:54+00:00,positif
Gawendeng,2025-03-22 12:10:43+00:00,netral
"anak"" pawowo kumpul sini🗿",2025-03-22 12:09:59+00:00,positif
🔥🔥🔥,2025-03-22 12:09:19+00:00,positif
terus apa hubungannya sama sama orang luar,2025-03-22 12:08:38+00:00,positif
kaya zaman presiden soeharto,2025-03-22 12:08:05+00:00,positif
malaysia tolong adopsi guaa 😭,2025-03-22 12:06:59+00:00,positif
🗿,2025-03-22 12:06:10+00:00,positif
🤣,2025-03-22 12:03:51+00:00,positif
🗿,2025-03-22 12:03:51+00:00,positif
"bang plus minus nya apaaa , masa iyaa minus doang",2025-03-22 12:02:51+00:00,negatif
mau pindah negara gwrh shiballl sekkya,2025-03-22 12:02:49+00:00,negatif
Makin gelap jir indo,2025-03-22 12:01:54+00:00,negatif
🙂,2025-03-22 12:00:30+00:00,positif
😁,2025-03-22 11:59:58+00:00,positif
dulu pak SBY juga TNI tapi Negara tidak menakutkan begini 😭🥲🥲🥲,2025-03-22 11:59:43+00:00,negatif
Indonesia bukannya makin pintar malah jadi bodoh kasihan rakyat,2025-03-22 11:59:25+00:00,negatif
negara oon,2025-03-22 11:58:27+00:00,netral
😅😅😅,2025-03-22 11:57:24+00:00,positif
😱,2025-03-22 11:56:14+00:00,positif
TOLAK RUU TNI 🙏🙏😥,2025-03-22 11:56:11+00:00,positif
2 kemungkinan karena megawati nolak dan anak beliau dukung,2025-03-22 11:56:00+00:00,negatif
😂,2025-03-22 11:55:55+00:00,positif
#TOLAKRUUTNI,2025-03-22 11:55:42+00:00,negatif
kalo sudah gini mending berpecah saja Indonesia,2025-03-22 11:55:27+00:00,negatif
dukung aja mungkin ini rencana rahasia presiden,2025-03-22 11:55:00+00:00,netral
😁,2025-03-22 11:54:05+00:00,positif
😭,2025-03-22 11:54:02+00:00,positif
figuran pada takut semua kalau udah ketemu semua para koruptor,2025-03-22 11:53:46+00:00,negatif
😹,2025-03-22 11:53:26+00:00,positif
🔥,2025-03-22 11:09:48+00:00,positif
kayaknya era Petrus akan segera dimulai😳,2025-03-22 11:09:13+00:00,positif
kalo gini mending kabur,2025-03-22 11:08:12+00:00,negatif
p info ngurus visa pindah ke luar negeri😊,2025-03-22 11:07:54+00:00,negatif
gas kabur dari indo😹,2025-03-22 11:07:13+00:00,negatif
ngomongin yg korupsi bisa ilang? jadi kalau yg korup udah triliunan itu giman~~~,2025-03-22 11:06:57+00:00,negatif
di pos ulang @mister.aloy,2025-03-22 11:06:49+00:00,negatif
Bayangin aj gua kesekolah harus bawa AWM kupu²,2025-03-22 11:05:58+00:00,netral
"jadi orang yang puisi yang isinya ""apa guna punya ilmu tinggi"" itu hilang di sembunyikan? (lupa nama nya)",2025-03-22 11:05:36+00:00,negatif
pengalihan issue itu gimana kabarnya para koruptor yg udh ketauan udh pada mati belum,2025-03-22 11:05:22+00:00,negatif
😂,2025-03-22 11:04:53+00:00,positif
indonesia makin kesini makin sekarat🤦🤦.,2025-03-22 11:02:22+00:00,negatif
ga kebayang lagi ke pasar malah pur 1 sg,2025-03-22 11:01:08+00:00,negatif
☺,2025-03-22 11:01:01+00:00,positif
"NEGARA JUGA MILIK RAKYAT!
BUKAN HANYA MILIK PEJABAT!
#TOLAKRUUTNI !",2025-03-22 11:00:50+00:00,negatif
Pas pulsek jalan kaki pake baju anti peluru ☺️,2025-03-22 11:00:27+00:00,negatif
😂,2025-03-22 11:00:18+00:00,positif
😹,2025-03-22 10:59:23+00:00,positif
"otak nya ini adalah puan Maharani,agar korupsi nya tidak ketahuan (hening)",2025-03-22 10:58:48+00:00,negatif
"dahlah, negara apa ini
wallahi we're finished💀🇮🇩",2025-03-22 10:58:38+00:00,positif
😁,2025-03-22 10:57:58+00:00,positif
😅,2025-03-22 10:57:17+00:00,positif
"KITA GEN ALPHA MERAMAIKAN
#TolakRUUTNI",2025-03-22 10:57:02+00:00,positif
sesempurna apa si negara ini?,2025-03-22 10:56:51+00:00,positif
🌹,2025-03-22 10:56:36+00:00,positif
paling enak mancing,2025-03-22 10:56:36+00:00,positif
waktunya kudeta,2025-03-22 10:53:28+00:00,negatif
Pengen pindah negara tpi kmn y..,2025-03-22 10:51:18+00:00,negatif
😳,2025-03-22 10:51:14+00:00,positif
kalo aku kenok sp yg ripep yh😔🗿,2025-03-22 10:50:06+00:00,negatif
ngikut liat udah kacau juga,2025-03-22 10:11:31+00:00,negatif
@AnakBaik,2025-03-22 10:11:26+00:00,positif
pentes ruu TNI di sah kan ternyata biar gak ada penangkapan korupsi,2025-03-22 10:11:19+00:00,negatif
DPR milik Malaysia,2025-03-22 10:10:29+00:00,positif
😂,2025-03-22 10:10:16+00:00,positif
siapa yang nyesal pilih Prabowo☝️☝️☝️,2025-03-22 10:10:12+00:00,positif
sekolah² bawa sg 2 lah sama glowel + medkit🗿👍,2025-03-22 10:09:46+00:00,positif
@ikaaa🧚,2025-03-22 10:09:03+00:00,positif
"kalo negara gini terus, masa depan kita gimana ya😔",2025-03-22 10:08:42+00:00,positif
#mondokajadulu,2025-03-22 10:08:39+00:00,positif
😁,2025-03-22 10:07:29+00:00,positif
yang Islam tolong doain nanti malam Lailatul Qadar plis 🪽,2025-03-22 10:06:13+00:00,negatif
"buset dah jahat bgt ya makin menjadi"" ni Indonesia di pimpin Wowo",2025-03-22 10:05:02+00:00,negatif
dijajah negara sendiri😹,2025-03-22 10:03:08+00:00,positif
😇,2025-03-22 10:02:55+00:00,positif
"RUU TNI ini katany ga bolehin kpop di indo ya?
maksudnya gimana?",2025-03-22 10:02:01+00:00,negatif
p,2025-03-22 10:01:52+00:00,positif
🤩,2025-03-22 10:01:21+00:00,positif
😂😂😂,2025-03-22 09:59:07+00:00,positif
mereka tidak memikirkan pahlawan kita yang berjuang dulu,2025-03-22 09:58:45+00:00,negatif
"emang dr draft RUU TNI, pasal mana yg kalian gak setuju?",2025-03-22 09:57:25+00:00,negatif
yg nyari temen atau pacar bisa join sini:https://chat.whatsapp.com/BCYrJFrgpt69twmgyzjrCH,2025-03-22 09:57:09+00:00,negatif
👍,2025-03-22 09:56:53+00:00,positif
100 persen negara ini hampir lenyap,2025-03-22 09:56:26+00:00,negatif
🥰,2025-03-22 09:56:08+00:00,positif
"sudahlah mari kita sekolah, sukses kita pindah ramai ramai",2025-03-22 09:55:30+00:00,positif
mending kabur aja dulu,2025-03-22 09:55:26+00:00,negatif
ha? gapaham pls.,2025-03-22 09:55:11+00:00,negatif
#TOLALRUUTNI ↓,2025-03-22 09:53:34+00:00,negatif
Berarti senjata di pakai sembarangan dan dibolehin nembak warga sipil?(gak nerima joks),2025-03-22 09:53:17+00:00,negatif
inimah cuma DPR dan orang yang jabatannya tinggi doang yang menikmatai,2025-03-22 09:03:12+00:00,positif
masa ke sekolah bawa scar cupid😔,2025-03-22 09:02:55+00:00,positif
@gerindra,2025-03-22 09:02:26+00:00,positif
#TolakRUUTNI,2025-03-22 09:02:09+00:00,negatif
ayah ku tentara🥰🙏,2025-03-22 09:01:57+00:00,positif
💀,2025-03-22 09:01:16+00:00,positif
@inagi sky tuuu🙄🙄,2025-03-22 08:59:38+00:00,positif
ruu tni tentang apa,2025-03-22 08:58:26+00:00,positif
"oh aku baru ingat dari zaman Prabowo pas jadi TNI dulu,a yg di culik itu Lo ytta💀💀",2025-03-22 08:57:09+00:00,negatif
🔥,2025-03-22 08:56:11+00:00,positif
curiga klo beneran sah RUU TNI yg minat kpop pada pindah ke korea,2025-03-22 08:54:58+00:00,negatif
🥰,2025-03-22 08:54:36+00:00,positif
👍,2025-03-22 08:53:12+00:00,positif
"gak perduli mau rruu, raa, lain gak peduli,
pokok hapus itu ruu perampasan aset rakyat😌 telat bayar pajak motor dirampas 😌",2025-03-22 08:51:47+00:00,negatif
tolak tolak tolak tolak tolak tolak tolak tolak tolak tolak tolak tolak tolak tolak,2025-03-22 08:51:31+00:00,positif
😄,2025-03-22 08:50:08+00:00,positif
gini amat masa remaja gua.,2025-03-22 08:49:08+00:00,positif
nih ada untung nya gk buat negara?,2025-03-22 08:47:37+00:00,negatif
😂,2025-03-22 08:45:32+00:00,positif
😁,2025-03-22 08:45:27+00:00,positif
🥰,2025-03-22 08:45:02+00:00,positif
"klu sm rakyat lebih baik orde baru ketimbang skrg, krn waktu orde baru rakyat tenang aman aseng takut sm pk harto, mlh skrg korupsi lbih parah dri orde baru",2025-03-22 08:44:54+00:00,negatif
"NO GAMAU 😭 MANA SEKARANG UN DI BALIKIN, AA KAYA ERA SOEHARTO BANGET 😭, AYO KITA TOLAK GAMAUU",2025-03-22 08:44:47+00:00,negatif
PINDAH NEGARA!!!!!,2025-03-22 08:42:26+00:00,negatif
#TOLAKRUUTNI,2025-03-22 08:41:18+00:00,negatif
kpopers bikin ngra yuk💓,2025-03-22 08:40:45+00:00,netral
auto beli mini gun,2025-03-22 08:40:00+00:00,positif
Rusak sudah negaraku,2025-03-22 08:38:19+00:00,negatif
💀,2025-03-22 08:37:51+00:00,positif
😬,2025-03-22 08:37:09+00:00,positif
"adakah buku edo tensei?
biar ku bangkitkan soekarno😹",2025-03-22 07:49:52+00:00,negatif
tolak RUU TNI🔥🔥,2025-03-22 07:49:09+00:00,positif
@Herukuy,2025-03-22 07:49:05+00:00,positif
"generasi Z,Alpha,Dan semua generasi yuk buat negara sendiri🥺🧢",2025-03-22 07:48:34+00:00,positif
😞,2025-03-22 07:48:05+00:00,positif
"kalo kita menolak dan di door
apakah kita khusnul khotimah?",2025-03-22 07:45:13+00:00,negatif
tag puan banggg🗿,2025-03-22 07:44:45+00:00,positif
"liat pindah ke arab
-gw",2025-03-22 07:44:19+00:00,negatif
parah,2025-03-22 07:44:02+00:00,negatif
🥺,2025-03-22 07:43:40+00:00,positif
😅,2025-03-22 07:43:38+00:00,positif
"#TolakRuuTni #TolakRuuTni
#TolakRuuTni #TolakRuuTni
#TolakRuuTni #TolakRuuTni
#TolakRuuTni #TolakRuuTni
#TolakRuuTni #TolakRuuTni
#TolakRuuTni #TolakRuuTni
#TolakRuuTni #TolakRuuTni",2025-03-22 07:42:54+00:00,negatif
kabur yuk ke brookhaven,2025-03-22 07:42:34+00:00,negatif
@Cyyy ini cy,2025-03-22 07:42:31+00:00,negatif
"@A AJA:@prospective soldier 81:Izin berpendapat:
TNI itu hanya di izinkan masuk di 14 lembaga saja,selebih nya wajib pensiun dini,dan lembaga lembaga tersebut kebanyakan masih Da kaitannya dengan pertahanan dan keamanan negara,di antar lain:
1. KEMENTERIAN KOORDINATOR BIDANG POLITIK DAN KEAMANAN:Di sini TNI bisa membantu dalam tugas pengamanan nasional dan di kancah internasional, contoh nya seperti pengawal pemulangan WNI,kordinator keamanan, sebagai komunikasi tentang pertahanan dengan lembaga lembaga yang biasa di ajak kerjadalam tugas nya.
2. KEMENTERIAN PERTAHANAN:di sini TNI aktif sering di tugaskan dalam bidang teknis dan fungsional dan juga penugasan khusus,dan juga Kemenhan adalah kementerian yang berbasis pertahanan,dan juga keterlibatan TNI aktif di dalam nya juga sangat umum dan kompleks,dan juga sangat penting dalam jalan nya tugas,baik dalam kordinasi dan sebagainya.
3. SEKERTARIAT MILITER PRESIDEN: penugasan TNI di sini sebagai administrasi kepresidenan yang berkaitan dengan militer, pengamanan presiden dan wakil presiden,dan biasa berkordinasi dengan Paspampres, melakukan analisis ancaman yang bisa berpengaruh dengan presiden, kordinasi dengan lembaga lain dalam tugas nya, seperti petugas keamanan dalam kunjungan presiden ke daerah daerah,dan juga gak usah di tanya, keberatan TNI aktif di lembaga ini cukup penting keamanan presiden.
4. BADAN INTELEJEN NEGARA:peran TNI di lembaga ini sangat kompleks,TNI di sini berperan sebagai tim strategis,mulai dari staf, penyusunan strategis,tim lapangan juga banyak dari TNI,karena apa?lembaga ini masih kekurangan tenaga ahli, kebanyakan masih ngandelin dari militer,contoh nya satgas BIN di Poso dan Papua,itu untuk tim lapangan dari BAIS TNI, KOOPSSUS TNI,GRUP 3 SANDY YUDHA KOPASSUS,SATUAN 81 KOPASSUS,DENJAKA, SATBRAVO 90,INTELKAM PORLI.
5. BADAN SIBER DAN SANDY NEGARA:TNI memiliki peran yang cukup kompleks di lembaga ini,antara lain sebagai tim intelejen cyber dan kontra intelijen cyber, pengamanan jaringan rahasia,dan sebagai dukungan operasi cyber TNI,dan seperti BIN,lembaga ini juga kekurangan tenaga ahli,dan sebagian masih dari militer,baik staf,jabatan strategis dan juga orang lapangan.
6. LEMBAGA KETAHANAN NASIONAL:TNI di sini memiliki peran strategis sebagai pengajar,dan pembimbing,terutama di daerah daerah pelosok,mungkin kalo di Jawa peran militer dalam lembaga ini tidak terlalu kelihatan,karena banyak yang sudah paham,tapi kalo di Papua dan daerah tertinggal,perang militer sangat penting dalam lembaga ini,di mana jarang sekali ada lembaga lain yang bersangkutan dengan ini untuk mengawal program ketahan nasional di pelosok.
7. DEWAN PERTAHANAN NASIONAL:Peran TNI di lembaga ini juga jangan di tanya,perang TNI aktif di lembaga ini sangat strategis,antara lain sebagai penyusun kesiapan pertahanan nasional,diplomasi pertahanan nasional,sebagai tim analis,dan juga sebagai perumus.
8. BADAN SAR NASIONAL:Di TNI ada nama nya operasi militer selain perang,dan peran TNI di lembaga ini sebagai pendukung pemulihan pasca bencana,dan juga sebagai tim bantuan dalam operasi militer selain perang mendukung lembaga terkait,sejalan dengan pertahanan untuk kelancaran dan kestabilan ekonomi kelangsungan hidup manusia.
9. BADAN NARKOTIKA NASIONAL:Saya kurang tau apa peran militer di lembaga ini,tapi yang pasti membantu pemerintah dalam menangani narkoba yang dapat merusak generasi bangsa dan dapat menimbulkan perilaku buruk, seperti hal nya contoh:TNI yang penanganan di perbatasan,sering kalo merazia barang barang terlarang dan sebagainya.
10. MAHKAMAH AGUNG: Sebenarnya TNI tidak memiliki peran aktif di lembaga ini tapi militer memiliki keterkaitan dengan lembaga ini,antara lain peradilan militer di bawah MA,kasasi dan peninjauan kembali perkara militer,bisa di Libatkan dalam perkara pengadilan sebagai tim pengamanan bila hukum berkaitan dengan militer.
11. KEJAKSAAN AGUNG:masuknya TNI di kejaksaan agung untuk memproses hukum di pelanggaran hukum TNI,dan sebagai bentuk konsensuensi militer masuk ke 14 lembaga.
12. BADAN KEAMANAN LAUT:TNI masih sering mengirim personel ke bakamla sebagai BKO/perbantuan terutama di SRT bakamla,dan juga sebagai lembaga strategis,karena tenaga ahli di lembaga ini masih sangat kekurangan.
13. BADAN NASIONAL PENANGGULANGAN TERORISME:peran TNI di sini kebanyakan di lapangan,contoh nya sebagai pengajar, terutama dari pasukan khusus TNI, kordinasi operasi penanggulangan teror, pengumpulan intelijen dari pasukan khusus TNI,dan sebagainya,karena lembaga ini juga kekurangan tenaga ahli,dan sering di perbantukan dari militer.
14. BADAN NASIONAL PENANGGULANGAN BENCANA:Peran TNI di sini cukup penting, antara lain sebagai pendukung operasi, meliputi angkutan,personel,tim khusus,di karena peralatan dan perlengkapan di TNI cukup lengkap.
inti nya yaitu lembaga lembaga yang di isi oleh militer itu kebanyakan lembaga pertahanan,dan juga peran TNI aktif di dalam nya cukup kompleks dan sangat penting,karena TNI aktif yang tau lebih tentang perkembangan militer, permasalahan militer dan juga rencana kedepan nya.dan juga sebagai perbantuan/BKO untuk lembaga pertahanan dan keamanan yang kekurangan tenaga ahli, seperti BIN dan sejenisnya,karena yang paling siap itu dari militer.
Dan untuk lembaga lembaga yang di rasa bukan masuk ke pertahanan, seperti SAR Nasional,MA, kejaksaan agung,Basarnas,itu ada beberapa alasan seperti SAR Nasional dan Basarnas TNI sebagai tim strategis dan juga tim khusus,dan juga TNI sering BKO ke lembaga ini,contoh nya seperti pasukan khusus TNi yang turun lebih dulu ke lokasi untuk menetralisir wilayah yang akan di lakukan evaluasi dan sejenisnya,dan juga sebagai tim angkutan,karena peralatan dan perlengkapan TNI cukup lengkap.
Dan peran TNI di lembaga seperti kejaksaan agung dan MA sebagai HUKUM,dan juga sebagai konsensuensi TNI masuk ke 14 lembaga.
Dan sedikit menjawab kenapa sidang di lakukan di Hotel dan kata nya tertutup,sebelum ada nya sidang itu ada lembaga lembaga sipil yang di undang,namun tidak ada yang hadir aktivis nya,salah satu aktivitis yang hadir yaitu aktifi HAM untuk memberikan saran dan masukan dalam rapat tersebut,jadi semua terkondisikan baik DPR RI dan juga aktivi sipil,dan juga kenapa tidak di siarkan,karena ini pertahanan,karena pertahanan itu banyak bagian bagian yang rahasia,beda sama yang lain,dari dulu kalo membahas pertahanan sudah sering di ruang tertutup, tergantung apa yang di bahas,tapi tidak kau kenapa rapat di lakukan di hotel.
Dan kalo ada yang bilang ini mengembalikan dwifungsi ABRI seperti pada zaman dulu,ya salah besar,TNI hanya menduduki 14 lembaga,dan kebanyakan itu lembaga pertahanan,yang wajar TNI ada di situ, kecuali kalo TNI menduduki semua lembaga dan juga bidang lain kayak politik , ekonomi, bisnis sosial,budaya dan lain lain seperti jaman dulu,itu baru dwifungsi ABRI,ini tidak,jauh sekali,banyak sekali propaganda di medsos.k
Kebanyakan pada gagal paham tentang hal ini.
Dan kalo ada orang orang yang menanggap hal ini menyebabkan lapangan pekerjaan bagi orang orang muda warga sipil terkuras oleh militer ya gimana gitu pola pikir nya,saya tanya,masa orang yang gak punya latar belakang militer/pendidikan tentang pertahanan dan keamanan menduduki lembaga pertahanan, kecuali jadi ASN militer atau ASN di lembaga terkait yang sesuai Pendidikan dan bidang nya itu baru bisa,masa orang orang muda langsung di kasih jabatan strategis yang membutuhkan waktu 15-20 tahun untuk bisa jadi, kecuali jadi orang lapangan seperti tim intelejen, cyber,pangan,SAR itu bisa,kalo ada rekrutmen,atau jadi ASN di militer,atau jadi staf di bagian administrasi di beberapa lembaga itu bisa.",2025-03-22 07:42:14+00:00,negatif
mau kemana² harus pake baju anti peluru,2025-03-22 07:39:19+00:00,negatif
apakah Indonesia akan bubar?,2025-03-22 07:38:56+00:00,negatif
ke tinggal d penjara anj,2025-03-22 07:38:03+00:00,negatif
#TOLAKRUUTNI,2025-03-22 07:36:29+00:00,negatif
bukannya udh jadi y,2025-03-22 07:36:17+00:00,netral
😅,2025-03-22 07:35:24+00:00,positif
otw jerman,2025-03-22 07:34:44+00:00,positif
KORUPTOR TAKUT KETAUAN YA GINI NIH🤭,2025-03-22 07:34:33+00:00,negatif
infokan vest level 4🤭,2025-03-22 07:34:05+00:00,positif
info tank yang cocok buat harian bang,2025-03-22 07:34:03+00:00,positif
"pernah lihat ada mayat di gantung di pagar taman komplek, jamannya Petrus... beneran serem",2025-03-22 07:34:01+00:00,negatif
lah anying malah dibiarin korupsi,2025-03-22 07:33:50+00:00,negatif
🙈🙈🙈,2025-03-22 07:32:13+00:00,positif
🙏,2025-03-22 07:30:07+00:00,positif
"#TolakRUUTNI
#TolakRevisiUUTNI
#PeringatanDarurat
#IndonesiaGelap
#TolakDwifungsiABRI
#TolakRUUPolri
#TolakRUUKejaksaan",2025-03-22 06:54:14+00:00,negatif
BAHAYA BUAT ORG YG KRORUP KAH😝😝😝,2025-03-22 06:53:48+00:00,negatif
beli glowal dimana woi🗿,2025-03-22 06:53:30+00:00,positif
males amat tinggal di indo anyyiing,2025-03-22 06:53:00+00:00,negatif
@gerindra gw takut 😭,2025-03-22 06:52:43+00:00,positif
Jadi Kesimpulannya... Menghina pemerintahan bisa didor??,2025-03-22 06:52:24+00:00,negatif
😳,2025-03-22 06:52:04+00:00,positif
😭,2025-03-22 06:51:06+00:00,positif
🗿,2025-03-22 06:50:51+00:00,positif
gua klo mau kerja mau pake sg repper,2025-03-22 06:50:42+00:00,positif
😭,2025-03-22 06:50:39+00:00,positif
maksudnya cerita kaya gimana dah?,2025-03-22 06:50:39+00:00,negatif
🗿,2025-03-22 06:50:36+00:00,positif
😭,2025-03-22 06:50:33+00:00,positif
🗿,2025-03-22 06:50:31+00:00,positif
😭,2025-03-22 06:50:30+00:00,positif
🗿,2025-03-22 06:50:25+00:00,positif
😭,2025-03-22 06:50:23+00:00,positif
#TOLAKRUUTNI,2025-03-22 06:48:10+00:00,negatif
cocok buat indo,2025-03-22 06:47:16+00:00,positif
"ayo gais banyakin hastag #TOLAKRUUTNI #TOLAKRUUPOLRI #INDONESIAGELAP di X, jangan sampai kendor. kita bantu lewat media sosial kasian kaka' mahasiswa yang turun ke jalan demi menyuarakan aspirasi",2025-03-22 06:46:50+00:00,negatif
🤣,2025-03-22 06:46:09+00:00,positif
🗿,2025-03-22 06:46:07+00:00,positif
bakal jadi kek Myanmar kah,2025-03-22 06:45:12+00:00,negatif
#tolakruutni,2025-03-22 06:43:41+00:00,negatif
negara anj,2025-03-22 06:43:25+00:00,positif
kaya wiji tukul?,2025-03-22 06:43:16+00:00,negatif
"pemerintahnya baperan jir😹, ga asik ah😹",2025-03-22 06:42:14+00:00,negatif
gen alpa kaya aku harus mikirin kaya ginian 😮‍💨😕,2025-03-22 06:42:10+00:00,positif
😂😂😂,2025-03-22 06:41:17+00:00,positif
😳,2025-03-22 05:58:09+00:00,positif
😁,2025-03-22 05:57:47+00:00,positif
"@evan:@aineeesie:gunain social media kalian, sebagai perlawanan dan penolakan! naikin ht ini, di social media km.
#tolakRUUTNI
#TolakRevisiUUTNI
#PeringatanDarurat
#IndonesiaGelap
#TolakDwifungsiABRI",2025-03-22 05:56:31+00:00,negatif
"masa depan penerus bangsa, di hancur kan sama pemerintah sendiri",2025-03-22 05:55:06+00:00,positif
😢,2025-03-22 05:54:18+00:00,positif
😂,2025-03-22 05:52:27+00:00,positif
😁,2025-03-22 05:52:14+00:00,positif
giliran uu perampasan aset ditolak,2025-03-22 05:51:54+00:00,negatif
"mau nanya , berarti presiden juga setuju yh,dan juga sdh tau kan rapatnya tertutup di hotel",2025-03-22 05:51:24+00:00,negatif
tim jdi toping pelengkap di indo doang ini mah wkwk,2025-03-22 05:51:07+00:00,positif
GUA GA TAHAN 😭😭,2025-03-22 05:49:29+00:00,netral
😂,2025-03-22 05:48:46+00:00,positif
@GENTUNG:tolak RUU TNI🔥,2025-03-22 05:47:33+00:00,negatif
RRU TNI itu apa,2025-03-22 05:46:25+00:00,positif
lawak ah takut ketahuan korupsi 😹,2025-03-22 05:45:57+00:00,negatif
@thania🌷,2025-03-22 05:45:36+00:00,positif
mw berangkat kerja harus pake vest level 3 ini mah,2025-03-22 05:45:14+00:00,negatif
😊,2025-03-22 05:45:07+00:00,positif
TOLAK RUU TNI.,2025-03-22 05:44:47+00:00,positif
"bang harus jya kamu bahas poin dari ruu tni, kok malah ga ngebahas kesitu",2025-03-22 05:44:29+00:00,negatif
"LOGIKANYA BEGINI, TNI itu kalau saya perhatikan ditilang aja gk mau, ngamuk ngamuk di jalan. Apalagi setoran ke Polisi, bakalan gk mau karna mereka sudah merasa hebat. Ditilang aja ngamuk, jdi gk mungkin setoran. Nahhh PM masih bela belain pelaku, jadi kemungkinan besar PM yang terima setoran, kan mereka kalau salah ditindak melalui PM. Trs LOGIKAnya lagi nih, pas penggerebekan PM gk ikut.
Bisa jadi PM emg gk mau karna udh terima setoran kan? LOGIKA KITA HARUS JALAN",2025-03-22 05:41:07+00:00,negatif
"negara apaansi ini anjg, asem'",2025-03-22 05:35:20+00:00,positif
DPR anjingg,2025-03-22 05:34:58+00:00,netral
DUKUNG RUU TNI🔥,2025-03-22 05:34:49+00:00,netral
sekolah bawa sg panjang Cobra😈,2025-03-22 05:34:43+00:00,positif
😭,2025-03-22 05:34:30+00:00,positif
#indonesia boyyyahh,2025-03-22 05:34:02+00:00,negatif
😔😔😔,2025-03-22 05:33:53+00:00,positif
"ooh sekarang gw ngerti, apa aja kemungkinan-kemungkinan yang mereka rencanakan🙂",2025-03-22 05:33:35+00:00,netral
💀,2025-03-22 05:33:30+00:00,positif
😂😂😂,2025-03-22 04:50:07+00:00,positif
langsung colab sama Amerika Serikat kwwkwkkwkw,2025-03-22 04:50:02+00:00,negatif
"Tidak seperti orba, TNI tetap netral ada kok noted nya",2025-03-22 04:49:50+00:00,negatif
one piece?🤔🤔,2025-03-22 04:49:48+00:00,negatif
era hokage ke 2 akan kembali lagi,2025-03-22 04:49:37+00:00,positif
mending #pindahnegara,2025-03-22 04:49:27+00:00,negatif
STRESSS SEMUAAA STRESSS,2025-03-22 04:48:12+00:00,negatif
yaAllahh gini banget yaa uda kacaw😔,2025-03-22 04:47:59+00:00,negatif
#TOLAKRUUTNI!!!,2025-03-22 04:47:49+00:00,negatif
negara lucu😹,2025-03-22 04:47:46+00:00,positif
@ultramilk,2025-03-22 04:46:48+00:00,positif
ini sebenarnya gada wakil rakyat tapi nyusahin rakyat,2025-03-22 04:46:21+00:00,negatif
🥰🥰🥰,2025-03-22 04:46:20+00:00,positif
lah terus gunanya demokrasi apaan kocak🗿,2025-03-22 04:46:16+00:00,positif
TOLAK RUU TNI,2025-03-22 04:45:56+00:00,positif
😹😹😹,2025-03-22 04:45:34+00:00,positif
🗿,2025-03-22 04:45:24+00:00,positif
negara busuk,2025-03-22 04:44:45+00:00,positif
@alyaani.ptri,2025-03-22 04:44:37+00:00,positif
@idulbukanidoel,2025-03-22 04:44:28+00:00,positif
menuju Indonesia booyah😛,2025-03-22 04:44:03+00:00,positif
"kita juga jangan bayar pajak, pemerinta langsung gak ada uang👍👍",2025-03-22 04:43:36+00:00,positif
terus KPK buat apa dong,2025-03-22 04:43:03+00:00,positif
Mending Beli Rompi anti peluru😹😹,2025-03-22 04:42:57+00:00,negatif
@lanaa,2025-03-22 04:42:17+00:00,netral
ga paham tapi ikut nolak ruu tni🙃,2025-03-22 04:41:48+00:00,negatif
♥️,2025-03-22 04:40:54+00:00,positif
"penuhin komen #TolakRUUTNI
👇",2025-03-22 04:40:50+00:00,positif
"RUU TNI point korupsi ada tp gk ketahuan, lah yg liga korupsi itu gmna?",2025-03-22 04:40:31+00:00,negatif
🔥,2025-03-22 04:39:54+00:00,positif
eek😭,2025-03-22 03:45:16+00:00,positif
perang dengan negara sendiri,2025-03-22 03:44:59+00:00,positif
😭😭😭,2025-03-22 03:44:43+00:00,positif
#tolakRUUTNI,2025-03-22 03:44:17+00:00,negatif
ha gimana gak paham? 😭,2025-03-22 03:43:09+00:00,negatif
lama-lama ni indo malah makin mirip ama anime akame ga kill,2025-03-22 03:43:02+00:00,netral
pertanyaannya DPR sebenarnya dukung siapa sihh,2025-03-22 03:42:56+00:00,negatif
apalagi kalo RUU POLRI 😭,2025-03-22 03:40:03+00:00,netral
rakyak indo dijajah sama pemerintah nya sendiri😂😂😂,2025-03-22 03:40:00+00:00,negatif
TOLAKK RUU TNI🔥,2025-03-22 03:39:24+00:00,negatif
intinya ni negara bakalan ancur sama bangsanya sendiri!,2025-03-22 03:38:55+00:00,positif
ga pernah secapek ini sama negara sendiri 😔,2025-03-22 03:38:14+00:00,negatif
pengen pindah negara,2025-03-22 03:38:12+00:00,negatif
kocak.,2025-03-22 03:37:38+00:00,netral
#TOLAKRUUTNI,2025-03-22 03:37:25+00:00,negatif
"#tolakRUUtni Ramein hastag ini,cuma medsos satu satunya senjata kita kali ini,KITA GEN Z,KITA HARUS BISA LAWANN!!!",2025-03-22 03:35:41+00:00,negatif
tolak tolak tolak tolak,2025-03-22 03:34:53+00:00,negatif
"TNI dijadiin tumbal duluan, soalnya provokatornya dr si coklat 🤦🏻",2025-03-22 03:34:51+00:00,negatif
Lama2 ni Negara ajg bgt😡,2025-03-22 03:33:39+00:00,negatif
🥰,2025-03-22 03:33:34+00:00,positif
😂,2025-03-22 03:33:15+00:00,positif
🔥,2025-03-22 03:32:58+00:00,positif
🔥,2025-03-22 03:32:46+00:00,positif
🙏,2025-03-22 03:32:46+00:00,positif
Indonesia perang saudara gk sih😂,2025-03-22 03:32:32+00:00,negatif
😁,2025-03-22 03:31:47+00:00,positif
kan kalian bersama TNI kenapa skrng kalian malah resah sih kan kalian rakyatnya🤣🤣,2025-03-22 03:31:12+00:00,negatif
makin gak jelas ni negara lama lama,2025-03-22 03:30:01+00:00,negatif
🤣,2025-03-22 03:28:55+00:00,positif
indo makin kesini bukannya maju malah mundur sm makin sinting😹,2025-03-22 03:28:47+00:00,negatif
TOLAKKKKKKKKK,2025-03-22 02:30:36+00:00,netral
woy siapa yang mau ke jepang ikut dong mau pindah kesana,2025-03-22 02:30:08+00:00,negatif
"dari awal emang gak suka sama abdi negara sumpah, woy lirik perawat sama guru dong anji**",2025-03-22 02:29:50+00:00,positif
#TolakRUUTNI,2025-03-22 02:29:09+00:00,negatif
🗿,2025-03-22 02:29:08+00:00,positif
"apa presiden nggak bisa apa apa ya? terus kalau nggak bisa apa apa knapa jadi presiden, dan kalau TNI gini..siapa yang bisa dipercaya",2025-03-22 02:29:02+00:00,negatif
ksihan bgt gen z n alpha,2025-03-22 02:27:30+00:00,negatif
😅,2025-03-22 02:27:27+00:00,positif
"umr msih 11 ,udh kek bgini😭😭",2025-03-22 02:27:10+00:00,positif
Indonesia utara,2025-03-22 02:27:04+00:00,netral
@sikibidi,2025-03-22 02:26:56+00:00,positif
😁,2025-03-22 02:26:41+00:00,positif
ingfokan mp40 new year wak,2025-03-22 02:26:20+00:00,positif
Kan part 2,2025-03-22 02:26:04+00:00,positif
@sikmaskibidi123123,2025-03-22 02:26:02+00:00,positif
😁,2025-03-22 02:26:01+00:00,positif
hehee...,2025-03-22 02:25:52+00:00,netral
Mending Bewan epep sini lah,2025-03-22 02:24:42+00:00,netral
😁,2025-03-22 02:24:36+00:00,positif
😭,2025-03-22 02:24:16+00:00,positif
😁,2025-03-22 02:24:08+00:00,positif
"gunain social media kalian, sebagai perlawanan dan penolakan! naikin ht ini, di social media km.
#tolakRUUTNI
#TolakRevisiUUTNI
#PeringatanDarurat
#IndonesiaGelap
#TolakDwifungsiABRI
#kaburajadulu",2025-03-22 02:23:54+00:00,negatif
😔,2025-03-22 02:23:49+00:00,positif
buzzer anj,2025-03-22 02:23:47+00:00,netral
g kebayang keluar pake baju rompi sama bawa m4a1,2025-03-22 02:23:01+00:00,negatif
open your eyes deh🙂 tanpa bs menjabat aja skrg byk pemuk*lan pengeroyok*an salah sasaran cm krn lewat pas demo,2025-03-22 02:21:36+00:00,negatif
ancuk an,2025-03-22 02:21:01+00:00,netral
😁,2025-03-22 02:19:57+00:00,positif
gw mah netral aja😅,2025-03-22 02:19:53+00:00,netral
bang ini negara lebih parah dari Konoha njir,2025-03-22 02:17:57+00:00,negatif
GILIRAN DI CHAT DI BLOKIR WKWKWKWWKWKWKWKWKWKWKWKWKWKWKWK @vennedett,2025-03-22 01:29:26+00:00,negatif
😹😹😹,2025-03-22 01:29:14+00:00,positif
#TOLAKRUUTNI,2025-03-22 01:28:53+00:00,negatif
@bintu_fulannnn,2025-03-22 01:28:41+00:00,negatif
mau kaya lee jong unchh kali yaa,2025-03-22 01:27:30+00:00,netral
"makan tuh ok gas ok gas, cerita pro rakyat nyata nya bau sungut",2025-03-22 01:26:45+00:00,netral
info rompi anti peluru dana pelajar?,2025-03-22 01:26:36+00:00,negatif
ke jepang yo?,2025-03-22 01:26:35+00:00,negatif
😹,2025-03-22 01:26:20+00:00,positif
ruu tni itu apa ya jawab dong please🙏,2025-03-22 01:26:04+00:00,negatif
klo ada demo kabari aku,2025-03-22 01:26:03+00:00,positif
44 https,2025-03-22 01:23:19+00:00,negatif
😂,2025-03-22 01:22:13+00:00,positif
menhanya mantan orde baru,2025-03-22 01:22:04+00:00,positif
di mana sila kemanusiaan nya itu dana korup yang ga masuk akal mendingan di kasih ke Panti asuhan dari pada di buat foya²,2025-03-22 01:21:48+00:00,negatif
"ini malam lailatul qadar,nnti ngadu ke allah aja yaa,biar pindah negaraa.Takutt jdi korut pt 2..",2025-03-22 01:20:42+00:00,negatif
100%dukung RUU TNI,2025-03-22 01:20:38+00:00,positif
🥰,2025-03-22 01:18:56+00:00,positif
🥰🥰🥰,2025-03-22 01:18:53+00:00,positif
"nanti gw bawa vest level 4 biar, tapi nanti takut di pepeng tni 😹😹",2025-03-22 01:15:51+00:00,netral
hilangkan ketuanya,2025-03-22 01:14:53+00:00,negatif
makin rusak ini negara,2025-03-22 01:14:45+00:00,negatif
negri ini emang aneh🗿,2025-03-22 01:14:35+00:00,negatif
👍,2025-03-22 01:12:44+00:00,positif
Rule no 1 : jangan rakus,2025-03-22 01:12:14+00:00,negatif
Musuh utama kita adalah DPR 🤣,2025-03-22 01:12:02+00:00,netral
"Indonesia emas ❌
Indonesia boyah ✅",2025-03-22 01:11:51+00:00,negatif
RUSAK UDAH RUSAK INDO😭,2025-03-22 01:11:47+00:00,negatif
😹,2025-03-22 01:10:52+00:00,positif
bayangin aj tiap sekolah ketemu ak47🗿,2025-03-22 01:10:44+00:00,positif
otw skolah bawa ak drako ini mah,2025-03-21 23:57:15+00:00,negatif
"#TolakRuuTni
#TolakRuuTni #TolakRuuTni #TolakRuuTni #TolakRuuTni #TolakRuuTni #TolakRuuTni #TolakRuuTni #TolakRuuTni #TolakRuuTni",2025-03-21 23:56:11+00:00,negatif
GAK ADA FUNGSI NYA JINGG RUU TNI,2025-03-21 23:56:10+00:00,netral
bubar aj negara ini,2025-03-21 23:55:52+00:00,negatif
@gerindra,2025-03-21 23:54:48+00:00,positif
🤣🤣🤣,2025-03-21 23:54:43+00:00,positif
😡😡😡,2025-03-21 23:54:39+00:00,positif
"i love malay, malay please claim me! 😊",2025-03-21 23:54:18+00:00,positif
oalah gitu. pantesan pd ngk setuju.,2025-03-21 23:51:45+00:00,negatif
"yang ada inspection animasi berapaan yak, 2 rebu kurang berapa🤭",2025-03-21 23:51:01+00:00,negatif
"msyarakat tdk disiplin, susah tertib, etos kerja rndah. dikasih wamil pasti gak mau. solusinya adlh ini",2025-03-21 23:50:54+00:00,negatif
RUU DAMKAR AJA,2025-03-21 23:50:36+00:00,netral
Indonesian sudah mulai terjajah 🤫,2025-03-21 23:50:32+00:00,negatif
uu diubah buat nyonya td,2025-03-21 23:50:24+00:00,negatif
gaenak anj jdi dewasa,2025-03-21 23:50:08+00:00,netral
percuma tuh pulau khusus koruptor 😹,2025-03-21 23:49:53+00:00,positif
😁,2025-03-21 23:48:36+00:00,positif
🙏,2025-03-21 23:48:32+00:00,positif
@Nabila🌷,2025-03-21 23:48:20+00:00,positif
"02 voters = HAMA
MAKAN TUH ORDE BARU JILID 2",2025-03-21 23:48:04+00:00,positif
ganti pak jokowi aja lah presiden nya jaman pak jokowi Indonesia tenang 2 aja kok yg milih no 02 to**l,2025-03-21 23:46:32+00:00,negatif
orang gak mau melakukan kesilapan yang berlaku pada masa lalu tapi ini dpr mau Coba Orde baru lagi salam dari Malaysia,2025-03-21 23:45:34+00:00,negatif
yg harus di demo ini deh kayanya . tolak RUU TNI !!,2025-03-21 23:44:44+00:00,negatif
Dpr a****g😌,2025-03-21 23:42:51+00:00,netral
PINDAH NEGARA AJA WOE,2025-03-21 23:42:31+00:00,negatif
@sleiolei @𝔠𝔞𝔥𝔞𝔶𝔞𝔞𝔭𝔯𝔦𝔩𝔦𝔞𝔷 rek.. ayo pindah😢,2025-03-21 23:41:22+00:00,netral
"bang kalau anda sekarang masih hidup, berarti apa yang anda omongin fitnah😁",2025-03-21 23:41:08+00:00,positif
😹,2025-03-21 23:40:39+00:00,positif
gak kebayang sekolah kerja pengganguran bawa ak47 🗿,2025-03-21 23:40:34+00:00,positif
😇,2025-03-21 23:39:05+00:00,positif
Kerusuhan v2 kah🗿,2025-03-21 22:33:18+00:00,negatif
amnan tentram ayem hidupnya zaman pak Harto.,2025-03-21 22:33:13+00:00,positif
🥰🥰🥰,2025-03-21 22:33:01+00:00,positif
❤️❤️❤️,2025-03-21 22:32:58+00:00,positif
giliran kek gini nyesel pilih gemoy 😂,2025-03-21 22:32:44+00:00,negatif
dpr mewakili siapa anjggg,2025-03-21 22:32:12+00:00,positif
sekarang keluar bawa medkit,2025-03-21 22:32:12+00:00,negatif
APAKAH MEREKA AKAN MEMBURU PARA KORUPTOR DENGAN PETRUS?? 💀,2025-03-21 22:30:58+00:00,negatif
sp sich awal mula pencetus ide RUU TNI hrs diubah?,2025-03-21 22:30:29+00:00,negatif
"Alhamdulillah dimalam lailatul qadar punya penyakit ini😔
-batuk
-hidung pilek
-pusing
-badan sakit""an
Ayo yang sama aduin bareng""semuanya ke Allah!",2025-03-21 22:30:29+00:00,negatif
peduli ape gw🤭,2025-03-21 22:30:06+00:00,netral
😭,2025-03-21 22:30:00+00:00,positif
kalo orang negara lain pergi ke indonesia kek mana itu? masih aman kah?,2025-03-21 22:28:31+00:00,negatif
"demokrasi demokrasi, giliran bicara hilang taekkk",2025-03-21 22:28:05+00:00,negatif
gelap,2025-03-21 22:27:17+00:00,netral
kami... tidak berjuang sendirian...,2025-03-21 22:27:01+00:00,negatif
kalo nolak kebijakan lengah dikit hilang kaya jaman Soeharto kah,2025-03-21 22:26:23+00:00,negatif
🗿🗿🗿,2025-03-21 22:26:21+00:00,positif
nyesel kan minta merdeka dulu 😂 nanti di akhirat gw tuntut siapa yang dulu mati Matian minta merdeka Ama belanda,2025-03-21 22:25:43+00:00,negatif
🥰,2025-03-21 22:25:28+00:00,positif
🗿,2025-03-21 22:25:18+00:00,positif
cape ah lama lama,2025-03-21 22:25:06+00:00,positif
kayanya gua mau ke Malaysia aja🗿,2025-03-21 22:23:07+00:00,positif
DPR kog setuju ..dah nanya ke rakyat blm ?,2025-03-21 22:23:06+00:00,negatif
@🍫🍪 ni rad pengertiannyh,2025-03-21 22:22:23+00:00,negatif
singkat padat bang bill postulang😭😭😭 @billysamuelo,2025-03-21 22:22:10+00:00,negatif
🥺,2025-03-21 22:20:58+00:00,positif
aduh jadi bingung mau beli gamis atau rompi ni,2025-03-21 22:20:34+00:00,negatif
💀,2025-03-21 22:20:08+00:00,positif
Ini lah yg di takut kan klo praproro jadi👍,2025-03-21 22:18:08+00:00,negatif
YAUDAH GAIS MALAM LAILATUL QADAR KITA ADUIN SEMUAA 😔🙏,2025-03-21 21:23:28+00:00,positif
negara sakit anj,2025-03-21 21:22:59+00:00,negatif
#tolakruutni,2025-03-21 21:22:44+00:00,negatif
awas bg nanti ilang,2025-03-21 21:22:22+00:00,negatif
😂,2025-03-21 21:21:11+00:00,positif
🗿,2025-03-21 21:21:02+00:00,positif
@Okta sikma ini taa yg gua ceritain,2025-03-21 21:20:38+00:00,positif
susah emang hidup di negara yang gapunya telinga.,2025-03-21 21:20:12+00:00,positif
wooo pemerintah gwendeng asuu,2025-03-21 21:20:12+00:00,netral
bjir🗿,2025-03-21 21:18:52+00:00,positif
😭,2025-03-21 21:18:34+00:00,positif
heboh cm fomo itu,2025-03-21 21:17:35+00:00,negatif
rakyat 90persen mendukung,2025-03-21 21:17:35+00:00,positif
😁,2025-03-21 21:17:12+00:00,positif
yg suka korup+bikin masalah siapa yg kena satu negara,2025-03-21 21:17:09+00:00,negatif
bearti buat melindungi para maling uang rakyat.,2025-03-21 21:16:55+00:00,positif
mantaappp🔥🔥🔥🔥🔥,2025-03-21 21:16:00+00:00,positif
🗿,2025-03-21 21:15:48+00:00,positif
😂,2025-03-21 21:15:40+00:00,positif
"ya allah dri remaja ke dewasa gw gini amat ya allahhh pen pindah negara ke jepang atau gk ke korea
-lulusan covid
-kurikulum percobaan
-un percobaan
-pertamax = pertalite
-orde baru",2025-03-21 21:14:39+00:00,negatif
😭,2025-03-21 21:13:12+00:00,positif
negara makin kesini makin ancur aja keliatan nya😔😔,2025-03-21 21:13:01+00:00,negatif
@Gibran Rakabuming plisss udh lh🥺,2025-03-21 21:11:57+00:00,negatif
🥰,2025-03-21 21:11:40+00:00,positif
🥰,2025-03-21 21:10:45+00:00,positif
🥰,2025-03-21 21:09:54+00:00,positif
☹️,2025-03-21 21:09:45+00:00,positif
😇,2025-03-21 21:09:29+00:00,positif
welcome back orba😍😍,2025-03-21 21:09:24+00:00,positif
😁,2025-03-21 21:08:58+00:00,positif
semoga Allah melindungi masyarakat rakyat negara Indonesia ini kecuali pejabat yang ga adil dan ga baik,2025-03-21 20:02:32+00:00,positif
😂,2025-03-21 20:02:09+00:00,positif
TNI bersama rakyat.. buktinya sebelumnya bayar bayar bayar siapa tuh...?,2025-03-21 19:59:53+00:00,negatif
mantap wok,2025-03-21 19:58:54+00:00,netral
@thessa🌷,2025-03-21 19:56:12+00:00,positif
Pindah negara yuks ada yg mau ikut🙂,2025-03-21 19:55:50+00:00,negatif
"pada takut koruptor 🤣🤣🤣,,,, seburuk ""nya orde baru korupsi ga sampe 1000 triliun",2025-03-21 19:55:07+00:00,negatif
aduh mending #kaburajadulu,2025-03-21 19:54:26+00:00,negatif
"hanya oknum2 yg watak penjahat..yg ke takutan 🤣🤣🤣🤣santai aja,,gk ada jg kepentingan dlm bernegara 😂",2025-03-21 19:52:08+00:00,negatif
#TolakRuuTni,2025-03-21 19:50:02+00:00,negatif
katanya udah merdeka? gimana sih...,2025-03-21 19:44:50+00:00,negatif
🥰,2025-03-21 19:41:23+00:00,positif
😁,2025-03-21 19:41:22+00:00,positif
🥰,2025-03-21 19:40:39+00:00,positif
emang jaman presiden bapak Jokowi bisa protes ?,2025-03-21 19:40:37+00:00,negatif
"efek emak"" sakit hati dan anaknya turun tangan mengacak"" isi bumi😂",2025-03-21 19:39:59+00:00,negatif
aku GK paham tapi pikiran kayak nanti kita membahas korupsi terus kita diculik?,2025-03-21 19:38:59+00:00,negatif
😁,2025-03-21 19:36:55+00:00,positif
🥰,2025-03-21 19:33:40+00:00,positif
Revisi UU TNI bertujuan untuk mengimbangi dan melepaskan cengkraman kekuatan politik Polri dan mulyono dalam merusak konstitusi dan negara.. Jadi revisi UU TNI harus kita dukung.. 👍,2025-03-21 19:31:54+00:00,positif
😁,2025-03-21 19:29:55+00:00,positif
😂,2025-03-21 19:24:38+00:00,positif
"UU TNI lama : Prajurit Aktif bisa masuk 11 bidang.
UU TNI baru : Prajurit Aktif bisa masuk ke seluruh Kementerian (48) dan lembaga lain (100???).
TNI di semua Kementerian dan Lembaga Negara akan mengganggu iklim demokrasi & masyarakat.
Sudah pernah lapor polisi / gugat / nagih hutang ke Perwira?
Ini test drive Orba jilid 2? Atau perkuatan putaran ke 2?
Penjabaran lengkap di Profile.
Follow @tth_litigation.",2025-03-21 19:24:34+00:00,negatif
"pantes pada stju pejabat , ternyata emng korupsi",2025-03-21 19:22:47+00:00,negatif
😁,2025-03-21 19:22:36+00:00,positif
"tmn gua di story wa bacot banget anj
rusuh banget bahas ini sampe nyumpahin yg milih prabowo berasa dia bisa nyelametin negara aja😌",2025-03-21 19:21:52+00:00,negatif
🙄udahlah nyaringnya dari Twitter terus dari tempo yang notabenenya tukang fitnah.. 🙃,2025-03-21 19:21:45+00:00,negatif
🔥,2025-03-21 19:20:45+00:00,positif
😁,2025-03-21 19:20:33+00:00,positif
"hadeh ,males banget kesekolahan doang harus pake netherite armor,mana berat lagi ,njir ,di paksa sembuh di negara yg sakit",2025-03-21 17:20:44+00:00,negatif
lu Bahas RUU TNI tapi lu cuma jelasin orde baru aja😒,2025-03-21 17:20:17+00:00,netral
koyo rezim Bashar Al Assad Yo tentara yg kejam ke warga nya sendiri yg menolak,2025-03-21 17:20:04+00:00,negatif
😁,2025-03-21 17:19:49+00:00,positif
😁,2025-03-21 17:18:35+00:00,positif
auto hilang inimah,2025-03-21 17:18:03+00:00,negatif
😹,2025-03-21 17:17:13+00:00,positif
@tni.angkatan.darat jangan sampai 8 wajib TNI hilang ya 😔,2025-03-21 17:17:03+00:00,negatif
🥰🥰🥰,2025-03-21 17:17:03+00:00,positif
❤,2025-03-21 17:16:53+00:00,positif
😁,2025-03-21 17:16:39+00:00,positif
udh kyk korut dong..... anj,2025-03-21 17:15:37+00:00,negatif
jika itu rencana orang baik maka saya tetap dukung,2025-03-21 17:14:52+00:00,netral
mau gimana lg sdh di sah kan DPR,2025-03-21 17:13:36+00:00,netral
"kok masih ada sih yg dukung ini serius deh? guys dwifungsi loh!. knapa pemerintah ga ambil aja jalan lain misal melakukan perekrutan ulang wrga indonesia kaya tes cpns contohnya, harus bngt TNI??",2025-03-21 17:13:15+00:00,negatif
🗿,2025-03-21 17:12:32+00:00,positif
lebih baik gw mati di palestine dari pada disini,2025-03-21 17:12:27+00:00,netral
gatau bg gausah tanya2 menurut menurut aku lg capek bgt sama negara ini akhir2 ini,2025-03-21 17:10:41+00:00,negatif
 [photo],2025-03-21 17:09:00+00:00,positif
lah yang pegang dpr kan legislatif buka presiden aneh deh,2025-03-21 17:04:54+00:00,negatif
😂,2025-03-21 17:03:32+00:00,positif
@hanyu 🐰🐰💗,2025-03-21 17:03:18+00:00,positif
#tolakRuutni,2025-03-21 17:02:03+00:00,negatif
ini real atau cuman buat menenggelamkan berita2 korupsi yg ketanggap di dalem negri sih?😭pertamina gimana kelanjutan nya? ladang ganja? dll? pusing ah mending bobo😭,2025-03-21 17:01:07+00:00,negatif
"@Mr.RC:ini ngapasi pada takut takut bngt 🤣, udah liat belum isi nya ruu TNI 🤣, padahal Dwi fungsi gak ada lho
mereka hanya fokus ke Mentri pertahanan,Dwi fungsi tidak ada, jika mereka mau jabatan la",2025-03-21 17:00:24+00:00,negatif
"@prabowosubianto08 pak mana nii
@partaigerindra",2025-03-21 16:59:42+00:00,positif
takut banget kalo ilang😞,2025-03-21 16:59:32+00:00,positif
"dari pada orde Mulyono ,ancur semua tatanan hukum",2025-03-21 16:57:08+00:00,negatif
mereka tutup mata apa gmn si bnyk yang nolak tpi di sah in😭,2025-03-21 16:56:14+00:00,negatif
takut😭,2025-03-21 15:53:01+00:00,positif
BERANGKAT SEKOLAH NENTENG SCAR CUPID,2025-03-21 15:52:26+00:00,positif
lah iya.. video ini kok jadi lebih bahas ke orde baru bukan bahas ke RUU TNI nya,2025-03-21 15:51:12+00:00,negatif
@user578291937👽,2025-03-21 15:50:10+00:00,positif
oke otw ke korea jd idol aja,2025-03-21 15:49:08+00:00,netral
😹,2025-03-21 15:48:56+00:00,positif
#TOLAKRUUTNI,2025-03-21 15:48:19+00:00,negatif
smenjak bnyak korupsi terungkap trus bikin revisi ruu panggil aj kim jong un,2025-03-21 15:47:56+00:00,negatif
uud fungsi nya apaan anj,2025-03-21 15:45:52+00:00,netral
"itu rapat diam diam,DPR full tikus kah sampai pake RUU TNI 😂",2025-03-21 15:45:42+00:00,negatif
kasian bgt dah orang indonesia,2025-03-21 15:45:20+00:00,negatif
SUDAH KE TEBAK..publik figur yg tolak Ruu tni y artis pendukung abah ANIS,2025-03-21 15:45:12+00:00,negatif
peristiwa tanjung priok 1984 Wadih Deket lagi,2025-03-21 15:45:07+00:00,negatif
🥰,2025-03-21 15:45:02+00:00,positif
pindah ke China aj lah udah,2025-03-21 15:44:51+00:00,negatif
"@naa_ @A pen pindah negara,tapi pacak ape 😞",2025-03-21 15:44:26+00:00,negatif
jngn dulu gua belum nikah🥺,2025-03-21 15:44:16+00:00,negatif
🥺,2025-03-21 15:44:06+00:00,positif
🗿,2025-03-21 15:42:44+00:00,positif
🥰,2025-03-21 15:41:36+00:00,positif
tolak RUU tni,2025-03-21 15:41:06+00:00,positif
😌,2025-03-21 15:39:48+00:00,positif
yang korupsi aja belum kelar kelar malah ada lagi ini,2025-03-21 15:39:44+00:00,negatif
stevan youngs:mati guwe☠️,2025-03-21 15:37:18+00:00,netral
♥️,2025-03-21 15:37:18+00:00,positif
😂,2025-03-21 15:37:07+00:00,positif
@aya:@p.:PLISS JANGAN FOKUS KE RUU TNI DOANG RUU POLRI KALO DI SAHKAN LEBIH BAHAYA❗❗,2025-03-21 15:36:26+00:00,netral
ikut jaman saja pak,2025-03-21 15:35:24+00:00,positif
"DPR lagi kangen era orde baru guys biar klo korupsi ngk ketahuan dan bisa dibungkamkan,biar bisa menyiksa dan menyakiti rakyat kecil kaya kita ini.",2025-03-21 15:35:20+00:00,negatif
🥰,2025-03-21 15:34:22+00:00,positif
"yang sahkan DPR KAN?
kalian pada tau lah ,udh pada pinter",2025-03-21 14:51:05+00:00,negatif
apasih ga jelas banget mereka,2025-03-21 14:50:26+00:00,netral
@WATASHI,2025-03-21 14:50:15+00:00,positif
😂,2025-03-21 14:49:10+00:00,positif
Kalian masih mau pakai sistem ini? ini semua akarnya sistem tau:),2025-03-21 14:48:49+00:00,positif
real di jajah negara sendiri,2025-03-21 14:48:32+00:00,positif
ka vigooo😻,2025-03-21 14:47:55+00:00,netral
"udh paling bner, kabur aja dulu",2025-03-21 14:47:42+00:00,negatif
ini negara apa si,2025-03-21 14:47:19+00:00,positif
kata ayahku jangan sampai orba terulang lg ih serem,2025-03-21 14:47:17+00:00,negatif
😂,2025-03-21 14:45:40+00:00,positif
🤣,2025-03-21 14:45:40+00:00,positif
🥰,2025-03-21 14:45:27+00:00,positif
makanya pilih pemimpin itu yang cerdas bukan cuma tegas.,2025-03-21 14:45:04+00:00,netral
aku setuju sih tangkep aj orng yg nolak keras biar gak ngenganggu mereka gak sadar diri SDM ny pada rendah,2025-03-21 14:44:45+00:00,negatif
😏,2025-03-21 14:44:29+00:00,positif
😔,2025-03-21 14:43:30+00:00,positif
RAKYAT SETUJU TP MAFIA NANGIS,2025-03-21 14:42:59+00:00,negatif
ada hubungannya gak sih ruu TNI sama kasus korupsi yang sering kebongkar akhir akhir ini?,2025-03-21 14:42:05+00:00,negatif
"mintk pendapat sama yg sok pinter aj bg yg sok"" menyalahkan mahasiswa pas demo tetapi mereka tidak punya akal pikiran 😂😂😂😂😂😂",2025-03-21 14:41:08+00:00,negatif
anjay hidup di jaman pergantian orde baru 😭😭,2025-03-21 14:40:59+00:00,positif
😁,2025-03-21 14:39:57+00:00,positif
bocah bocah SMA yg sering menghina Jokowi pada ketar ketir,2025-03-21 14:39:06+00:00,netral
gimana mau maju ni negara kocak 😹😹,2025-03-21 14:38:54+00:00,negatif
pindah aja lah ke jepang@★♪‡ariin`♪,2025-03-21 14:38:30+00:00,negatif
.,2025-03-21 14:37:57+00:00,netral
😁,2025-03-21 14:37:29+00:00,positif
🔥,2025-03-21 14:37:29+00:00,positif
otw pull up jawa,2025-03-21 14:36:48+00:00,positif
😁,2025-03-21 14:36:40+00:00,positif
@Adrian_putra,2025-03-21 13:41:47+00:00,positif
@🚩,2025-03-21 13:41:01+00:00,positif
yeee liiiiii 🦅🔥🔥🔥🔥🔥🔥🔥🔥,2025-03-21 13:40:46+00:00,positif
😹,2025-03-21 13:40:45+00:00,positif
"tni depan kantor ku cuman duduk doank, yang piket 2/3 orang, ga pernah liat mereka apel, paling ngumpul semua ketika acara penting. huuh 🥹",2025-03-21 13:39:39+00:00,negatif
yongalah lekas ayem AE kok ngenemen,2025-03-21 13:39:20+00:00,negatif
😁,2025-03-21 13:37:57+00:00,positif
PILIHANNYA OKE GAS OKE GAS SIHHH KAN NEGARA JADI GINII BANGETT MAU JADI APAA GENERASI SELANJUTNYAA!!,2025-03-21 13:37:28+00:00,netral
😂,2025-03-21 13:37:26+00:00,positif
"bunda Kartini liat negara ini yang engkau perjuangin, di mana keadilan bunda Kartini ??
kami pengen keadilan yg benar , semoga bunda tidak sedih di dunia sana🥹🥹",2025-03-21 13:36:47+00:00,positif
mau komen takut,2025-03-21 13:36:31+00:00,negatif
@cacaa🎀 @nay,2025-03-21 13:36:27+00:00,positif
👍🏻,2025-03-21 13:36:18+00:00,positif
petrus lah,2025-03-21 13:34:24+00:00,negatif
bang makasi ya gw jadi paham,2025-03-21 13:33:40+00:00,negatif
😱,2025-03-21 13:33:32+00:00,positif
tolak RUU TNI,2025-03-21 13:33:04+00:00,positif
@Rizky ray:Trus fungsinya demokrasi apaan 😭,2025-03-21 13:32:33+00:00,negatif
💀,2025-03-21 13:31:33+00:00,positif
@𐌊𐌄𐌍𐌉𐌀𐌀,2025-03-21 13:31:32+00:00,positif
🤣,2025-03-21 13:30:37+00:00,positif
@🐹⋆𐙚₊ 레이 ˚⊹🎀♡,2025-03-21 13:30:35+00:00,positif
😅,2025-03-21 13:29:35+00:00,positif
😁,2025-03-21 13:29:32+00:00,positif
makin kesini makin rusak anj,2025-03-21 13:29:26+00:00,negatif
bahas tentang tung tung sahu,2025-03-21 13:28:52+00:00,positif
😞,2025-03-21 13:28:37+00:00,positif
#TOLAKRUUTNI,2025-03-21 13:28:12+00:00,negatif
"gua kalo mau pindah negara keinget trs masa perjuangan pahlawan yang dulu, cmn ky anjg masa skrg.",2025-03-21 13:26:54+00:00,negatif
AYO SIAPA YANG MAU IKUT PINDAH KE MARS MUMPUNG MASI CUKUP ROKETNYA😌,2025-03-21 13:26:48+00:00,netral
😂,2025-03-21 12:29:18+00:00,positif
Tolak🔥,2025-03-21 12:27:59+00:00,positif
#kaburajadulu come to japan,2025-03-21 12:27:47+00:00,negatif
"malay tukang claim, claim ak dong",2025-03-21 12:27:36+00:00,negatif
bahaya ini,2025-03-21 12:27:05+00:00,negatif
gimana ini pak prabowo,2025-03-21 12:26:53+00:00,positif
🥰,2025-03-21 12:25:07+00:00,positif
😳,2025-03-21 12:24:26+00:00,positif
tikus berdasi ad dimana mana😭🥲,2025-03-21 12:24:26+00:00,negatif
😁,2025-03-21 12:23:30+00:00,positif
@pengguna.public,2025-03-21 12:22:40+00:00,positif
😁,2025-03-21 12:22:33+00:00,positif
"Ditolak kerja di negara sndiri tapi diterima di negara lain, dinegara sndiri kualifikasi sarjana harus mininal kerja 2th tapi gajih masih 3 bertahun2 baru naik gajih paling mentok 5 atau berapa nih. Ternyta lahir baru menjadi dewasa pikiran udah ga karuan ya ditambah gebrakanya😂",2025-03-21 12:22:27+00:00,negatif
ok to iki,2025-03-21 12:21:22+00:00,netral
"memperlancar korupsi anj, negara gila",2025-03-21 12:20:24+00:00,positif
yaallah,2025-03-21 12:20:23+00:00,positif
😂😂😂,2025-03-21 12:20:08+00:00,positif
"lah iya, bahaya nih kl tb2 gw hilang",2025-03-21 12:19:52+00:00,negatif
🥰,2025-03-21 12:19:44+00:00,positif
setuju..biar gak ada ormas,2025-03-21 12:19:27+00:00,negatif
🥰,2025-03-21 12:19:14+00:00,positif
🥰,2025-03-21 12:19:08+00:00,positif
😘😘😘,2025-03-21 12:17:58+00:00,positif
aelah pulang sekolah masa harus pegang senjata,2025-03-21 12:17:25+00:00,negatif
ada negara gk ya yg mau nampung saya.? saya mau pindah,2025-03-21 12:17:19+00:00,negatif
💀💀💀,2025-03-21 12:16:23+00:00,positif
"gak ada yang setuju malah di paksa,ini malah bikin makin niat tinggalin ini negara",2025-03-21 12:15:49+00:00,netral
Ferdi Nuril dr dlu kan busuq ngapai dia dsebut,2025-03-21 12:15:42+00:00,negatif
@robi adha,2025-03-21 12:15:24+00:00,positif
"statusnya baru disahkan, masih bisa digugat. sebelum statusnya diundangkan",2025-03-21 12:14:51+00:00,netral
@korizen_belsa🐣 @•°momoy•°🐝🌊🫧,2025-03-21 11:29:38+00:00,positif
dpr sakit,2025-03-21 11:29:02+00:00,negatif
❤️,2025-03-21 11:28:44+00:00,positif
Konoha mh emng giji gajelas,2025-03-21 11:28:35+00:00,netral
takut indo jadi kyk Korut😕,2025-03-21 11:26:20+00:00,negatif
💗,2025-03-21 11:26:05+00:00,positif
"negara kita dalam masalah , sampe sampe yang punya jabatan pengen menguasai negara",2025-03-21 11:24:57+00:00,netral
kek di jajah lagi tapi sama sesama wni 🙂,2025-03-21 11:24:30+00:00,netral
😳,2025-03-21 11:23:20+00:00,positif
gini kalo negara dipegang jawa,2025-03-21 11:23:16+00:00,netral
"anak kelahiran 98 baru lahir udh kerusuhan, SD,SMP,SMA UN dapet kurikulum percobaan, kuliah lulusan covid. udh banyak cobaan dr lahir pas dewasa mau isi bensin aja ditipu🙏🏻 kurang kuat apa kita",2025-03-21 11:23:14+00:00,negatif
😭😭😭,2025-03-21 11:22:27+00:00,positif
plongo bet dah jir ni negara😹😹😹,2025-03-21 11:20:39+00:00,negatif
😂,2025-03-21 11:19:55+00:00,positif
🥰,2025-03-21 11:19:21+00:00,positif
"bang kenapa GK ada yang demo untuk segera sah kan perasaan aset,? apa karna GK ada yang.........",2025-03-21 11:18:43+00:00,negatif
♥,2025-03-21 11:18:07+00:00,positif
🗿,2025-03-21 11:18:06+00:00,positif
kabur ah udah ga bener di indo,2025-03-21 11:17:43+00:00,negatif
🥰,2025-03-21 11:16:35+00:00,positif
😁,2025-03-21 11:16:04+00:00,positif
☺,2025-03-21 11:15:30+00:00,positif
😏,2025-03-21 11:15:12+00:00,positif
mbak puan kan yang ketok palu?,2025-03-21 11:14:59+00:00,negatif
apsi msi ng lag ni otak,2025-03-21 11:14:35+00:00,netral
❤️,2025-03-21 11:14:30+00:00,positif
😅,2025-03-21 11:14:11+00:00,positif
🥰,2025-03-21 11:13:57+00:00,positif
🥰,2025-03-21 11:13:53+00:00,positif
😂,2025-03-21 11:13:14+00:00,positif
DPR DEWAN PERWAKILAN KORUPTOR,2025-03-21 10:14:41+00:00,positif
😹,2025-03-21 10:14:15+00:00,positif
@ʜᴇᴇᴡᴏɴ,2025-03-21 10:13:39+00:00,positif
🤲,2025-03-21 10:13:32+00:00,positif
kaya di myanmar ga sih,2025-03-21 10:13:16+00:00,negatif
"huwaa,mengapa indo makin kesini makin kesanaaa? #TolakRUUTNI",2025-03-21 10:13:06+00:00,negatif
@nadynn☁️@sagitariusssssss @angel,2025-03-21 10:12:56+00:00,positif
🗿,2025-03-21 10:11:59+00:00,positif
😁,2025-03-21 10:11:19+00:00,positif
😘,2025-03-21 10:09:53+00:00,positif
TOLAK RUU TNI,2025-03-21 10:08:55+00:00,positif
RUU perampasan aset alot banget 😅😅,2025-03-21 10:08:13+00:00,negatif
Intinya gara” 9naga ketemu ama presiden. Gatau dikasih uang brp amoe diadain ruu tni ini,2025-03-21 10:08:00+00:00,negatif
"padahal ini bagus,tapi masyarakat indo trauma dari yg udah terjadi jadi wajar banyak yg kontra",2025-03-21 10:07:58+00:00,negatif
"pantesan DPR mau sah kan ruu TNI, biar bisa lebih gacor korupnya",2025-03-21 10:07:44+00:00,negatif
😭,2025-03-21 10:07:19+00:00,positif
"harusnya RUU TNI utk hari ini beda pada yg dulu dan penetapannya harus adil utk hukum seluruh Indonesia karena era Prabowo itu zaman pemerangan terhadap ketidak Adilan/ SE wenang wenang,dimana-",2025-03-21 10:07:07+00:00,negatif
🔥,2025-03-21 10:06:56+00:00,positif
pasti puan lagi,2025-03-21 10:05:46+00:00,netral
🥺,2025-03-21 10:05:42+00:00,positif
@mallfreaaak.,2025-03-21 10:05:40+00:00,positif
😅,2025-03-21 10:05:22+00:00,positif
@akunke.2.stevansyoung gimana ini🤣,2025-03-21 10:01:08+00:00,positif
duh sila keempat ilang si ini,2025-03-21 10:00:26+00:00,negatif
😁,2025-03-21 10:00:15+00:00,positif
"ayo buat organisasi
selagi gua ada di jatim",2025-03-21 09:59:22+00:00,netral
❤️❤️❤️,2025-03-21 09:59:18+00:00,positif
"ga ada penangkapan korupsi, korupsi tetep ada tapi ga ketauan ohhh jadi di sahkannya ruu TNI depi terselamatkannya para korupsi karna kan dari kemarin pada ketauan yg korupsi",2025-03-21 09:59:17+00:00,negatif
😭,2025-03-21 09:59:16+00:00,positif
☺️,2025-03-21 09:59:14+00:00,positif
"Banyak banget ih komen buzzernya, blokin aja",2025-03-21 08:53:00+00:00,negatif
dpr kebut ruu tni krna biar mereka aman klo mau korup,2025-03-21 08:52:52+00:00,negatif
#TolakRUUTNI!,2025-03-21 08:51:27+00:00,negatif
😁,2025-03-21 08:51:19+00:00,positif
"rusak nih negara,udah paling bener pindah kewarganegaraan",2025-03-21 08:50:31+00:00,negatif
😳,2025-03-21 08:49:50+00:00,positif
dpr hama,2025-03-21 08:49:43+00:00,netral
"INDONESIA SAKIT, INDONESIA GELAP!",2025-03-21 08:47:59+00:00,negatif
kayak zamn Soeharto?,2025-03-21 08:47:07+00:00,negatif
😭,2025-03-21 08:46:55+00:00,positif
😁,2025-03-21 08:43:24+00:00,positif
twing twing kasus ganja di gunung bromo ilang wkwk,2025-03-21 08:42:44+00:00,negatif
😂,2025-03-21 08:42:11+00:00,positif
😁,2025-03-21 08:42:11+00:00,positif
aku merinding🥺,2025-03-21 08:41:40+00:00,positif
😁,2025-03-21 08:40:51+00:00,positif
😂,2025-03-21 08:40:26+00:00,positif
😳,2025-03-21 08:39:53+00:00,positif
sehat sehat negriku 🥀,2025-03-21 08:39:31+00:00,negatif
Yg ngesahin siapa😭,2025-03-21 08:39:18+00:00,negatif
"udah lah, infokan sg opm sama ak 2jt, buat sekolah",2025-03-21 08:38:56+00:00,negatif
🗿,2025-03-21 08:38:24+00:00,positif
i'm from Malaysia 🇲🇾🥰,2025-03-21 08:38:12+00:00,negatif
🤣,2025-03-21 08:37:32+00:00,positif
@༊ @ssaa,2025-03-21 08:37:32+00:00,positif
😳,2025-03-21 08:36:21+00:00,positif
dpr nya ganti anak gen z aja bisa ga si?,2025-03-21 08:35:35+00:00,netral
mending ruutni nya buat para penjabat yang korupsi aja,2025-03-21 08:35:11+00:00,negatif
😁😁😁,2025-03-21 08:34:04+00:00,positif
semoga aja stevensyoung gak hilang🗿,2025-03-21 07:18:34+00:00,negatif
nyesel pilih 02,2025-03-21 07:18:21+00:00,netral
indo bukannya makin bener malah makin stres ajg😔,2025-03-21 07:15:43+00:00,netral
tenang aja jepang butuh penduduk bnyk kok😂pindah Sono aja Rusia juga bagus,2025-03-21 07:15:12+00:00,netral
negara apaa ini stressssss,2025-03-21 07:15:02+00:00,negatif
heran sm yg dukung ruu tni,2025-03-21 07:14:55+00:00,negatif
bubarin aja deh DPR nya cape banget yaAllah😭,2025-03-21 07:14:33+00:00,negatif
😳,2025-03-21 07:14:22+00:00,positif
@HayaseYuuki♒,2025-03-21 07:14:20+00:00,positif
gini amat jadi warga indo💀,2025-03-21 07:14:01+00:00,positif
@partaigerindra,2025-03-21 07:13:36+00:00,positif
udaaah lah inti nya pada salah pilih 😂,2025-03-21 07:12:43+00:00,negatif
"INDONESIA EMAS❌
INDONESIA CEMAS✅",2025-03-21 07:12:37+00:00,positif
🔥,2025-03-21 07:12:24+00:00,positif
orde itu apa?,2025-03-21 07:11:19+00:00,negatif
😱,2025-03-21 07:11:16+00:00,positif
@partaigerindra ini gmn min,2025-03-21 07:10:39+00:00,positif
RUU TNI di kebut giliran UU Perampasan Aset di lama-lamain🗿,2025-03-21 07:10:22+00:00,positif
🤲🤲🤲,2025-03-21 07:10:09+00:00,positif
kek di jajah negeri sendiri😹,2025-03-21 07:10:04+00:00,positif
🥰,2025-03-21 07:08:03+00:00,positif
Klo uda gerombolan itu nolak berarti uda bener itu RUU😆,2025-03-21 07:07:09+00:00,negatif
"siapa yg ngusulin ni RUU haaa?. orang pendukungnya sebelah pasti nuduh pk wowo yg harus disalahin. padahal kan ini dibuat"" ama kubu sebelah biar pas presiden ke8 njabat banyak masalah yg nyeleneh. 🙃",2025-03-21 07:07:00+00:00,negatif
😁,2025-03-21 07:06:05+00:00,positif
owalah gitu doang,2025-03-21 07:06:05+00:00,netral
@seblakkeju,2025-03-21 07:05:48+00:00,positif
bibit2 war wolrd 3,2025-03-21 07:05:25+00:00,netral
"jgn di samakan Orde baru jaman dulu dgn RUU TNI jaman Prabowo yg skrg, dan jgn suka menjadi kompor yg bisa membakar kedamaian negeri ini ♥️",2025-03-21 07:05:23+00:00,positif
@Deddy Corbuzier @Ali hamza 🧔🏻 @gerindra,2025-03-21 07:04:46+00:00,positif
😂,2025-03-21 07:03:43+00:00,positif
"terlalu banyak mafia politik di negri ini, ayok cuman kita masyarakat lah yang mampu melawan ini semua.",2025-03-21 06:18:05+00:00,negatif
"kalian kalo gapaham politik mending pelajarin dulu Eksekutif, Legislatif, dan Yudikatif. jangan asal nyalahin Presiden, ini 'RUU', mau Presiden setuju atau tidak, tetep bisa disahkan oleh DPR.",2025-03-21 06:17:43+00:00,negatif
👍,2025-03-21 06:15:56+00:00,positif
"solosi nya jgn bayar pajak aja
selesai🤭",2025-03-21 06:15:20+00:00,positif
mirip kayak cerita laut bercerita itu ga sih? atau beda,2025-03-21 06:14:42+00:00,netral
🤨,2025-03-21 06:14:30+00:00,positif
😬,2025-03-21 06:13:38+00:00,positif
"@partaigerindra bagaimana tanggapan nya, pak?",2025-03-21 06:12:55+00:00,netral
"orang² bertattoo akan di buat ketar ketir seperti saya, jika petrus di fungsikan",2025-03-21 06:12:07+00:00,negatif
masa sih gw mau kesekolah bawa usp🗿,2025-03-21 06:10:57+00:00,netral
😔,2025-03-21 06:10:56+00:00,positif
😭😭😭,2025-03-21 06:10:52+00:00,positif
🥰,2025-03-21 06:09:02+00:00,positif
Ayo kita ke Isekai aja jadi MC😇🗿,2025-03-21 06:08:30+00:00,positif
biasa lah org yg kalah itu selalu ovt maknya sama polisi takut sma tni takut. semua bahaya kalau kalian kalah karena ngerasa semua kebijakan bukan keinginan kalian gitu aj sih bang menurut saya,2025-03-21 06:08:28+00:00,negatif
DPR=ANJING,2025-03-21 06:08:25+00:00,netral
🙏🏻🙏🏻🙏🏻,2025-03-21 06:08:24+00:00,positif
🗿,2025-03-21 06:07:41+00:00,positif
Kabur aja dl yang masih bisa kabur,2025-03-21 06:05:45+00:00,negatif
@AuthorReceh.com nohh weell😭,2025-03-21 06:05:36+00:00,negatif
RUU TNI hanya menutup nutup i kasus korupsi kemarin wkwkwk bung bung,2025-03-21 06:05:30+00:00,negatif
🥺,2025-03-21 06:05:15+00:00,positif
mungkin ini buat ngelengserkan jabatan nya pak Prabowo,2025-03-21 06:05:00+00:00,netral
🥰,2025-03-21 06:04:53+00:00,positif
anj ya,2025-03-21 06:04:12+00:00,netral
udh negara gk maju mau ada aja yang bikin masyarakat menderita 😐🤐,2025-03-21 06:04:09+00:00,negatif
gatau bang 2010 harus mikirin ruu tni,2025-03-21 06:03:34+00:00,negatif
#kaburajadulu,2025-03-21 06:03:07+00:00,negatif
kura bajingan apa masa remaja gw 😂,2025-03-21 06:02:45+00:00,positif
🥰,2025-03-21 06:02:31+00:00,positif
🗿,2025-03-21 05:24:15+00:00,positif
😩,2025-03-21 05:24:02+00:00,positif
"the real generasi sandwich,",2025-03-21 05:23:59+00:00,positif
😭,2025-03-21 05:23:48+00:00,positif
"HAPUS GA, cmn gen z yg boleh double job TNI gausa👎🏻👎🏻👎🏻",2025-03-21 05:23:30+00:00,positif
"Jumlah penduduk Indonesia pada tahun 2025 diperkirakan mencapai 284,44 juta jiwa, yg jd asn hanya 1,5% nya, Tingkat Pengangguran Terbuka (TPT) pada Februari 2024 sebesar 4,82%. jd drpd menambah pekerjaan TNI, mending buka cpns untuk mengurangi pengangguran. jgn membuat kaya yg sudah berpenghasilan, tp menjadikan semakin miskin yg miskin.",2025-03-21 05:22:31+00:00,negatif
😭,2025-03-21 05:22:26+00:00,positif
🗿,2025-03-21 05:22:05+00:00,positif
Selamat datang di era Soeharto gaess.,2025-03-21 05:21:41+00:00,positif
🥺,2025-03-21 05:21:24+00:00,positif
@akuuu,2025-03-21 05:20:15+00:00,positif
😭,2025-03-21 05:19:57+00:00,positif
kasian ank cucu kita di Indonesia🥺,2025-03-21 05:19:56+00:00,netral
orba aman aman aja gw dari dulu.. malah yg korup ketakutan ngilang di culik,2025-03-21 05:19:26+00:00,negatif
nanti sekolah bekal ak47,2025-03-21 05:19:10+00:00,netral
gini amat jadi anak muda kelahiran 2008☺️,2025-03-21 05:19:09+00:00,netral
rusak,2025-03-21 05:19:07+00:00,negatif
Sudah kaya korut bedanya korut gaada yg korup🤣,2025-03-21 05:18:50+00:00,netral
💋,2025-03-21 05:18:30+00:00,positif
"gw gk akan pernah maafin voters 02 kemarin, gara2 lu semua ini terjadi",2025-03-21 05:18:13+00:00,negatif
🥰🥰🥰,2025-03-21 05:17:48+00:00,positif
"ruu TNI disahkan, langsung 2030 ajh biar makin cepet coblosan lagi🙏",2025-03-21 05:16:33+00:00,negatif
"tiba2 pdip jadi sapi ompong gak sih ? apa jadi tawanan ? kalo ngelawan langsung masuk sel... padahal mereka menduduki kursi yg lumayan banyak loh di dpr, kok bisa gak bersuara hal-hal kek gini.....",2025-03-21 05:16:05+00:00,negatif
makin rusak nih negara😪,2025-03-21 05:15:21+00:00,negatif
🤲,2025-03-21 05:14:42+00:00,positif
curiga bikin RUU TNI biar lancar korup nya 🤣🤣,2025-03-21 05:14:42+00:00,negatif
@Icaaaca,2025-03-21 05:13:54+00:00,positif
"PINDAH YOK PINDAH, PINDAH NEGARA AYOK
BEBAS MAU YANG DI EROPA TETANGGA ASIA YANG PENTING PINDAH YOK",2025-03-21 05:13:31+00:00,negatif
pasti money🤑,2025-03-21 05:13:07+00:00,positif
😂,2025-03-21 05:13:06+00:00,positif
#TolakrevisiUUTNI,2025-03-21 04:39:35+00:00,negatif
😁,2025-03-21 04:39:12+00:00,positif
Lanjutkan TNI!!!🔥🔥🔥😎,2025-03-21 04:38:14+00:00,positif
"gua dukung RUU TNI 100%,,aman broooo",2025-03-21 04:38:10+00:00,positif
😂,2025-03-21 04:38:08+00:00,positif
😁,2025-03-21 04:37:30+00:00,positif
🥰🥰🥰,2025-03-21 04:36:25+00:00,positif
jir mirip pemerintah dunia di one piece,2025-03-21 04:36:18+00:00,negatif
😁,2025-03-21 04:36:12+00:00,positif
😋,2025-03-21 04:36:09+00:00,positif
ayok kabur aja ke luar negeri😌,2025-03-21 04:35:58+00:00,negatif
@5% ndd fungsinya demokrasi DPR KOCAK,2025-03-21 04:35:38+00:00,positif
@y,2025-03-21 04:35:03+00:00,positif
bagus mas tolong banyakin kontennya 🙏 langkahmu menolong masyarakat,2025-03-21 04:34:15+00:00,positif
yang setuju nglawan siapa gpp mati dah,2025-03-21 04:33:54+00:00,negatif
🙏,2025-03-21 04:33:47+00:00,positif
😁,2025-03-21 04:33:40+00:00,positif
info baju lebaran anti peluru,2025-03-21 04:32:42+00:00,netral
@GENTUNG:tolak RUU TNI🔥,2025-03-21 04:32:32+00:00,negatif
@rannn,2025-03-21 04:32:03+00:00,negatif
gatel,2025-03-21 04:32:02+00:00,netral
belanda datang lagi ke Indonesia plisss,2025-03-21 04:31:42+00:00,negatif
"dari pada lo di pimpin oleh polisi ???
selama ini yang duduk di pemerintahan itu emang ada masyarakat sipil kalangan biasa yang menjabat ? 100% sipil yang berduit dan dari kalangan partai ! apa orang2 sipil berduit peduli sama rakyat sipil biasa ? yang mereka ingin hanya memperkaya diri dan mempermulus usaha mereka",2025-03-21 04:31:36+00:00,negatif
udah cape..,2025-03-21 04:31:31+00:00,netral
harus nya ada RUU warga sipil wajib militer ke negara lainnya #tolakRUUTNI,2025-03-21 04:31:31+00:00,negatif
😂,2025-03-21 04:31:14+00:00,positif
jdi bingung beli baju lebaran atau baju antipluru🗿,2025-03-21 04:31:13+00:00,negatif
"makin nambah aja musuh masyarakat, duh aman ga sih komen2 gini lagi",2025-03-21 04:31:13+00:00,negatif
😹 Otw balik ke orba ini mah,2025-03-21 04:30:48+00:00,negatif
😹😹😹,2025-03-21 04:30:23+00:00,positif
Coba cek menurut pak mahfud gimana soal ruu tni beliau padahal lawan dari pak prabowo,2025-03-21 03:41:59+00:00,netral
"Giliran RUU perampasan aset ribet bener DPR.., tautau ngesahin RUU yang gaje..
semenjak bnyak koruptor bsar ketangkep ada aja gebrakan DPR.. jangan"" penggiringan opini dgn tujuan adu domba rakyat.🗿",2025-03-21 03:41:58+00:00,negatif
"gimana mau sukses..,impian gw hancur lebur jadi miliarder,""PERINTAH ATASAN HARUS DIIKUTI GAK BISA DIDEBAT"",maksudnya negara ini apa si?,menuju indonesia emas?😹😹,mana yg katanya negara demokrasi??KWK",2025-03-21 03:41:57+00:00,negatif
"Aku tu mikir DPR itu selalu buat UU yang bikin rakyat nyalahin presiden. Tau kan Ketua DPR sekarang oposisi, jadi kayak sengaja bikin rakyat marah ke presiden, padahal pelakunya DPR 😭",2025-03-21 03:41:34+00:00,negatif
indonesia bukanlah lagi demokrasi,2025-03-21 03:41:17+00:00,negatif
@PRABOWO SUBIANTO pak tolak ruuTNI,2025-03-21 03:41:04+00:00,negatif
💐,2025-03-21 03:41:02+00:00,positif
@rhn,2025-03-21 03:40:23+00:00,positif
#TOLAK RUU TNI & BUBARKAN DPR!!,2025-03-21 03:39:59+00:00,negatif
😭😭😭,2025-03-21 03:39:44+00:00,positif
"makin kesini, makin kesono, makin menghadeuhhh aja ni negara... makin kocak aja nih... Disekolah dari kecil diajarin suruh bangga jadi WNI, pas gede hmmm ah gelap, malah pengen pindah negara 😌",2025-03-21 03:39:38+00:00,negatif
🥰,2025-03-21 03:39:35+00:00,positif
"kayanya banteng takut ketauan korupsi makanya ngesahin RUUTNI,kan udah banyak yang udah kebongkar",2025-03-21 03:39:28+00:00,negatif
🥰,2025-03-21 03:39:18+00:00,positif
yg punya uang bakalan punya kuasa ni pasti hduhh.... gini amat Cok jadi wni,2025-03-21 03:39:06+00:00,negatif
ayo kita demo dari Sabang sampai Merauke,2025-03-21 03:38:16+00:00,positif
"curiga sama yg nyusul tentang RUU TNI ini,🗿",2025-03-21 03:37:12+00:00,netral
Apa perlu kami”ini yang mau mengulingkan negara ini?,2025-03-21 03:37:03+00:00,positif
kok bisa kejaksaan yang harusnya netral malah bisa diisi oleh orang dari militer,2025-03-21 03:36:29+00:00,netral
"dpr apansi, mentang mentang dewan perwakilan rakyat ya Lo",2025-03-21 03:36:29+00:00,negatif
presenter metro 💀,2025-03-21 03:36:13+00:00,positif
berarti bisa jadi bakal kaya 98🥺,2025-03-21 03:35:55+00:00,positif
mesti beli rompi ini mah🗿,2025-03-21 03:35:19+00:00,netral
😁,2025-03-21 03:35:03+00:00,positif
😂,2025-03-21 03:35:01+00:00,positif
😁,2025-03-21 03:34:56+00:00,positif
astagfirullah,2025-03-21 03:34:46+00:00,positif
@;༊,2025-03-21 03:34:23+00:00,positif
😂,2025-03-21 03:34:18+00:00,positif
Indonesia cemas,2025-03-21 03:34:03+00:00,negatif
lierrrr teu kudu aya DPR atuh ari teu pro karakyat mah hese indonesia mah rarieurrr ngadenge na ge,2025-03-21 03:08:29+00:00,negatif
terus ini yg diuntungkan siapa dari rru tni ini?,2025-03-21 03:08:20+00:00,positif
😁,2025-03-21 03:08:08+00:00,positif
😁,2025-03-21 03:07:19+00:00,positif
😭,2025-03-21 03:07:16+00:00,positif
orde paling baru ini mah🗿,2025-03-21 03:07:14+00:00,positif
Oalah biar bisa korup toh,2025-03-21 03:07:09+00:00,negatif
besok besok mah golput aja ssmua seluruh indonesia,2025-03-21 03:06:30+00:00,negatif
"biar korupsi nya makin aman makanya,mereka rapat diam diam 🤣",2025-03-21 03:06:27+00:00,negatif
siapa sih yang membuat dan mau menyetujui ruu TNI ni?,2025-03-21 03:06:24+00:00,negatif
🌸,2025-03-21 03:06:24+00:00,positif
bener kata almh gus dur DPR itu taman kanak² gak terlalu fungsi,2025-03-21 03:06:04+00:00,negatif
bukanya kalian meridukan jaman Suharto enak toh😁😁😁,2025-03-21 03:05:44+00:00,netral
negara apaan sih,2025-03-21 03:05:36+00:00,negatif
Sebenarnya aman aman saja kalau kepalanya gak busuk . Mau itu orba atau reformasi kalau kepalanya busuk yah sama aja 🗿,2025-03-21 03:05:02+00:00,negatif
🥰,2025-03-21 03:04:58+00:00,positif
gimana pilihan kalian?😂,2025-03-21 03:04:31+00:00,netral
lah dulu katanya banyak yang suka kepemimpinan pak harto sekarang pada heboh heran. kan udah diacc tuh,2025-03-21 03:04:14+00:00,negatif
angger we korupsi ma aya anjinggggg,2025-03-21 03:03:26+00:00,negatif
emng indonesia udh rusak,2025-03-21 03:03:15+00:00,negatif
"jepang lagi butuh bibit😁, gas jepang😭",2025-03-21 03:02:30+00:00,negatif
ini biar yang korupsi aman kah bg🙏🙏,2025-03-21 03:02:25+00:00,negatif
gws indonesia,2025-03-21 03:02:22+00:00,positif
Indonesia udah kiamat...,2025-03-21 03:02:01+00:00,negatif
Rusak rusaaaaakkkkkk ini negara,2025-03-21 03:01:58+00:00,negatif
yok pindah negara yok,2025-03-21 03:01:56+00:00,negatif
🙄,2025-03-21 03:01:52+00:00,positif
aduin ke tuhan yuk😔,2025-03-21 03:01:34+00:00,positif
😁,2025-03-21 03:01:33+00:00,positif
😁,2025-03-21 03:01:19+00:00,positif
"Kenapa tedi gak disuruh mundur aja, pekara 1 org hrus ngerombak undang2",2025-03-21 02:21:54+00:00,negatif
ini yang meresahkan tuh sebenernya DPR kan ya soalnya buat kebijakan ga menguntungkan rakyat? mohon penjelasannya,2025-03-21 02:21:42+00:00,negatif
masa kuliah nnti bawa pistol,2025-03-21 02:21:37+00:00,netral
😂,2025-03-21 02:20:42+00:00,positif
kitaa liat ajaa apakah TNI masih bisa bersama rakyat,2025-03-21 02:20:17+00:00,netral
"iyaa lagiii. awas tembak"" kan",2025-03-21 02:20:14+00:00,negatif
bisa liat kasus sabung ayam,2025-03-21 02:19:39+00:00,netral
"Dah keliatan tujuannya buat apa, buru buru pula.",2025-03-21 02:19:38+00:00,negatif
🤪🤪🤪,2025-03-21 02:19:28+00:00,positif
😁,2025-03-21 02:18:40+00:00,positif
ok waktunya pindah ke negara tetangga 😌,2025-03-21 02:18:33+00:00,netral
makin yakin buat pindah negara🙏🙏,2025-03-21 02:17:57+00:00,negatif
"ga ngaruh yg penting oke gas oke gas, hidup jokoweeeeeee",2025-03-21 02:17:31+00:00,positif
indonesia nambah tahun makin 4n cu r😏,2025-03-21 02:17:04+00:00,negatif
😳,2025-03-21 02:17:03+00:00,positif
Prabowo ngapain dah,2025-03-21 02:16:50+00:00,negatif
"makanya kalo jd mahasiswa tuh demo yg tertib. utamakan apa yg ingin disampaikan,bukan malah nebar hujatan dan merusak fasilitas negara demi kursi di PDI😌 lebih gobl*k lagi demo malah curhat galau galauan🥴 dg bangga nya di tenteng seakan² itu keren pdhl itu gapenting bngt.
belajar tau diri jd manusia,belajar lg yg bener,minimal berita tuh dicerna dg baik biar gk asal demo. pakde ku turun demo tahun 98,dan jujur beliau tiap liat mahasiswa demo pasti heran krn mahasiswa demo gaada tujuan sama skali. lebih parah nya lg abis demo auto gabung PDI🙃
negara kita emang bener² krisis adab dan etitut sih,mngkin ini slh satu alasan UUD ini di sah kan.",2025-03-21 02:16:43+00:00,negatif
doain aljabar aja si anggota dpr,2025-03-21 02:16:14+00:00,netral
bubarkan DPR,2025-03-21 02:16:02+00:00,negatif
😳,2025-03-21 02:15:17+00:00,positif
"Negara demokrasi apanya, eek",2025-03-21 02:15:16+00:00,negatif
presiden mana ya,2025-03-21 02:14:28+00:00,positif
katanya mau maju kok malah lebih mundur😂😂,2025-03-21 02:14:19+00:00,negatif
@gerindra p,2025-03-21 02:14:18+00:00,positif
karena DPR pada koruptor woyyy makanya dia mau cpt² disahkan RUU TNI biar ga di tangkap,2025-03-21 02:13:52+00:00,negatif
🥰,2025-03-21 02:13:43+00:00,positif
apakah indo bakal jadi kayak korutt😌,2025-03-21 02:13:33+00:00,negatif
"bubarin aja itu DPR bener kata gusdur DPR hanya menyusahkan rakyat, dpr gak ada gunanya",2025-03-21 02:13:33+00:00,negatif
😁,2025-03-21 02:13:24+00:00,positif
😔,2025-03-21 02:12:41+00:00,positif
🗿,2025-03-21 01:34:51+00:00,positif
"RUU perampasan aset kgk pernah dibahas lgi tu,malah cari yg lain🗿",2025-03-21 01:34:46+00:00,negatif
😂,2025-03-21 01:34:31+00:00,positif
💃,2025-03-21 01:34:24+00:00,positif
bodo amat lah nga ada untungnya buat masarakat kecil,2025-03-21 01:33:58+00:00,netral
😁😁😁,2025-03-21 01:33:50+00:00,positif
Terus yg merugikan rakyat itu yg mana 😅,2025-03-21 01:33:46+00:00,positif
"Secara rasional, meskipun ada beberapa keuntungan dari revisi ini, dampak negatifnya terhadap demokrasi, hak sipil, dan sistem pemerintahan lebih besar. Jika tidak dikontrol dengan baik, RUU TNI bisa mengancam reformasi yang telah berjalan selama lebih dari dua dekade. Idealnya, revisi UU TNI harus lebih berfokus pada peningkatan profesionalisme militer dan kesejahteraan prajurit tanpa mengganggu keseimbangan antara militer dan sipil.",2025-03-21 01:33:24+00:00,netral
🙏,2025-03-21 01:32:53+00:00,positif
bapak lah tek gawe nambah susah cari gawe,2025-03-21 01:32:27+00:00,negatif
👍,2025-03-21 01:32:19+00:00,positif
mending Ganjar menang dh 😮‍💨,2025-03-21 01:32:11+00:00,negatif
"wkwkwk gw ngeri yg tolak ini kena ideologi CI* biar kita ga maju-maju, sulitnya perang dingin antar negara ini 😂",2025-03-21 01:31:58+00:00,negatif
2030 Menuju Indonesia hancur/bubar😹,2025-03-21 01:31:56+00:00,negatif
@esi apaa ini woi,2025-03-21 01:31:43+00:00,netral
"gimana sih kerjaannya dpr, masa mereka ga pertimbangin kalo mau ngesahin uu, lebih banyak keuntungannya buat rakyat atau malah lebih banyak kerugiannya buat rakyat",2025-03-21 01:30:54+00:00,negatif
jangaaaaan,2025-03-21 01:30:50+00:00,netral
"jangan lah klw bisa...
nanti awak sholat Jumat di kelilingi TNI ...
ada pulak nanti berita khatib Jumat mati",2025-03-21 01:30:36+00:00,negatif
kaya di perbudak ini mah,2025-03-21 01:30:04+00:00,positif
@two,2025-03-21 01:29:56+00:00,negatif
"palestina perang sama israel, indonesia perang sama pemerintah sendiri🤣",2025-03-21 01:29:19+00:00,negatif
DPR = HAMA🖕🖕,2025-03-21 01:28:49+00:00,positif
rapat diem” di hotel?,2025-03-21 01:28:43+00:00,negatif
"@ARIF:•lulusan covid
•kurikulum percobaan
•un percobaan
•pertamax = pertalite
•orde baru
gini amat masa dewasa guaa",2025-03-21 01:28:40+00:00,positif
iyaa itu pendukung amis bang,2025-03-21 01:28:36+00:00,negatif
"@ARIF:•lulusan covid
•kurikulum percobaan
•un percobaan
•pertamax = pertalite
•orde baru
gini amat masa dewasa guaa",2025-03-21 01:28:25+00:00,positif
😂,2025-03-21 01:28:16+00:00,positif
😁,2025-03-21 01:27:59+00:00,positif
lagi di tahap doain negara tiap abis solat😭🙏,2025-03-21 01:27:49+00:00,positif
pemerintah pada takut karena kasus korupsi indo pada ketauan semua jadi di buat ruutni biar borok/korupsi yang lain sama yang lebih besar biar ga ketaun #indo semakin gelap,2025-03-21 01:00:26+00:00,negatif
yg kontra mereka yg merasa terancam kekuasaanya...,2025-03-21 01:00:10+00:00,negatif
"drpda dibkin bingung tntang UU mnding di ubah aja skalian dr demokrasi jdi otoriter kelar,, toh emng udh ketebak ikutin pa harto,,",2025-03-21 01:00:05+00:00,negatif
#TolakRUUTNI,2025-03-21 00:59:55+00:00,negatif
✨✨✨,2025-03-21 00:59:26+00:00,positif
Ni negara kaya takut Tuhan gitu? Gak ada rasa takut emang 💔💔,2025-03-21 00:58:35+00:00,negatif
😭😭😭,2025-03-21 00:57:57+00:00,positif
ud ini mah gw ke China aja ktmu pcr pcr gw,2025-03-21 00:57:54+00:00,negatif
😁,2025-03-21 00:57:18+00:00,positif
😂,2025-03-21 00:57:16+00:00,positif
"Ap mungkin tni digerakan lagi krn memang harus diakui demokrasi kita kebablasan…. Sering mengatasnamakan demokrasi tapi menghina, memaki dan menghujat… blm lg teriak2 korupsi tp kelakuan sendiri gitu",2025-03-21 00:57:04+00:00,negatif
😁,2025-03-21 00:57:00+00:00,positif
😳😳😳,2025-03-21 00:56:34+00:00,positif
"gue aja gak paham apaan tuh maksudnya,",2025-03-21 00:56:30+00:00,negatif
semua gara wowo,2025-03-21 00:56:09+00:00,positif
😍,2025-03-21 00:56:08+00:00,positif
😳,2025-03-21 00:56:08+00:00,positif
Bubar bae Indonesia,2025-03-21 00:55:59+00:00,negatif
kl g salah kenapa pada takut soalnya zaman skeng demokrasi itu disalah gunakan. jelekin presiden aja seenaknya,2025-03-21 00:55:57+00:00,negatif
🥰,2025-03-21 00:55:50+00:00,positif
😁,2025-03-21 00:55:42+00:00,positif
"kita gak bisa demo gitu? gr2 takut diintimidasi pake kekerasan?, bukannya demo itu pendapat rakyat terhadap pemerintahan yang tidak becus ya? kalo gitu kita gimana mau bisa demo? kalau diintimidasi?",2025-03-21 00:55:13+00:00,negatif
@partaigerindra,2025-03-21 00:54:38+00:00,positif
🥰,2025-03-21 00:53:48+00:00,positif
bubar aja GK si bikin kesel aja,2025-03-21 00:53:23+00:00,negatif
maju truss UUD TNI,2025-03-21 00:53:21+00:00,negatif
bapak gw tni lagi cok💔,2025-03-21 00:52:38+00:00,positif
yg nolak ada kepentingan politik kejam,2025-03-21 00:52:36+00:00,positif
😌,2025-03-21 00:51:45+00:00,positif
"keenakan yg ada para tikus"" indo 😂",2025-03-21 00:50:58+00:00,netral
🥺,2025-03-21 00:17:13+00:00,positif
"pantesan kejahatan di bongkar semua kemarin, tenyata mau buat ini toh wkwk",2025-03-21 00:17:02+00:00,negatif
SAKIT NIH NEGARA,2025-03-21 00:16:10+00:00,negatif
🤣,2025-03-21 00:15:57+00:00,positif
ini undang2 titipan. tau kan maksd gw?,2025-03-21 00:15:43+00:00,negatif
kita lihat di akhirat nanti,2025-03-21 00:15:12+00:00,positif
😳,2025-03-21 00:14:48+00:00,positif
kalian semua yg pilih MAKAN SIANG GRATIS😂😂😂 selamat menikmati makan siang nya,2025-03-21 00:14:47+00:00,positif
bubar aja Indonesia jadi belanda lagi,2025-03-21 00:14:16+00:00,negatif
😁,2025-03-21 00:14:07+00:00,positif
😂,2025-03-21 00:14:04+00:00,positif
"""Gotham city"" ahh Indonesia",2025-03-21 00:13:18+00:00,netral
😭,2025-03-21 00:12:53+00:00,positif
"negara gajelass, bubar aja bubarr",2025-03-21 00:12:35+00:00,negatif
lu ngejelasin yg bener lahhh kok tiba tiba ke orde baru dan pendapat orang²,2025-03-21 00:12:24+00:00,negatif
@gerindra,2025-03-21 00:12:22+00:00,positif
negara anj,2025-03-21 00:10:32+00:00,positif
drp pengen kolupxi diam²🤭,2025-03-21 00:10:15+00:00,negatif
"yg lu bahas ini mah bukan ttg ruu tapi orde baru.
bahas dong ruu nya, dgn kejadian kasus2 besar akhir2 ini hanya TNI yg masi bisa di percaya. .",2025-03-21 00:10:14+00:00,negatif
😭,2025-03-21 00:10:14+00:00,positif
😂,2025-03-21 00:09:37+00:00,positif
🙏,2025-03-21 00:09:28+00:00,positif
sumpah bener bener lu ye dpr. gue tuntut lu semua di akhirat gue aduin ke A1 yg punya dunia. Cape banget di Indo😭,2025-03-21 00:08:19+00:00,negatif
"sampe sini paham kan siapa dibelakang ini semua, yang baru aja mejabat jabatan nomor 1 di negara ini",2025-03-21 00:07:13+00:00,negatif
apasi heran bet makin kesini makin gajelas,2025-03-21 00:07:06+00:00,negatif
panji lagi ruril lagi 2 artis itu hemm 🤣😂😂🤣 omongannya udah ngalah ngalahin tau segalanya😂🤣🤣,2025-03-21 00:06:53+00:00,negatif
😂,2025-03-21 00:06:14+00:00,positif
😁,2025-03-21 00:06:06+00:00,positif
nikmati pilihan mu🤣,2025-03-21 00:05:15+00:00,positif
selamat datang di orde baru part 2. kritik dikit bakalan hilang,2025-03-21 00:04:10+00:00,negatif
😭😭😭,2025-03-20 23:34:22+00:00,positif
kok jangan di kasih tau yng koprusi,2025-03-20 23:34:13+00:00,negatif
😂,2025-03-20 23:33:55+00:00,positif
😁,2025-03-20 23:33:52+00:00,positif
🤔,2025-03-20 23:33:42+00:00,positif
🥰,2025-03-20 23:33:34+00:00,positif
"aku sih setuju, pasukan coklat skrg makin gajelas soalnya.",2025-03-20 23:33:17+00:00,negatif
kebut utk korup kayaknya,2025-03-20 23:33:09+00:00,negatif
shit,2025-03-20 23:32:38+00:00,negatif
tkut bgttt nanti lebih parah,2025-03-20 23:32:02+00:00,negatif
🤣,2025-03-20 23:30:57+00:00,positif
we are cooked chat [sticker],2025-03-20 23:30:54+00:00,positif
✨✨✨,2025-03-20 23:30:53+00:00,positif
Pengalihan isu,2025-03-20 23:30:50+00:00,netral
💗💗💗,2025-03-20 23:30:33+00:00,positif
😅,2025-03-20 23:30:31+00:00,positif
love tni,2025-03-20 23:30:15+00:00,positif
😳,2025-03-20 23:29:37+00:00,positif
"DPR adalah PERWAKIKAN RAKYAT.!!
hai MASYARAKAT INDONESIA dan. MAHASISWA CALON GARDA DI DEPAN BANGKIT LAH.",2025-03-20 23:29:25+00:00,negatif
😂,2025-03-20 23:29:25+00:00,positif
🤗,2025-03-20 23:29:22+00:00,positif
😂,2025-03-20 23:29:20+00:00,positif
Indonesia negara demokrasi? kayaknya udah gk lagi dehh,2025-03-20 23:28:59+00:00,negatif
fungsi dpr bisa diganti aja ga sih?,2025-03-20 23:28:39+00:00,netral
😭,2025-03-20 23:28:34+00:00,positif
negara gila,2025-03-20 23:28:34+00:00,positif
"Udah kuduga dulu,ini pasti terjadi 😆
siap siap aja kelen",2025-03-20 23:28:07+00:00,negatif
aneh banget gak sih harusnya dpr ini kontra loh,2025-03-20 23:27:48+00:00,negatif
kok ngeri koyok jamam p suharto,2025-03-20 23:27:13+00:00,negatif
gini banget indo,2025-03-20 23:26:43+00:00,positif
😁,2025-03-20 22:46:53+00:00,positif
negara rusak,2025-03-20 22:46:43+00:00,negatif
"kirain mau bahas RUU nya, siapan tolong jelasin",2025-03-20 22:46:06+00:00,netral
😭,2025-03-20 22:45:38+00:00,positif
"yang dukung either ada keluarganya tni, atau sesimpel no have a 🧠",2025-03-20 22:45:30+00:00,negatif
gua mah ngalur aja .. terserah mau ngapain,2025-03-20 22:44:57+00:00,negatif
kan ktnya pengen balik kayak jaman Soeharto,2025-03-20 22:44:52+00:00,positif
🥰🥰🥰,2025-03-20 22:44:24+00:00,positif
Masa Iya Sekolah hrs bawa SG 2,2025-03-20 22:44:19+00:00,positif
😂😂😂,2025-03-20 22:44:03+00:00,positif
nyesel milih prabowo😭🙏🏻,2025-03-20 22:43:57+00:00,positif
Era prabowo kok gini banget yaa,2025-03-20 22:43:51+00:00,netral
@dipchi wallahu negara apa ini,2025-03-20 22:43:49+00:00,positif
giliran ruu perampasan aset gak disah2kan..pdhl yg diminta rakyat indo kan ini..bukan ruu TNI..,2025-03-20 22:43:28+00:00,negatif
😁,2025-03-20 22:43:00+00:00,positif
ya Allah kenapa aku WNI🥲,2025-03-20 22:42:42+00:00,positif
🥰,2025-03-20 22:42:39+00:00,positif
Malay pliss claim gue,2025-03-20 22:42:19+00:00,negatif
"#TOLAKKK REVISI UU TNI SECEPATT MUNGKIN!!!!
KALOKK DI TERIMAA INI BAKALAN BALIK DI JAMAN SOEHARTOO YANGG SANGATT MENCEKAMMM TOLONGGG TOLAKK REVISI UU TNI!!!!!!!!!",2025-03-20 22:42:15+00:00,negatif
😭😭😭,2025-03-20 22:42:10+00:00,positif
buzzee ye😅,2025-03-20 22:41:40+00:00,positif
"Dari gw SD tiap ada rencana pengesahan RUU, pasti ada aja drama nya anjir, ditolak lah, didemo lah, kritik lah, propoganda lah, manipulasi lah. Jadi bingung gw",2025-03-20 22:41:35+00:00,negatif
🙏,2025-03-20 22:41:03+00:00,positif
@partaigerindra min boleh di jelasin?,2025-03-20 22:40:35+00:00,negatif
yaallah takuttt banget 😭😭😭,2025-03-20 22:40:10+00:00,negatif
😂,2025-03-20 22:40:03+00:00,positif
ok gas ok gas nyesel gk tuh,2025-03-20 22:39:58+00:00,netral
"apaan coba aneh banget, negara apasih ini",2025-03-20 22:39:24+00:00,negatif
keluar sini akun fake,2025-03-20 22:38:54+00:00,negatif
TOLAK RUU TNI🔥,2025-03-20 22:38:10+00:00,positif
@Tita eh parah bgtt,2025-03-20 22:15:53+00:00,negatif
di jajah dulu gk sih,2025-03-20 22:15:42+00:00,netral
😂,2025-03-20 22:15:41+00:00,positif
#TOLAKRUUTNI !!! AYO RAKYAT INDONESIA!!,2025-03-20 22:15:39+00:00,negatif
orde di sakamoto days kah,2025-03-20 22:15:29+00:00,netral
kalo emang terjadi kita ulang lagi sejarah dan gulingkan pemerintahan,2025-03-20 22:15:28+00:00,positif
😂,2025-03-20 22:15:09+00:00,positif
"Tapi nih ya denger"" dari kakek nenek dan ortu"" lain bilangnya cuman pas orde baru aja hidup mereka adem ayem walaupun sekedar petani, gk kayak di jaman"" selanjutnya",2025-03-20 22:14:57+00:00,negatif
😁,2025-03-20 22:14:23+00:00,positif
bakal adu sniper kah? 🗿🗿,2025-03-20 22:14:16+00:00,negatif
😅,2025-03-20 22:13:50+00:00,positif
🔥,2025-03-20 22:13:33+00:00,positif
🙏🏻,2025-03-20 22:13:31+00:00,positif
"perampasan aset malas, malah milih kebut ruu tni tau lah ya alasannya apa karna mereka gamau asetnya di rampas pas korupsi🗿",2025-03-20 22:13:30+00:00,negatif
aku kalau banyak uang pengen pindah negara aja.,2025-03-20 22:13:27+00:00,negatif
"duh jadi keinget yang demo kapan waktu itu, tapi masih tahun lalu kyknya, yang anak kuliahan demo terus tbtb temennya hilang trs katanya dia liat temennya di bawa sama seseorang gitu klo gsalah",2025-03-20 22:12:52+00:00,negatif
"Aduhh pusing lah sama negara sendiri haha, makin byk korup dong kalo begitu. Bukannya berkurang malah makin byk korup😭 susah kalo wakil rakyatnya tidak mendukung yg benar hahahahaha",2025-03-20 22:12:51+00:00,negatif
😂,2025-03-20 22:11:42+00:00,positif
"pilihan ok gas ok gas,
negara nya udh gk waras😹",2025-03-20 22:11:19+00:00,netral
😳,2025-03-20 22:11:14+00:00,positif
🤗🤗🤗,2025-03-20 22:11:11+00:00,positif
makin makin aja negara ini,2025-03-20 22:11:04+00:00,negatif
😌,2025-03-20 22:11:03+00:00,positif
😁,2025-03-20 22:10:54+00:00,positif
"aku kira dari presiden,ternyata dari dpr yang korup😹",2025-03-20 22:10:47+00:00,negatif
😭😭😭,2025-03-20 22:10:44+00:00,positif
ibarat preman berpangkat. 😭😭😭,2025-03-20 22:10:38+00:00,positif
🙏,2025-03-20 22:10:11+00:00,positif
🙏,2025-03-20 22:09:52+00:00,positif
😅😅😅,2025-03-20 22:09:50+00:00,positif
🥰🥰🥰,2025-03-20 21:52:40+00:00,positif
"Efisiensi sekarang ruu tni, ada aja nih gebrakannya🙏🏻",2025-03-20 21:52:35+00:00,positif
🌷,2025-03-20 21:52:34+00:00,positif
😁,2025-03-20 21:52:33+00:00,positif
anjir balik kemasa 96,2025-03-20 21:52:26+00:00,negatif
🥰,2025-03-20 21:52:21+00:00,positif
Wajar sih balik ke orde baru...kan presiden sekarang mantan menantu.. presiden orba...plus minus sih...gw yg dulu smpet hidup dijaman orba smua diatur termasuk berita nasional.,2025-03-20 21:52:19+00:00,negatif
WAAH GA COCOK BUAT GEN Z,2025-03-20 21:52:09+00:00,netral
😁,2025-03-20 21:52:07+00:00,positif
😁,2025-03-20 21:52:01+00:00,positif
😅,2025-03-20 21:51:52+00:00,positif
banyak buzzer 😹 kira² per komen brp ya?🗿,2025-03-20 21:51:40+00:00,negatif
bazingann negoro opo iki cok,2025-03-20 21:51:37+00:00,netral
😳,2025-03-20 21:51:29+00:00,positif
@partaigerindra,2025-03-20 21:51:29+00:00,positif
🥰,2025-03-20 21:51:11+00:00,positif
yg dukung dwifungsi abri semoga SEMUA DAMPAK DARI YG KALIAN DUKUNG dateng ke kalian semua! #TolakRUUTNI #TENDANGBALIKTNIKEBARAK #1312,2025-03-20 21:51:10+00:00,negatif
🥰🥰🥰,2025-03-20 21:50:59+00:00,positif
🥰,2025-03-20 21:50:27+00:00,positif
emang apa dampaknya?TNI jadi menyalahgunakan kekuasaan?,2025-03-20 21:50:19+00:00,negatif
Sia sia dong kita bljr antikorupsi dan demokrasi 🖕,2025-03-20 21:50:14+00:00,positif
orde lama gak sih🗿,2025-03-20 21:50:12+00:00,positif
konoha mode ninja ini 😂😂😂,2025-03-20 21:50:05+00:00,positif
😭,2025-03-20 21:50:03+00:00,positif
mau di gulingkan berapa kali sih ni negara,2025-03-20 21:49:49+00:00,negatif
😳😳😳,2025-03-20 21:49:43+00:00,positif
TOLAK RUU TNI,2025-03-20 21:49:22+00:00,positif
"@ARIF:•lulusan covid
•kurikulum percobaan
•un percobaan
•pertamax = pertalite
•orde baru
gini amat masa dewasa guaa",2025-03-20 21:49:04+00:00,positif
DPR BUBAR AJA,2025-03-20 21:48:45+00:00,netral
Indonesia bobrok banget ya tuhan,2025-03-20 21:48:12+00:00,negatif
❤️,2025-03-20 21:30:21+00:00,positif
😁,2025-03-20 21:30:21+00:00,positif
💀💀💀,2025-03-20 21:30:20+00:00,positif
"biarin aja, gen z mau nyobain orba🤣",2025-03-20 21:30:20+00:00,negatif
STRESS SEMUAAA STRESSSSSS,2025-03-20 21:30:14+00:00,negatif
🤣,2025-03-20 21:30:08+00:00,positif
negara demokrasi kok gini,2025-03-20 21:30:05+00:00,positif
ya Allah lindungilah keluarga ku ya Allah😭😭😭,2025-03-20 21:29:45+00:00,positif
"dgn adanya UU TNI ini maka preman, ormas, begal, perampok, pencoleng yg meresahkan masyarakat dan investor ... akan disikat.",2025-03-20 21:29:45+00:00,negatif
ANAK KELAHIRAN 2011 DISURUH MIKIRIN RUUTNI?,2025-03-20 21:29:42+00:00,negatif
🥰,2025-03-20 21:29:32+00:00,positif
anjeng lah jadi negara diktator ni kyk korut cuma bedanya korut gada korupsi,2025-03-20 21:29:32+00:00,negatif
"opo Iki co,masa revolusi nasional 2.0💀",2025-03-20 21:29:20+00:00,netral
gen z? bersatu ga nih🙂,2025-03-20 21:29:08+00:00,negatif
sedang mencari letak demokrasi,2025-03-20 21:28:45+00:00,positif
😁,2025-03-20 21:28:38+00:00,positif
🔥,2025-03-20 21:28:25+00:00,positif
#kaburajadulu semakin didepan,2025-03-20 21:28:23+00:00,negatif
tihati ilang bang😂,2025-03-20 21:28:22+00:00,negatif
gausah anggap peraturan pemerintah yang tidak masuk akal,2025-03-20 21:28:21+00:00,negatif
TOLAKPRESIDENBARU.,2025-03-20 21:28:15+00:00,positif
💔,2025-03-20 21:27:57+00:00,positif
😏,2025-03-20 21:27:54+00:00,positif
😁,2025-03-20 21:27:52+00:00,positif
bodo amat,2025-03-20 21:27:49+00:00,positif
😂,2025-03-20 21:27:48+00:00,positif
@Ayu Rz,2025-03-20 21:27:45+00:00,positif
"biar aja lah, biar anak abah ga kelewatan",2025-03-20 21:27:31+00:00,netral
new orde baru,2025-03-20 21:27:28+00:00,positif
🙏🏻,2025-03-20 21:27:22+00:00,positif
😫,2025-03-20 21:13:51+00:00,positif
RUU TNI salah satu skenario dari sutradara negara supaya menutupi kasus liga korupsi.,2025-03-20 21:13:41+00:00,positif
bisa gak sih setiap kota pisah dari indonesia??? dah sangat muak tinggal dnegara penjajah🥺,2025-03-20 21:13:25+00:00,negatif
"inggris ka inggris,banyak buzzer murahhhh",2025-03-20 21:13:15+00:00,negatif
😁,2025-03-20 21:13:08+00:00,positif
"bukannya kedudukan mereka utk melindungi masyarakat yg tinggal di luar negeri ya? sama tambahan kementerian? yg gimana sih, masih riset, simpang siur",2025-03-20 21:13:05+00:00,negatif
"salah satu bentuk ke musyrikan kecil percaya sama ramalan,itu yang komen ramalan a,b,c selamat anda musyrik 😂",2025-03-20 21:13:02+00:00,negatif
berarti nanti nama nya bukan PERWAKILAN rakyat,2025-03-20 21:12:54+00:00,negatif
🤭🤭🤭,2025-03-20 21:12:54+00:00,positif
😍,2025-03-20 21:12:48+00:00,positif
🥺🥺,2025-03-20 21:12:41+00:00,positif
😁,2025-03-20 21:12:30+00:00,positif
😞,2025-03-20 21:12:23+00:00,positif
😹,2025-03-20 21:12:20+00:00,positif
😂,2025-03-20 21:12:15+00:00,positif
"berrti kata2 ""toktok kang bakso itu nyata🗿",2025-03-20 21:12:09+00:00,negatif
😂,2025-03-20 21:12:07+00:00,positif
Bubarin dpr,2025-03-20 21:11:53+00:00,netral
😁,2025-03-20 21:11:48+00:00,positif
"yaelah brok, tolak keras aj g sih tu RUU TNI",2025-03-20 21:11:44+00:00,negatif
aku dukung,2025-03-20 21:11:27+00:00,netral
soory min tapi rakyat Malaysia ketawa di pojokan. saking lawak nya berita ini 🗿😂😂,2025-03-20 21:11:23+00:00,negatif
💕,2025-03-20 21:11:23+00:00,positif
Terus uang hasil kerja rodi yang diberi herman williem daendels gak ditagih? Barangkali ada buktinya,2025-03-20 21:11:19+00:00,negatif
inimah orde ke dua,2025-03-20 21:11:01+00:00,negatif
"ini DPR makin enak kayaknya,kan banyak stigma jelek tentang DPR, jadi kesimpulannya apa?",2025-03-20 21:11:00+00:00,negatif
Jadi gimana intinya bang belum paham maap nih bg ada yg bisa bantu jelasin,2025-03-20 21:10:57+00:00,negatif
TNI BONEKANYA PRESIDEN,2025-03-20 21:10:53+00:00,negatif
Steven young 💀💀,2025-03-20 21:10:48+00:00,positif
💖💖💖,2025-03-20 21:10:36+00:00,positif
@pramst @matchaaddict.,2025-03-20 20:52:21+00:00,positif
ayeunamah paling iwal ti nu penting hirup weee.,2025-03-20 20:52:15+00:00,positif
🤩,2025-03-20 20:52:10+00:00,positif
No 2 😅,2025-03-20 20:52:10+00:00,negatif
"bohong aja itu plr, padahal mau korupsi besar besar @partaigerindra",2025-03-20 20:52:10+00:00,negatif
pantes aja Aceh minta pisah Mulu indo aja negara kek anj gini,2025-03-20 20:51:54+00:00,negatif
😈,2025-03-20 20:51:08+00:00,positif
😁,2025-03-20 20:51:01+00:00,positif
bikin pasukan revolusi kyk di one piece,2025-03-20 20:50:56+00:00,negatif
KENAPA GUA WNI,2025-03-20 20:50:22+00:00,netral
@vyaa,2025-03-20 20:50:21+00:00,positif
😁,2025-03-20 20:50:12+00:00,positif
ubur² ikan lele yang penting uang kali lee.kocak,2025-03-20 20:50:04+00:00,netral
@Gibran Rakabuming @gerindra gimana sih ini,2025-03-20 20:49:53+00:00,negatif
"topik ruu tni, bahasnya situasi orba yang mencekam🗿",2025-03-20 20:49:52+00:00,positif
@dheijott26,2025-03-20 20:49:44+00:00,negatif
"banyak fakta yang terkuak, akhirnya si tikus cari cara aman🗿🗿",2025-03-20 20:49:43+00:00,netral
@sall uuu kita rajin ngesah korup 😞,2025-03-20 20:49:41+00:00,negatif
🙃🙃🙃,2025-03-20 20:49:40+00:00,positif
🥰,2025-03-20 20:49:36+00:00,positif
😁,2025-03-20 20:49:35+00:00,positif
gak jelas bener ini negara,2025-03-20 20:49:31+00:00,positif
😂,2025-03-20 20:48:31+00:00,positif
😂,2025-03-20 20:48:23+00:00,positif
"itu yang dukung ruu tni ngapa dh, pdhl cuma untung ""700 PERAK"" doang",2025-03-20 20:48:21+00:00,negatif
👀,2025-03-20 20:48:18+00:00,positif
tiati diculik tim mawar,2025-03-20 20:48:16+00:00,negatif
"indonesia makin melemah kebawah, atas makin tumpul",2025-03-20 20:48:08+00:00,negatif
😹,2025-03-20 20:47:59+00:00,positif
ngeri anjir,2025-03-20 20:47:55+00:00,netral
disahkan apa emang pengalihan isu pertamina😔,2025-03-20 20:19:16+00:00,negatif
jadi ke Inget kasus Marsinah jadinya,2025-03-20 20:19:06+00:00,negatif
"knp gk jelasin pnjelasan pmrintah, trus ada jg pnjelasan pak mahfud md. anak abah emg suka mnakut nakuti rkyat",2025-03-20 20:18:49+00:00,negatif
udahlah gays bantah aja sampe kapan mau gini di negara sendiri,2025-03-20 20:18:25+00:00,negatif
😫😫😫,2025-03-20 20:17:14+00:00,positif
Bravo TNI 👍,2025-03-20 20:16:44+00:00,positif
selalu dukung Ruu TNI👍👍👍,2025-03-20 20:16:33+00:00,positif
😂,2025-03-20 20:15:50+00:00,positif
mulai miris Indonesia ini,2025-03-20 20:15:12+00:00,positif
😭😭😭,2025-03-20 20:15:12+00:00,positif
😒,2025-03-20 20:14:46+00:00,positif
😭😭😭,2025-03-20 20:14:11+00:00,positif
😂,2025-03-20 20:13:31+00:00,positif
orba bangkit .. haruskah tragedi 98 terulang lg,2025-03-20 20:13:29+00:00,negatif
berarti bukan negara demokrasi,2025-03-20 20:13:19+00:00,negatif
"mulai sekarang mau belajar bahasa asing, trs caw ke luar negeri. Bye Indonesia, makin hari makin aneh aja kebijakannya",2025-03-20 20:12:46+00:00,negatif
Ok gas ok gas,2025-03-20 20:12:25+00:00,netral
😂,2025-03-20 20:11:32+00:00,positif
Sepertinya emang harus dibangkitkan hokage yg telah gugur,2025-03-20 20:11:28+00:00,negatif
🥰,2025-03-20 20:11:27+00:00,positif
😁,2025-03-20 20:10:42+00:00,positif
😭,2025-03-20 20:10:28+00:00,positif
wowo 🤣,2025-03-20 20:10:12+00:00,positif
🥰,2025-03-20 20:09:50+00:00,positif
😂,2025-03-20 20:08:55+00:00,positif
dpr anjing 🐶🐶,2025-03-20 20:08:10+00:00,positif
gas dari pada RUU Polisi 🗿,2025-03-20 20:07:51+00:00,negatif
🤲,2025-03-20 20:07:46+00:00,positif
#kaburajadulu😏,2025-03-20 20:05:15+00:00,positif
so tauu bikin konten hoak,2025-03-20 20:05:13+00:00,netral
ok gas ok gas 😂😂,2025-03-20 18:58:29+00:00,netral
setau ku jg baru baru ini tni nembak polisi 3 orng sampai mati kejadian ny di lampung,2025-03-20 18:58:15+00:00,negatif
tanya ke Iwan Fals ..😄😁😆,2025-03-20 18:57:57+00:00,negatif
masa korupsi didiemin😏,2025-03-20 18:57:31+00:00,negatif
"cocok sih biar aman negara ini gak semuanya negatif sih, ada plus nya juga, dripada kayak sekarang kejahatan dimana2 geng motor dan begal,,, 😂
gw setuju deh ruu TNI biar aman.. 😏",2025-03-20 18:57:18+00:00,negatif
buat konten yg bner lo jangan hoak,2025-03-20 18:57:10+00:00,negatif
ah mengira ngira.. beda zaman beda aturan bang,2025-03-20 18:56:56+00:00,netral
"Ruu perampasan aset koruptor sja gk di sah2 kan padahal efekx buat rakyatnya lah uud ini cepat amat maw disahkan padahal efeknya merugikan rakyat apalgi perampasan mati pajak motor,,, apasih mksd",2025-03-20 18:56:21+00:00,negatif
😌,2025-03-20 18:56:04+00:00,positif
😊,2025-03-20 18:55:58+00:00,positif
😄,2025-03-20 18:54:26+00:00,positif
DPR Ee💀,2025-03-20 18:52:25+00:00,positif
🤗,2025-03-20 18:52:24+00:00,positif
🤣,2025-03-20 18:52:21+00:00,positif
🤗,2025-03-20 18:52:10+00:00,positif
🤣,2025-03-20 18:52:06+00:00,positif
🙃,2025-03-20 18:51:45+00:00,positif
Emg negara bangsat,2025-03-20 18:51:35+00:00,positif
🤣,2025-03-20 18:51:33+00:00,positif
🤗,2025-03-20 18:51:33+00:00,positif
jgn lupa 4 Sehat 5-1😩😩,2025-03-20 18:50:05+00:00,netral
😭,2025-03-20 18:48:43+00:00,positif
😁,2025-03-20 18:48:10+00:00,positif
😌,2025-03-20 18:47:56+00:00,positif
gas kennnn.. mana Prabowo sumpah demi rakyat.. omon2 tooo,2025-03-20 18:46:34+00:00,negatif
negara lagi broken,2025-03-20 18:45:31+00:00,negatif
MENDING PINDAH NEGARA GUA MAH,2025-03-20 18:44:25+00:00,negatif
RUU TNI bahaya buat para koruptor kali ya😁,2025-03-20 18:43:50+00:00,negatif
🥰,2025-03-20 18:43:02+00:00,positif
Gulingkan pemerintahan nya sebelum terlambat🗿,2025-03-20 18:42:24+00:00,netral
😭😭😭,2025-03-20 17:48:38+00:00,positif
ya ALLAH mudahkn jln kmi kluar dr tmpt ini,2025-03-20 17:48:20+00:00,positif
😁,2025-03-20 17:48:19+00:00,positif
😁,2025-03-20 17:47:56+00:00,positif
TOLAK RUU TNII,2025-03-20 17:46:45+00:00,positif
😅,2025-03-20 17:46:36+00:00,positif
oke gas oke gas nomor 2 dimana gays,2025-03-20 17:46:05+00:00,netral
itu kn sepengalaman lalu.. skrng yg di sah kn itu apa aja? coba jabarin.. apakah yg disahkn ini bisa sampe aparat bersenjata itu punya hak basmi bungkam org?,2025-03-20 17:45:58+00:00,negatif
aloy posting ulang🤙,2025-03-20 17:45:43+00:00,positif
siapa dulu yg bilang tni harga mati?,2025-03-20 17:45:38+00:00,negatif
trus memang sekarang lebih baik dari orde baru? korupsi kolusi nepotisme lebih parah padahal orde baru di habisi dgn alasan pemberantasan KKN.,2025-03-20 17:45:22+00:00,negatif
presiden kemana dah tinggal pecat noh puan,2025-03-20 17:45:11+00:00,negatif
minta bantuan negara sebelah aj gk sih,2025-03-20 17:45:07+00:00,positif
pemerintah memilih untuk mengesahkan RUU TNI karna pemerintah tau bahwa diri nya aman dengan cara memberinya bayaran dan rakyatnya yang di dalam ketakutan,2025-03-20 17:44:40+00:00,negatif
kluarga bakrie haloo,2025-03-20 17:44:35+00:00,netral
@selllllllllllll,2025-03-20 17:44:29+00:00,negatif
#TOLAK RUU TNI,2025-03-20 17:44:12+00:00,positif
@bila not bela! mending #kaburajadulu😭,2025-03-20 17:43:43+00:00,negatif
pindah negara anjirt,2025-03-20 17:43:03+00:00,negatif
wallahi we are finished,2025-03-20 17:42:43+00:00,positif
@freekyy31 @fkh_ard25,2025-03-20 17:42:23+00:00,positif
cape bnget,2025-03-20 17:41:33+00:00,positif
dah lah cape,2025-03-20 17:41:29+00:00,negatif
bejat,2025-03-20 17:41:13+00:00,negatif
secara ga langsung kasus tahun 98 akan terjadi lagi..,2025-03-20 17:41:00+00:00,negatif
mungsuh kita militer sekarang🗿,2025-03-20 17:40:55+00:00,negatif
pindah²,2025-03-20 17:40:27+00:00,negatif
indo konn,2025-03-20 17:40:14+00:00,positif
Mengerikan kacang hijau,2025-03-20 17:39:59+00:00,negatif
DPR bisa diem gak si,2025-03-20 17:39:15+00:00,netral
takut diculik,2025-03-20 16:53:35+00:00,negatif
Duduki aja dpr tu org nya sudah main kehotel,2025-03-20 16:53:18+00:00,negatif
mirip PKI,2025-03-20 16:52:57+00:00,netral
🥰🥰🥰🥰🥰,2025-03-20 16:52:39+00:00,positif
😂,2025-03-20 16:51:52+00:00,positif
"Giliran uu perampasan aset untuk koruptor gak ada yg demo, giliran ruu tni pada turun.
Kacau banget",2025-03-20 16:51:43+00:00,negatif
saya liat akun akun yg dukung RUU TNI semuanya akun fake🤣 🕋,2025-03-20 16:51:43+00:00,positif
kerjaan nya si ibu puan kah ?,2025-03-20 16:51:27+00:00,netral
😂,2025-03-20 16:51:26+00:00,positif
"kak plis jelasinnn🥲🥲itu udah disah oleh DPR,apakah bisa ditolak oleh persiden",2025-03-20 16:50:55+00:00,negatif
"mungkin harus milih , mau ngesahin uu per*mpasan aset atau mau ngesahin ru* tni , milih r*u tni",2025-03-20 16:50:40+00:00,negatif
ngeri jg ya,2025-03-20 16:50:22+00:00,netral
mantap TNI rakyat,2025-03-20 16:50:15+00:00,positif
@dy★,2025-03-20 16:49:19+00:00,positif
ini pak gemoy gw mana sih ko ga turun tangan😭,2025-03-20 16:48:50+00:00,negatif
😭,2025-03-20 16:48:35+00:00,positif
awas ada penghasut,2025-03-20 16:48:25+00:00,netral
😅😅😅,2025-03-20 16:48:12+00:00,positif
buset ke 2 itu ngeri banget,2025-03-20 16:48:04+00:00,negatif
terpantau sudah tidak ada dana bauar buzzer😏,2025-03-20 16:45:47+00:00,negatif
iya lah di percepat biar kalo ada demo RUU perampasan aset korupsi TNI polri turun hadangi para demo jadi aman kan DPR,2025-03-20 16:45:28+00:00,negatif
🥰,2025-03-20 16:45:01+00:00,positif
RUU perampasan aset mangkrak ehh ini malah RUU TNI di bahas,2025-03-20 16:44:17+00:00,negatif
ngeri ngeriiii,2025-03-20 16:44:16+00:00,netral
🔥,2025-03-20 16:44:13+00:00,positif
kacau.,2025-03-20 16:43:32+00:00,negatif
"wah, demo lagi dong? 😔",2025-03-20 16:43:31+00:00,negatif
"Asing ketar ketirr
Rakyat sejah tera
bravo TNI",2025-03-20 16:42:42+00:00,negatif
DPR ketar ketir krna pda korup dn tkut ketahuan anj🤣,2025-03-20 16:42:42+00:00,negatif
bubar aja lah ni negara,2025-03-20 16:42:40+00:00,negatif
💓,2025-03-20 16:04:43+00:00,positif
visi misi keknya cuman janji manis😏,2025-03-20 16:04:34+00:00,positif
😅,2025-03-20 16:04:34+00:00,positif
udhlah ganti rakyat aja pada sok tau pdahal ga ngerugiin rakyat ntah apalah kek ngerti aja fomo fomo😹,2025-03-20 16:03:42+00:00,negatif
yahhh semakin banyak pengangguran indonesia krna TNI yg ambil,2025-03-20 16:03:39+00:00,negatif
🔥,2025-03-20 16:03:39+00:00,positif
😭,2025-03-20 16:03:39+00:00,positif
Presiden ko dukung RUU beginian...kacau mnding jokowi😒,2025-03-20 16:03:15+00:00,negatif
Hhh kekawatiranku di tahun 2023 sudah hampir terjadi,2025-03-20 16:02:49+00:00,negatif
Lebih Damai TNI yang Berkuasa,2025-03-20 16:02:00+00:00,negatif
berarti balik kaya awal lagi? jaman Soeharto,2025-03-20 16:01:53+00:00,negatif
Mana komen buzzernya???,2025-03-20 16:01:49+00:00,negatif
hadehh ini negara gak sih,2025-03-20 16:00:49+00:00,negatif
"ngegiring ke hoax ni konten kreator padahal di UU nya gak ada jabatan sipil diluar pertanahan, gue kira mnejel eh tau nya kompor Vincent, borax",2025-03-20 16:00:36+00:00,negatif
JANGAN PLS GW BLUM MAU ILANG GW BELUM KETEMU HARUTO 😭,2025-03-20 16:00:34+00:00,negatif
"makan tuh yg pilih nomer 2, gk ada yg bner smua",2025-03-20 16:00:21+00:00,negatif
#tolakRUUTNI,2025-03-20 16:00:13+00:00,negatif
dah dah ayok ke mars,2025-03-20 16:00:02+00:00,negatif
yg penting kita gak kriminal...TNI akan ttp bersama kita,2025-03-20 15:59:49+00:00,negatif
kritik dikit langsung ilang 💀,2025-03-20 15:59:39+00:00,negatif
😁,2025-03-20 15:59:36+00:00,positif
@wellyxf,2025-03-20 15:59:33+00:00,positif
😁,2025-03-20 15:59:24+00:00,positif
😭😭😭,2025-03-20 15:59:23+00:00,positif
💀,2025-03-20 15:59:16+00:00,positif
Kita Selalu di Dzolimi,2025-03-20 15:59:16+00:00,positif
dampak negatifnya apa aja bng?,2025-03-20 15:59:08+00:00,negatif
🥰,2025-03-20 15:58:41+00:00,positif
intinya untuk mempertebal hukum para koruptor biar gak tersentuh dan mereka bisa bebas korupsi...anjing bener ya anggota dpr yang punya wewenang mengesahkan uud,2025-03-20 15:58:36+00:00,negatif
"Takut, ga mau 😭",2025-03-20 15:58:28+00:00,negatif
apa kabar RUU perampasan aset,2025-03-20 15:25:21+00:00,positif
makin lama makin mejadi jadi dah pusing sama dpr,2025-03-20 15:25:02+00:00,negatif
oponeh ikiii ya Allah 😔,2025-03-20 15:25:02+00:00,positif
inget pengalihan korupsi ini mah,2025-03-20 15:24:57+00:00,negatif
💀,2025-03-20 15:24:54+00:00,positif
cina ketar ketir,2025-03-20 15:24:50+00:00,negatif
"Hati-hati sih buat pemerintah, contohnya negara lain saking muaknya dengan pemerintahan, akhirnya gerakan pemberontakan pun ada",2025-03-20 15:24:45+00:00,negatif
😃,2025-03-20 15:24:41+00:00,positif
"namanya juga anak abah masih sakit hati,kocak memang tu dia",2025-03-20 15:24:40+00:00,negatif
pada kenyataannya jaman sekarang juga korupsi makin banyak masyarakat kecil banyak yng tertindas hukum tumpul ke atas tajam kebawah,2025-03-20 15:24:24+00:00,negatif
😂,2025-03-20 15:24:22+00:00,positif
"muak bgt sama hidup, ke bulan aja ah🗿",2025-03-20 15:24:17+00:00,positif
😁😁😁,2025-03-20 15:23:56+00:00,positif
Gasssss,2025-03-20 15:23:24+00:00,netral
😱,2025-03-20 15:23:02+00:00,positif
"semoga disahkan, orde baru jilid 2 gak masalah....cuma provokator yg gak suka.",2025-03-20 15:22:53+00:00,negatif
"#Tolak RUU TNI
#Tolak RUU TNI
#Tolak RUU TNI
#Tolak RUU TNI
#Tolak RUU TNI
#Tolak RUU TNI
#Tolak RUU TNI
#Tolak RUU TNI
#Tolak RUU TNI
#Tolak RUU TNI
#Tolak RUU TNI",2025-03-20 15:22:43+00:00,negatif
pentas ngebet revisi UU TNI orng dia ga mau ketahuan pas korupsi🫢🤫,2025-03-20 15:22:02+00:00,negatif
😁,2025-03-20 15:21:21+00:00,positif
😈😈😈,2025-03-20 15:21:16+00:00,positif
"27th Indonesia TDK maju karna byk koruptor nya waspada Meraka akn mngunakn kacungnya untuk mnolak RUU TNI,, orde baru rakyat aman wlo g bisa bsuwara😂😝",2025-03-20 15:20:54+00:00,negatif
Semua fokus RUU TNI..apakabar RUU POLRI ?,2025-03-20 15:20:50+00:00,netral
maju terus tni' jangan takut dgn para penolakan itu,2025-03-20 15:20:36+00:00,positif
😂,2025-03-20 15:20:26+00:00,positif
Jadi dijaman skrng lebih baik kumpulin uang/emas,2025-03-20 15:20:15+00:00,netral
kalo polisi masuk kabinet dan kementerian gmn respon kalian ?,2025-03-20 15:19:55+00:00,netral
saya setuju sahkan saja 😁,2025-03-20 15:19:46+00:00,positif
kenapa ruu TNI langsung di sah in tapi ruu perampasan aset untuk koruptor ga di sah in sampai sekarang ? sumpah ini beneran tanyaa 😭🙏🏻,2025-03-20 14:46:35+00:00,negatif
"tapi kasian juga sama TNI yang benar-benar baik bakal di lihat buruk karena ruu TNI ini, takut aja 😔",2025-03-20 14:46:21+00:00,negatif
saya rasa RUU dsini tidak akan sama dengan kasus dlu waktu kecil 98 si,2025-03-20 14:46:19+00:00,negatif
😳,2025-03-20 14:46:13+00:00,positif
"klo ini mahasiswa banyak yg demo, tp uu perampasan aset pada ga mau demo",2025-03-20 14:45:41+00:00,negatif
KIAMAT AJA UDAH KIAMAT YAALLAH😭,2025-03-20 14:45:22+00:00,netral
🥰,2025-03-20 14:45:20+00:00,positif
ini negaraaa apaa cokkk,2025-03-20 14:45:06+00:00,negatif
"wah makin bahaya indo,,",2025-03-20 14:44:53+00:00,negatif
Bentar lagi jadi Korut part 2 nih 🗿,2025-03-20 14:44:44+00:00,negatif
😂,2025-03-20 14:44:21+00:00,positif
"itu mah kelakuan koruptor saja yg takut sama undang undang biar bisa nyolongin uang rakyat dengan bebas,,,",2025-03-20 14:43:26+00:00,negatif
"pdhal oede baru pemerintahan paling josss,",2025-03-20 14:43:20+00:00,positif
yaelah tinggal 5 tahun lagi malah ruu teeni,2025-03-20 14:42:59+00:00,negatif
"bener kata guru gua,,kalo presiden probowo akan sama pada orde baru nggak bisa ngritik pemerintah lagi
the best deh guru gua",2025-03-20 14:42:52+00:00,positif
🤭,2025-03-20 14:42:34+00:00,positif
😂,2025-03-20 14:42:29+00:00,positif
komenan ny beda banget di x ama di tik tok,2025-03-20 14:41:41+00:00,negatif
Sudah di sah kan puan..,2025-03-20 14:41:37+00:00,negatif
"dpr(DEWAN PERWAKILAN RAKYAT)
rakyat yang mana?🤐",2025-03-20 14:41:17+00:00,netral
TOLAK RUU PERAMPASAN HARTA PARA KORUPTOR TERBITLAH RUU TNI,2025-03-20 14:41:10+00:00,negatif
tendang aku ke luar negri plis 😔😔,2025-03-20 14:41:04+00:00,netral
itu bahay,2025-03-20 14:40:54+00:00,negatif
negara banyak tapi kenapa lahir disini,2025-03-20 14:40:39+00:00,netral
Kabur aja lama2 kaya gini mah 😂😂😂,2025-03-20 14:40:39+00:00,negatif
😁,2025-03-20 14:40:29+00:00,positif
aihhhh,2025-03-20 14:40:08+00:00,netral
DPR GAADA FUNGSINYA JIR,2025-03-20 14:40:06+00:00,netral
"hahahaha.tempo..
msh percaya kalian sama tempo??",2025-03-20 14:39:42+00:00,negatif
setakut itu ya sama rakyat sampek rapat aja ga transparan,2025-03-20 14:38:56+00:00,positif
Bisa ga ganti nama nya gausa DPR gitu,2025-03-20 14:16:55+00:00,netral
👏 sampai jumpa di pengadilan akhirat pak,2025-03-20 14:16:52+00:00,positif
"cari sumber dari tempo, tempo itu antek asing bung, apa jangan2 kamu salah satu dari mereka mau nyebarkan hoax",2025-03-20 14:16:29+00:00,negatif
❤️,2025-03-20 14:16:09+00:00,positif
sudah ku duga jika prabowo jadi presiden akan seperti itu..,2025-03-20 14:16:01+00:00,negatif
bravo TNI 💪💪💪,2025-03-20 14:15:48+00:00,positif
pandji mah antek asing,2025-03-20 14:15:28+00:00,negatif
YAAMPUN NEGARA DEMOKRASI APAAN INI,2025-03-20 14:15:18+00:00,negatif
habis lh sudah...,2025-03-20 14:15:15+00:00,negatif
💖💖💖,2025-03-20 14:14:43+00:00,positif
fedri nuril tersenyum ketawa karena awalnya dia di hujat,2025-03-20 14:14:42+00:00,negatif
"yg di tanya apa, yg di bahas apa🗿",2025-03-20 14:14:29+00:00,negatif
✌️,2025-03-20 14:14:25+00:00,positif
Mlah gak ngerti tambah bnguh,2025-03-20 14:14:11+00:00,negatif
orde baru part 2💀,2025-03-20 14:14:05+00:00,positif
😞,2025-03-20 14:14:04+00:00,positif
tauu lahh pusing sama negara konoha pindah ajah yuk ke Indonesia?,2025-03-20 14:14:01+00:00,negatif
"Bahaya ini jadinya,KLO begini TNI bisa bikin apa aja di negara kita,bahkan konten kreator kayak bang Gerald aja bisa di hilangkan KLO misal kembali ke orde baru,guru ku juga bilang gitu soal",2025-03-20 14:13:52+00:00,negatif
ya begitu nikmati saja presidennya aja mantan ****,2025-03-20 14:13:44+00:00,negatif
🥰,2025-03-20 14:13:36+00:00,positif
💙,2025-03-20 14:13:07+00:00,positif
culik jam 3 pagi 🤣,2025-03-20 14:12:53+00:00,negatif
mau di jajah belanda euy biar ga sengsara,2025-03-20 14:12:49+00:00,negatif
😭,2025-03-20 14:12:39+00:00,positif
#TOLAKRUUTNI,2025-03-20 14:12:29+00:00,negatif
tni cuman yg tugas awalnya cuman jadi jadi tentara aja dah banyak korup gimana kalo banyak instansi yg anggota nya tni,2025-03-20 14:12:26+00:00,negatif
zaman pak Harto kan udah dipaksain uu Dwi fungsi ABRI sekarang mo disahkan tolak gak sah tuh rapat di hotel Fairmont tanpa sepengetahuan rakyat batalkan,2025-03-20 14:12:00+00:00,negatif
kamu termakan hoax itu ttg orba brow,2025-03-20 14:11:17+00:00,negatif
lama lama ancur nih negara 🗿🗿,2025-03-20 14:10:53+00:00,negatif
"@............. ncah gua takut kuliah, takut klo knp²trs speak up gua ilang😭🙏🏻",2025-03-20 14:10:14+00:00,negatif
ormas ketar ketir boy,2025-03-20 13:37:10+00:00,negatif
lu jelasin nya aja kagal jelas bg....,2025-03-20 13:37:01+00:00,negatif
😁,2025-03-20 13:36:29+00:00,positif
yg jujur di negri ini cuma jokowi anies dan ahok,2025-03-20 13:36:25+00:00,negatif
✨,2025-03-20 13:36:23+00:00,positif
parah nian 💔,2025-03-20 13:36:22+00:00,negatif
@partaigerindra,2025-03-20 13:36:12+00:00,positif
"kenapa di revisi?karna kan udh banyak ketaun yg korupsi, makanya rakyat di suruh bungkam🤭🤭🤭🤭",2025-03-20 13:35:56+00:00,negatif
😁,2025-03-20 13:35:47+00:00,positif
fungsi demokrasi apa??? buktinya korup makin menjadi jadi.mending jaksa agung dari TNI karena dia akan tunduk kepada panglima tertinggi,2025-03-20 13:35:45+00:00,negatif
kalo menurut saya mah kyak adu domba ini mah,2025-03-20 13:35:33+00:00,negatif
😅,2025-03-20 13:35:15+00:00,positif
Berat,2025-03-20 13:34:47+00:00,positif
rakyat jlantah juga nolak,2025-03-20 13:34:44+00:00,negatif
aku akan tegap dan hormat walau KLH🫡🫡🫡🇮🇩🇮🇩🔥🔥 walau hati ini sakit,2025-03-20 13:34:40+00:00,negatif
#TOLAKRUUTNI,2025-03-20 13:34:20+00:00,negatif
Ini ada hubungan nya dengan presiden yang menjabat saat ini kah?,2025-03-20 13:34:00+00:00,negatif
"lebih baik orba daripada sekarang reformasi kebablasana.. ekonomi. carut. marut, korupsidimana- mana , kriminal merajalela, dolar naik ga pernah turun, bbm ga pernah dioplos2, emas ga ada yg plsu, 😅",2025-03-20 13:33:50+00:00,negatif
jah4t bgt lho pemerintah anj,2025-03-20 13:33:38+00:00,negatif
udah di duga dri awal,2025-03-20 13:33:19+00:00,negatif
"#KABUR AJA DULU
BTW BAHASA DAERAH PUN TIDAK BISA 🗿😅
me=rusia&Australia
you=?",2025-03-20 13:33:15+00:00,negatif
😞😞😞,2025-03-20 13:32:38+00:00,positif
"saya cuma masyarakat sipil biasa...lebih nyaman saat orba.
Yang gak nyaman saat orba kan yg haus kekuasaan,kedudukan dan punya kepentingan politik.
Mending orba buat kami tdk mencekam justru tenang.",2025-03-20 13:32:12+00:00,negatif
#tolakkruutni🔥,2025-03-20 13:31:51+00:00,positif
polisi harusnya dibawah damkar🤣🤣,2025-03-20 13:31:37+00:00,netral
kenapa aku WNI,2025-03-20 13:31:36+00:00,negatif
gmn ya bilang nya ..pngen nolak tapi bapak sndiri TNI ..gak di tolak nyakitin hati ..bapak anak bertolak belakang bajing lah ..,2025-03-20 13:31:24+00:00,negatif
"UU TNI ITU UNTUK CEKAL SIKAP BEJAT ONTA DAN BANTEN, NGERTI GAK SIH",2025-03-20 13:31:01+00:00,netral
@Artaa?:dpr panik itu yg korupsi keungkap makany rapat diem diem,2025-03-20 13:30:46+00:00,negatif
"kayak junta Myanmar nanti ini lama-lama, rakyat harus tunduk sepenuhnya kepada pemerintah dan gak boleh ngelawan 😂",2025-03-20 13:30:41+00:00,negatif
"Kalau masih ditetap kan main anarkis aja,,kan itu mau nya tikus",2025-03-20 13:02:33+00:00,negatif
makin hari makin gila aja rasa ny tgl di indonesia😔,2025-03-20 13:02:18+00:00,negatif
@luvlee.heii jls yeh,2025-03-20 13:02:12+00:00,negatif
🥺,2025-03-20 13:01:50+00:00,positif
"Demo kok ke DPR kocak🤔🤔 , yg di gedung DPR itu pion , Otaknya tuh Ketua PARPOL nya , jadi DEMO LAH KE RUMAH KETUA PARPOL NYA😂😂😂😂😂",2025-03-20 13:01:40+00:00,negatif
Coba aja semua masyarakat indonesia kompak semua untuk demo pasti tikus tikus gak berani,2025-03-20 13:01:39+00:00,positif
kok makin kesini nekan yg dibawah wweh,2025-03-20 13:01:35+00:00,negatif
"makin hancur negara ini, yang enak cuma org yang punya kuasa aja",2025-03-20 13:01:14+00:00,negatif
"kalo RUU ini sah mah
jokes bakso gabisa dipake lagi🗿",2025-03-20 13:01:14+00:00,negatif
👀,2025-03-20 13:00:29+00:00,positif
"@🐧🍩  ħＥ𝐡Ｅ💫  🎀🏆 see u, ill kiII myself",2025-03-20 13:00:27+00:00,positif
jadi kaya laut bercerita kahh?😔,2025-03-20 13:00:22+00:00,negatif
perrusss,2025-03-20 13:00:11+00:00,netral
😁,2025-03-20 12:59:57+00:00,positif
TURUNKAN NABI ISA,2025-03-20 12:59:56+00:00,positif
Mending DPR di bubarkan,2025-03-20 12:59:55+00:00,negatif
🥰🥰🥰,2025-03-20 12:59:50+00:00,positif
negara stress. udhlh ak pindah negara aja,2025-03-20 12:59:50+00:00,negatif
Rkyt percaya TNi,2025-03-20 12:59:43+00:00,negatif
😁,2025-03-20 12:59:23+00:00,positif
"tambahkan dlm UU TNI baru,bawah TNI harus memihak kepada rakyat apa bila hak2 tertindas,TNI tidak melakukan kekerasan terhadap rakyat,sangsi pemecatan dan penjara kalau menindas rakyat",2025-03-20 12:59:19+00:00,negatif
🥰,2025-03-20 12:59:03+00:00,positif
benar kata gusdur bubarkn dpr,2025-03-20 12:59:03+00:00,positif
DUKUNG AE LQH,2025-03-20 12:58:34+00:00,netral
"kebanyakan rapat GK ada hasil, sekalinya ada hasil mlh buat intimidasi rakyat sendiri",2025-03-20 12:58:04+00:00,netral
tapi skrg korupsi bnyak kok ditngkap,2025-03-20 12:58:03+00:00,negatif
"emang udah baca lu draf terbaru yg jadi uu..jagn bikin konten yg bikin gaduh
.hanya 3 pasal yg di ubah..makanya baca dulu baru bacot..",2025-03-20 12:57:54+00:00,negatif
"baru aja kita percaya cuma pada TBI, malah sekarang dia mau jadi jahat😭😭😭",2025-03-20 12:57:28+00:00,netral
"kayaknya sejarah akan terulang bg,",2025-03-20 12:57:25+00:00,netral
🙏🏻,2025-03-20 12:57:24+00:00,positif
😂😂😂,2025-03-20 12:24:40+00:00,positif
😭😭😭,2025-03-20 12:24:32+00:00,positif
lu brewok 98 belum lahir?,2025-03-20 12:23:33+00:00,negatif
😂,2025-03-20 12:23:13+00:00,positif
ya Allah 😔,2025-03-20 12:23:08+00:00,positif
"@gerindra udh deh bubarin DPR aja, bikin kisruh gak pro rakyat.",2025-03-20 12:22:59+00:00,negatif
pa lg skrg musim tni main tembak2n seenaknya,2025-03-20 12:22:49+00:00,negatif
😂,2025-03-20 12:21:55+00:00,positif
halah diem ah,2025-03-20 12:21:36+00:00,negatif
tolak ruu tni,2025-03-20 12:21:20+00:00,positif
@prilly @pejalan lambat,2025-03-20 12:21:05+00:00,negatif
🔥🔥🔥,2025-03-20 12:21:04+00:00,positif
wah berarti yg berpangkat makin berkuasa dong?gk bisa gitu lah.apalagi di negara kita yg berpangkat bnyak tikus tikusnya,2025-03-20 12:20:54+00:00,negatif
😁,2025-03-20 12:20:52+00:00,positif
lu kaya org paling bener bang wkwk,2025-03-20 12:20:33+00:00,positif
apakahh akan balik ke orde suharto?,2025-03-20 12:20:28+00:00,negatif
negara apa sih ini,2025-03-20 12:20:17+00:00,positif
apa salahnya sih kan ini prabowo / ndut waktu pilpres 2019 mau merealisasikan program indonesia bubar 2030. amiin semoga segera terjadi,2025-03-20 12:19:15+00:00,negatif
😂,2025-03-20 12:18:32+00:00,positif
turunkan puan anak banteng,2025-03-20 12:18:06+00:00,negatif
🥰,2025-03-20 12:18:03+00:00,positif
😂,2025-03-20 12:18:02+00:00,positif
siapa si ketua DPR nya🗿,2025-03-20 12:17:38+00:00,positif
klo untuk orng korup gapapa,2025-03-20 12:17:11+00:00,negatif
🥰,2025-03-20 12:16:58+00:00,positif
Gassss,2025-03-20 12:16:58+00:00,positif
"Masih inget bgt, yg milih karena gemoy joget2. Yg milih karena kasian pas debat. Kek anj otak kalian dmn???",2025-03-20 12:16:07+00:00,negatif
sejarah terulang kembali [photo],2025-03-20 12:15:48+00:00,positif
@yaa pindah negoro 😁,2025-03-20 12:15:46+00:00,negatif
gak lama lagi Indonesia bubar,2025-03-20 12:15:37+00:00,negatif
"apa si yang dijelaskan itu apa 😌
maklum cuma smk",2025-03-20 11:51:37+00:00,positif
Aku dukung RUU TNI,2025-03-20 11:51:27+00:00,negatif
mengulang sejarah kelam lucu banget negara anj ini,2025-03-20 11:50:55+00:00,positif
biar jadi orde baru lagi ...,2025-03-20 11:50:30+00:00,negatif
"😅😅 .. orde baru itu gada preman yg malak rakyat , pangan murah ..",2025-03-20 11:50:25+00:00,negatif
ya Allah nangis banget liat negri sendiri kenapa bgini😭😭😭,2025-03-20 11:50:09+00:00,negatif
🥺,2025-03-20 11:50:06+00:00,positif
😂,2025-03-20 11:49:57+00:00,positif
jadi.Konoha makim maju apa mundur?,2025-03-20 11:49:45+00:00,negatif
YA KOCAK DEMOKRASI BUAT APA,2025-03-20 11:49:38+00:00,negatif
kaya China dong,2025-03-20 11:49:18+00:00,netral
😏,2025-03-20 11:49:09+00:00,positif
Ngeri berarti ya kaya negara Syiria yang kalo kontra sama pemerintah langsung di penjara dan di siksa,2025-03-20 11:49:08+00:00,negatif
Tuhan kenapa aku WNI,2025-03-20 11:49:04+00:00,positif
"presiden skrg, gimnapun msh menantu kluarga cendana. ya wjib balikin kayak jaman keluarga cendana dlu mimpinlah.
siapsiap aja balik kyk jaman orde baru wkwkwk",2025-03-20 11:48:50+00:00,negatif
"sahkan saja, lagian indonesia sudah ngk jelas ngk tau arahnya mau kmna, korupsi merajalela, pemerasan, penindasan dll..
padahal yang perlu di sahkan adalah ruu perampasan aset🤦",2025-03-20 11:48:48+00:00,negatif
pindah negaraa ayok,2025-03-20 11:48:38+00:00,negatif
🥰,2025-03-20 11:48:27+00:00,positif
"Udh dibilang bakal mau jadi jaman pki, tapo lo pada ttp mau oke gas oke gas 🤪",2025-03-20 11:48:25+00:00,netral
🔥🔥🔥,2025-03-20 11:48:19+00:00,positif
🗿🗿🗿,2025-03-20 11:48:17+00:00,positif
udah tau kalau tiga kali malah kalian pilih😂,2025-03-20 11:48:16+00:00,negatif
🔥🔥🔥,2025-03-20 11:48:15+00:00,positif
🗿🗿🗿,2025-03-20 11:48:12+00:00,positif
🔥🔥🔥,2025-03-20 11:48:11+00:00,positif
😭,2025-03-20 11:47:54+00:00,positif
yang ada mah tikus tikus makin banyak,2025-03-20 11:47:47+00:00,negatif
paling bener pisah negara dan bikin negara baru,2025-03-20 11:47:25+00:00,negatif
😂😂😂,2025-03-20 11:46:59+00:00,positif
"Benarkan dwi fungsi tentara.. Sgt setuju, udah g yakin dgn polisi",2025-03-20 11:46:55+00:00,negatif
dari zaman orde baru TNI manunggal dgn rkty,2025-03-20 11:16:06+00:00,negatif
iya universitas trisakti sama tarumanegara pada demo,2025-03-20 11:15:40+00:00,positif
🙏,2025-03-20 11:15:37+00:00,positif
BUBAR AJA TNI,2025-03-20 11:15:31+00:00,negatif
🤝,2025-03-20 11:15:10+00:00,positif
iya udah didoain ajah kalau gitu #capek🥺,2025-03-20 11:14:46+00:00,negatif
🥰🥰🥰,2025-03-20 11:14:23+00:00,positif
"saya setuju RUU TNI asalkan Presidennya kaya Prabowo, U Know lah baru 6 Bulan ratusan koruptor ketangkap, check and recheck Makan Siang Gratis dll.
saya tidak setuju RUU TNI kalau..",2025-03-20 11:14:03+00:00,negatif
saya setuju² saja. biar ga ada yang gibah pemimpin. 😁,2025-03-20 11:13:23+00:00,positif
"Dwi fungsi ABRI jika itu lebih baik untuk negara why not.
toh jabatan jabatan pemerintahan diberikan pada anggota anggota partai korupsi nya gila gilaan.
Dwi fungsi ABRI lebih baik namun tetap bisa diawasi dan transfaran",2025-03-20 11:13:22+00:00,netral
kocak yg dukung 02 hahha,2025-03-20 11:13:15+00:00,netral
Baguslah .biar anak abah kejang2...😅😅,2025-03-20 11:11:17+00:00,negatif
😏,2025-03-20 11:10:38+00:00,positif
TETAP DUKUNG RUU TNI,2025-03-20 11:10:19+00:00,positif
sah.. kerennn...,2025-03-20 11:09:43+00:00,negatif
malah jelasin orde baru 😳,2025-03-20 11:09:36+00:00,netral
🥰,2025-03-20 11:08:49+00:00,positif
masyarakat harus kompak,2025-03-20 11:08:33+00:00,positif
makin ga jelas nih negara,2025-03-20 11:08:32+00:00,negatif
fungsi dpr ada gak.?,2025-03-20 11:08:31+00:00,netral
"PDI "" uudh kelakuan korup dengan bnyk cara buat ruu tni sekarang",2025-03-20 11:08:16+00:00,negatif
Isi dari RUU nya apa??,2025-03-20 11:07:26+00:00,negatif
Rusakkkkk,2025-03-20 11:07:08+00:00,negatif
"saya sih aman-aman aja, yang takut tuhhh oknum yang nakal😂",2025-03-20 11:06:17+00:00,negatif
😂,2025-03-20 11:06:05+00:00,positif
biar ALLAH yang mengaadili komplotan PDIP,2025-03-20 11:05:36+00:00,negatif
gampangnya di jajah pejabat negri sendiri ya?,2025-03-20 11:05:32+00:00,negatif
ow paham.. biar yg korup makin aman😳😳,2025-03-20 11:05:17+00:00,negatif
♥️,2025-03-20 11:04:43+00:00,positif
🥰,2025-03-20 11:03:54+00:00,positif
siapa sih ketua dpr nya,2025-03-20 10:20:27+00:00,positif
"SIAPA TUH YG BILANG, HANYA TNI YG CINTA RAKYAT?
MEREKA CUMAN ROBOT YG NURUT SAMA ATASAN COR",2025-03-20 10:19:56+00:00,negatif
"kejahatan dan koruptor di negeri ini sudah kronis,, hidup tni",2025-03-20 10:19:32+00:00,positif
🥰,2025-03-20 10:19:21+00:00,positif
😂,2025-03-20 10:17:56+00:00,positif
inimah undang” dibuat untuk letkol teddy 😁,2025-03-20 10:17:28+00:00,positif
"Selamat menikmati new orba yah, nikmati lah 58%🤣",2025-03-20 10:16:31+00:00,negatif
🔥,2025-03-20 10:15:53+00:00,positif
baik buat macam plkn je,2025-03-20 10:15:43+00:00,positif
"gais yg muda mending blajar bahasa asing deh , misalnya inggris, jerman, china, jepang, 👍👍",2025-03-20 10:15:37+00:00,negatif
🥰,2025-03-20 10:14:51+00:00,positif
"DPR itu Dewan Perwakilan Rakyat , tapi rakyat yang mana yang diwakili kenapa kinerja dan keputusannya selalu kontra dengan yang diwakilinya????",2025-03-20 10:14:37+00:00,netral
Belanda dulu tu cuma berdagang bukan menjajah 😌,2025-03-20 10:14:04+00:00,negatif
"MASING""PAK JABAT PUNYA STRATEGI MASING""...",2025-03-20 10:13:46+00:00,netral
Udah di sah kan🥹,2025-03-20 10:13:23+00:00,negatif
ohh orang DPR-RI kayanya katuk klo ketahuan korupsi ya 🗿,2025-03-20 10:12:50+00:00,negatif
okee pindah negara 🗿,2025-03-20 10:12:40+00:00,netral
"saatnya apa?? YES NABUNG, BELAJAR BAHASA ASING TRS CABUT!",2025-03-20 10:12:02+00:00,negatif
Alhamdulillah di sah kan masa polri aja yg punya Jabatan diluar jabatan 😁,2025-03-20 10:11:42+00:00,positif
turunkan night red 🗿👍,2025-03-20 10:11:17+00:00,positif
"Klo ruu tni ini sah yang ada korupsi malah merajalela dan kita masyarakat menengah kebawah mkin terpuruk,",2025-03-20 10:11:16+00:00,negatif
"DPR klo kayak gini cepet,giliran Uu perampasan aset lama nya smpe skrng ga di acc",2025-03-20 10:11:10+00:00,negatif
🥰,2025-03-20 10:10:48+00:00,positif
rakyat di anggep pas pemilihan doang,2025-03-20 10:10:40+00:00,negatif
🙏,2025-03-20 10:10:39+00:00,positif
"neo orba.....oke gas,oke gas....😂😂😂😂",2025-03-20 10:10:19+00:00,netral
"Indonesia darurat korupsi, yang dibahas malah RUU TNI. Kocak",2025-03-20 10:08:49+00:00,negatif
🥰🥰🥰,2025-03-20 10:08:46+00:00,positif
"perampasan aset di tolak, giliran gini langsung di setujui sama ketua nya, udah pada ber umur bukannya tobat malah menjadi",2025-03-20 10:08:31+00:00,negatif
nolak soalnya mah takut rombongan koruptornya,2025-03-20 10:07:18+00:00,negatif
🥰🥰🥰,2025-03-20 09:24:35+00:00,positif
@gerindra @Gibran Rakabuming @lambe turah official @Metro TV @Najwa Shihab,2025-03-20 09:23:46+00:00,negatif
gemes banget sama negara ini,2025-03-20 09:23:41+00:00,negatif
Masalah: Perwira Atas TNI banyak yg Non Job Solusinya: Perpanjang masa Pensiun TNI 60thn 😂🤣 Sipil: kesulitan cari kerja,2025-03-20 09:23:26+00:00,negatif
terus kalo kaya gini sama kaya komunis ga sih?? aku ga ngerti:((,2025-03-20 09:23:08+00:00,negatif
TNI bersama rakyat🤡🤓,2025-03-20 09:22:54+00:00,positif
Ngga heran mereka yg menolak slalu Berburuk sangka.,2025-03-20 09:22:15+00:00,negatif
TOLAK RUU TNI,2025-03-20 09:21:48+00:00,positif
🥰,2025-03-20 09:21:35+00:00,positif
🔥,2025-03-20 09:21:14+00:00,positif
tlng jelasin min @partaigerindra,2025-03-20 09:19:49+00:00,positif
paling bener kabur aja dah dr ni negara,2025-03-20 09:19:37+00:00,negatif
astagfirullah,2025-03-20 09:19:33+00:00,positif
KOCAKKK,2025-03-20 09:19:02+00:00,netral
apakah ada yng sama dengan pikiran gua. sepertinya ini strategi banteng untuk menurunkan Prabowo menjadi presiden,2025-03-20 09:19:01+00:00,netral
RUU Polri gimana 🗿😌,2025-03-20 09:18:26+00:00,positif
"udh di bilangin yg bikin ricuh itu DPR, eh yg di demo presiden dan ex presiden😂😂😂",2025-03-20 09:18:18+00:00,negatif
@gerindra bagaimana ni takuttt pak,2025-03-20 09:18:11+00:00,positif
😭,2025-03-20 09:17:46+00:00,positif
pantes biar korupsinya gak ketahuan,2025-03-20 09:17:13+00:00,negatif
Australiaaaa tunggu akuuu,2025-03-20 09:16:45+00:00,negatif
si Nuril munculnya pas ada demo,2025-03-20 09:16:05+00:00,negatif
perang dengan naegara swndiri kocak,2025-03-20 09:15:48+00:00,negatif
😁,2025-03-20 09:15:32+00:00,positif
korupsi dari jaman p Suharto udah ada cuma ga se zalim sekarang,2025-03-20 09:15:27+00:00,negatif
😂,2025-03-20 09:13:46+00:00,positif
"pantesan di sahkan dpr, biar rakyat ga dikit² demo krn takut di intimidasi tni😂",2025-03-20 09:12:23+00:00,negatif
😄,2025-03-20 09:12:20+00:00,positif
😂,2025-03-20 09:12:00+00:00,positif
jadi kemungkinan ada petrus lagi?,2025-03-20 09:11:54+00:00,netral
banyak buzzer bjir,2025-03-20 08:33:32+00:00,negatif
Udah kayak budak aja gak bisa protes/kritik boss🗿,2025-03-20 08:33:32+00:00,negatif
😭,2025-03-20 08:33:06+00:00,positif
@💌 takut plis,2025-03-20 08:33:01+00:00,negatif
TNI waktunya pimpin negri ini ...💓💓💓,2025-03-20 08:32:33+00:00,negatif
makin ga jelas ini negara,2025-03-20 08:31:57+00:00,positif
anjr..,2025-03-20 08:31:05+00:00,netral
"yang di minta rakyat apa yang di sahkan DPR apa, hadehh......",2025-03-20 08:30:59+00:00,negatif
DPR Dewan Perwakilan R nya apa?,2025-03-20 08:30:22+00:00,netral
joget gemoy aja yang penting Heppy 🤣🤣,2025-03-20 08:30:17+00:00,positif
😂😂😂 PARA KORUPTOR PADE TAKUT,2025-03-20 08:30:11+00:00,negatif
negara apa ni cok🗿,2025-03-20 08:30:10+00:00,negatif
buset point 2 gitu yeee,2025-03-20 08:29:27+00:00,netral
@dytihfgtn,2025-03-20 08:29:10+00:00,positif
"lagi pada diberantas, RUU langsung di sahkan!!. brarti ada udang dibalik batu",2025-03-20 08:28:55+00:00,negatif
"klean gk ada yg peduli para para pasukan penjaga konoha ya, kasian itu jd multitasking loh, jagain klean iya, ngerjain kerjaan klean juga.. kasian tauu!!",2025-03-20 08:28:44+00:00,negatif
😂,2025-03-20 08:28:00+00:00,positif
Kan Lu Buzzer nya Dulu bg...,2025-03-20 08:27:42+00:00,negatif
hidup di indo itu kayaknya hardcore ya ceritanya,2025-03-20 08:27:34+00:00,netral
aku nyari barengan whv ke aussie ada yg mau ga?,2025-03-20 08:27:31+00:00,negatif
"bener bener bahaya guys, ntar kalian gabisa loh main tiktok komen komen gini😭🙏🏻 baca buku kiri ntar jg hrus sembunyi”😭 GAMAUUUUU",2025-03-20 08:27:30+00:00,negatif
gua berpikir Indonesia nnti nya akan berperan sesama orang Indonesia,2025-03-20 08:27:07+00:00,positif
@caca,2025-03-20 08:26:42+00:00,positif
kl sy lebih baik orde baru jauh lebih aman,2025-03-20 08:26:24+00:00,netral
🥰,2025-03-20 08:25:55+00:00,positif
siapasih anj yg milih ni org,2025-03-20 08:25:17+00:00,negatif
@corn salad oh ini,2025-03-20 08:25:09+00:00,netral
CMA ANAK ABAH YG MENOLAK UU TNI,2025-03-20 08:24:35+00:00,negatif
🤣,2025-03-20 08:23:58+00:00,positif
🤔🤔🤔,2025-03-20 08:23:23+00:00,positif
TAU KAN KENAPA DOI NYALON DUA KLI GAGAL DAN TETEP NGEYEL JADI PRSIDEN😂😂,2025-03-20 07:44:46+00:00,negatif
🥰,2025-03-20 07:44:18+00:00,positif
dpr tapi rapat diem diem,2025-03-20 07:43:42+00:00,negatif
"di suruh pilih yg pintar berpikir
malah milih yang hoby joget2",2025-03-20 07:43:31+00:00,negatif
klu ada yg ga suka dgn RRU TNI pindah aja kenegara lain gitu aja kog repot,2025-03-20 07:43:18+00:00,negatif
👀,2025-03-20 07:42:52+00:00,positif
"apa mau dibuat mirip Myanmar atau Junta militer , mirip film Rambo",2025-03-20 07:42:39+00:00,negatif
@🦋🙄,2025-03-20 07:42:36+00:00,positif
😃,2025-03-20 07:42:31+00:00,positif
😁,2025-03-20 07:42:04+00:00,positif
@𖨂 chyv  ͎·,2025-03-20 07:42:01+00:00,netral
mending pindah ke malaysia,2025-03-20 07:41:12+00:00,negatif
aku umur 45th.. aku bahagia hidup d zaman orde baru 😅 hidup makmur d zaman presiden suharto,2025-03-20 07:40:06+00:00,positif
🗿,2025-03-20 07:40:05+00:00,positif
"#tolakRUUTNI
#TolakRevisiUUTNI
#PeringatanDarurat
#IndonesiaGelap
#TolakDwifungsiABRI",2025-03-20 07:39:51+00:00,negatif
tolak RUU TNI🔥,2025-03-20 07:38:53+00:00,positif
😁,2025-03-20 07:38:20+00:00,positif
"pantes ae banyak yang pada senyum"" di rapat",2025-03-20 07:38:05+00:00,negatif
"mbuh lah puyeng, mikir Urip be wis puyeng Kon mikir negara",2025-03-20 07:37:30+00:00,negatif
DPR = Dewan Penghianat Rakyat,2025-03-20 07:37:21+00:00,netral
🙏,2025-03-20 07:37:04+00:00,positif
🗿,2025-03-20 07:36:42+00:00,positif
😞,2025-03-20 07:36:10+00:00,positif
Gaspolll RUU TNI 🙂❤❤,2025-03-20 07:36:05+00:00,positif
udah paling bener damkar😂,2025-03-20 07:35:57+00:00,positif
😂😂😂,2025-03-20 07:35:45+00:00,positif
🥰,2025-03-20 07:35:28+00:00,positif
😂,2025-03-20 07:35:24+00:00,positif
sebenernya pemerintah mewakili rakyat yang mana sih?,2025-03-20 07:35:17+00:00,negatif
up,2025-03-20 06:52:48+00:00,netral
siap dukung TNI,2025-03-20 06:52:34+00:00,positif
😅,2025-03-20 06:52:27+00:00,positif
dahlah yang korupsi mau seditutup apapun allah liat tauu bau bangkai pasti kecium😂,2025-03-20 06:51:46+00:00,negatif
DPR tidak sesuai dengan harapan rakyat😔,2025-03-20 06:51:44+00:00,negatif
🥰,2025-03-20 06:50:43+00:00,positif
mantap sgrakan ruuu,2025-03-20 06:49:17+00:00,negatif
😁,2025-03-20 06:48:15+00:00,positif
"Dwifungsi TNI masalalu itu emg gak bener cuman beda sama zaman ini serba digital gk bisa maen bredel dan tangkap..
klo terpaku sama kejadian masalalu giman negri ini mau maju dan berkembang",2025-03-20 06:47:47+00:00,netral
lg heboh heboh nya penangkapan koruptor eh DPR diem diem ngesahin UU ini 🤣,2025-03-20 06:47:39+00:00,negatif
😁,2025-03-20 06:47:22+00:00,positif
TNI aktif hrs pensiun apabila ingin jabatan sipil,2025-03-20 06:47:10+00:00,negatif
😭,2025-03-20 06:47:05+00:00,positif
@gerindra ????,2025-03-20 06:46:27+00:00,negatif
😇,2025-03-20 06:45:46+00:00,positif
lalu? bahas juga dongg yang ruu polri!!!,2025-03-20 06:45:39+00:00,negatif
"susah banget jdi rakyat biasa, berasa di sepelein sama petinggi😭",2025-03-20 06:44:55+00:00,positif
😁,2025-03-20 06:42:48+00:00,positif
ya allah JANGAN ampuni dosa dosa pemimpin kami,2025-03-20 06:42:28+00:00,positif
🙏🏻,2025-03-20 06:41:58+00:00,positif
bagus dong. seperti korut. protes dikit hilang.🤭🤭🤭🤭,2025-03-20 06:40:45+00:00,negatif
"RUU TNI Klo jadi di sah kan, rakyat akan diam.😷.ngeritik akan hilang,nglawan pun, akan di Bwah kan 1 konpi😭",2025-03-20 06:40:08+00:00,negatif
sama aq juga ga tw apa itu ruu tni,2025-03-20 06:39:28+00:00,negatif
#TolakRUUTNI,2025-03-20 06:39:27+00:00,negatif
Apakah ada rencana kudeta🤔🤔,2025-03-20 06:39:10+00:00,netral
yg tolak RUU TNI anaknya abah semua 😂,2025-03-20 06:39:04+00:00,negatif
"sedang melihat buzzer tni dan polisi saling adu komen 😂😂😂
saya tak jadi buzzer damkar aja lah 😂😂😂",2025-03-20 06:39:00+00:00,negatif
terserah ajalah.. dari rezim Mulyono banyak kebijakan yg merugikan rakyat emang dibatalkan?? tetap mereka jalankan juga.. makanya kalau pemilu pintar dikit.. j,2025-03-20 06:38:56+00:00,negatif
trs polis yg ditembak mati TNI dia mati Sahid begitu😭😭,2025-03-20 06:38:31+00:00,negatif
Mending RUU DAMKAR🔥,2025-03-20 06:38:03+00:00,positif
"intinya klo in di sahkan, TNI akan jdi alat lgi untuk pemerintah.",2025-03-20 05:53:42+00:00,negatif
😁,2025-03-20 05:53:33+00:00,positif
😂,2025-03-20 05:53:32+00:00,positif
STOP BAYAR PAJAK BIAR TNI GAPAKE SEMPAK,2025-03-20 05:53:19+00:00,negatif
😂,2025-03-20 05:52:53+00:00,positif
mending gini biar sipil yg jadi wakil rakyat takut mau korupsi dan semena2,2025-03-20 05:52:23+00:00,negatif
stop bayar pajak ngga sihh,2025-03-20 05:51:54+00:00,negatif
Sy Angkatan orde baru🤞🏻 hening tiba” ada makam masal di deket kebon nenek🫣 pemilu pns harus nyoblos partai warna kuning🫣😁 tiba” orang tatoan pd ilang🫣😩🤣pokonya serba tiba”🫣😩,2025-03-20 05:51:18+00:00,negatif
"korupsi di orba gak separah sekarang ini,sekarang di setiap ada celah pasti di manfaatin",2025-03-20 05:51:10+00:00,negatif
@融合 nah yan,2025-03-20 05:50:33+00:00,positif
Parah si,2025-03-20 05:50:28+00:00,negatif
🤣,2025-03-20 05:50:17+00:00,positif
😞,2025-03-20 05:50:08+00:00,positif
🤲,2025-03-20 05:50:06+00:00,positif
"Tolak RUU TNI, hancur negara ini kalau dikuasai oleh TNI, udah bener fungsi pertahanan malah ikut campur urusan jabatan sipil",2025-03-20 05:49:30+00:00,negatif
"intinya demo saja nanti kalau suka2, rakyat kalau sudah bersatu selesai itu",2025-03-20 05:48:46+00:00,negatif
"bacot kali, Kami Rakyat dukung RUU TNI.",2025-03-20 05:48:36+00:00,positif
era reformasi part 2,2025-03-20 05:48:15+00:00,netral
makin jadi nih Indonesia cemas 2045,2025-03-20 05:47:37+00:00,negatif
"RUU TNI PENGALIHAN ISU YG DEMO MAHASEWA DAN KELUARGA BESAR POLRI SENDIRI MENYAMAR DALANGNYA PDI-P, JANGAN LUPA ""RUU POLRI BENTAR LAGI KETOK PALU POLRI SUPERPOWER MASYARAKAT MENJERIT"" 🔥🔥🔥",2025-03-20 05:47:30+00:00,positif
bang sebutin isi RUU nya lahhh,2025-03-20 05:46:27+00:00,negatif
Wkwkw suara rakyat tapi gak didengerr,2025-03-20 05:46:01+00:00,netral
"bang coba bahas RUU polri, dan bandingkan RUU polri dan RUU TNI, mana yang lebih kena ke masyarakat",2025-03-20 05:45:56+00:00,positif
😂,2025-03-20 05:45:41+00:00,positif
Kalo misalkan hal yg disebutkan bakalan terjadi . Apakah rakyat bakal diem aja ? . Oh tentu tidak . Ya mungkin yg ada 98 part 2 kejadian lagi 😅,2025-03-20 05:44:05+00:00,negatif
2030 Indonesia bubar ingat itu2 kata prabowo tahun 2019 loh,2025-03-20 05:42:25+00:00,negatif
wkwkw banteng banteng,2025-03-20 05:41:47+00:00,positif
Rasanya pengen pindah negara aja 😭😭😭,2025-03-20 05:41:41+00:00,negatif
sebenarnya pemimpin negara ini siapa sih? DPR/presiden 🥺,2025-03-20 05:41:34+00:00,positif
syukur makin gelap 🇮🇩😎…,2025-03-20 05:40:45+00:00,negatif
🤣🤣🤣 POLITIK DI KONONHA SUSAH. BELAJAR DARI AMERIKA. PARTAI POLITIK SEDIKIT. DI NEGARA IDN BUAAANNYAKKKK🤣🤣🤣.,2025-03-20 04:53:50+00:00,negatif
"ruu tni secara terbuka,selama ini parcok bahas ruu tidak pernah muncul ,tiba2 jadi uu",2025-03-20 04:53:17+00:00,negatif
tolak RUU tni,2025-03-20 04:53:05+00:00,positif
biar aja masyarakat ngerasain dulu kayak apa rasanya klo TNI berkuasa😂..,2025-03-20 04:52:18+00:00,negatif
emang gitu banteng merah dasar nenek nenek penggembala banteng gaib,2025-03-20 04:52:06+00:00,negatif
sah😢😢,2025-03-20 04:51:52+00:00,positif
kalau yg nolak orang2nya itu aja sudah di pastikan ruu revisi tni itu udah bener .,2025-03-20 04:51:44+00:00,negatif
💪,2025-03-20 04:51:39+00:00,positif
😁,2025-03-20 04:50:02+00:00,positif
dukung RUU TNI,2025-03-20 04:49:52+00:00,positif
bubrah aja sekalian negaranya geger geden😹,2025-03-20 04:49:37+00:00,negatif
"knp ruu TNI dikebut oleh DPR karena jika mereka korupsi & masyarakat demo maka masyarakat akan dihadapkan dgn TNI & Polri, dan media² akan hening karena ada ancaman² yg memaksa media utk diam",2025-03-20 04:48:41+00:00,negatif
RUU goblok,2025-03-20 04:48:25+00:00,positif
"LEBIH BAIK ORDE BARU
DARIPADA ORDE JKWI
LEBIH HOROR",2025-03-20 04:47:50+00:00,netral
Pada belajar sejarah gak sih? seberapa ngerinya masa orba??? Aparat aha ditem*** apalagi kita yg cmn sipil,2025-03-20 04:47:49+00:00,negatif
dukung revisi,2025-03-20 04:46:57+00:00,netral
korupsi orde baru kalah jauh dengan korupsi jaman megalodon yg si paling sipil,2025-03-20 04:46:17+00:00,negatif
😂,2025-03-20 04:45:18+00:00,positif
@Mat @AditJir,2025-03-20 04:43:38+00:00,negatif
Negara semakin ketauwan cara mainnya kotor sekali,2025-03-20 04:43:08+00:00,negatif
udah ketahuan yg diatas pd takuut x😁,2025-03-20 04:42:59+00:00,negatif
udah jadi uu bang,2025-03-20 04:42:52+00:00,negatif
ancor ancor,2025-03-20 04:42:08+00:00,netral
🥰,2025-03-20 04:41:25+00:00,positif
ngeri bgt tinggal disini,2025-03-20 04:41:18+00:00,positif
#TolakRUUTNI,2025-03-20 04:40:44+00:00,negatif
TNI MARUK,2025-03-20 04:40:03+00:00,netral
jadi tau kenapa pengen cepat disahkan hehe,2025-03-20 04:39:17+00:00,negatif
😏😏😏,2025-03-20 04:38:39+00:00,positif
RUU TNI kalian pada ribut semua...takut gak bisa bergerak kah....sedangkan RUU sebelah disahkan kalian diem saja....,2025-03-20 04:38:35+00:00,negatif
Orang ini kayak nya pro banteng 🤣,2025-03-20 02:33:49+00:00,positif
gada yang bener nih negara udah paling bener pindah negara,2025-03-20 02:33:22+00:00,negatif
Oh pantes bapak paling susah ngomong A ya harus A 🙃,2025-03-20 02:33:14+00:00,negatif
"intinya halal ya yg korupsi itu bagi mereka,Krn klo ada yg bicara bakal hilang",2025-03-20 02:33:03+00:00,negatif
ancurrr negara ini,2025-03-20 02:31:28+00:00,positif
#TOLAKRUUTNI,2025-03-20 02:30:42+00:00,negatif
🙏🙏🙏🙏,2025-03-20 02:30:19+00:00,positif
astagfirullah,2025-03-20 02:30:11+00:00,positif
"APARAT HUKUM NEGARA MENJADI ALAT POLITIK,,, TIDAK ADA OPOSISI, TIDAK ADA DEMO,,, SEMUANYA HARUS SUKA DGN KEBIJAKAN PEMERINTAH",2025-03-20 02:29:19+00:00,positif
astagaa udh tau aparat gak ada yg beres malah di buat hahahha maklum laa presidennya mantan 😂,2025-03-20 02:28:34+00:00,negatif
ternyata jokowi lebih mending,2025-03-20 02:27:34+00:00,netral
"gapeduli gua ama ruu tni, bapak gua tni ga dapet thr cokk 🤣🤣🤣",2025-03-20 02:26:22+00:00,negatif
"apalagi bin sama sandi negara harusnya gak ada instansi lain bisa masuk, karna yang emang harus independen, ini malah melebar ke kejaksaan sama mahkamah agung",2025-03-20 02:26:12+00:00,negatif
setuju dengan RUU TNI👍,2025-03-20 02:25:29+00:00,positif
"harusnya bahas RUU TNI sih,bukan malah bahas orde baru...kalaupun iya alasannya apa sampai RUU TNI ini dibilangnya orde..masyarakat harus lebih bijak",2025-03-20 02:25:27+00:00,negatif
mau ke jepang aja gapapa sama obake,2025-03-20 02:25:07+00:00,negatif
TOLAK RUU TNI,2025-03-20 02:23:58+00:00,positif
TERSERAH KALIAN PARA PENGUASA MAU BERBUAT APA. YG JELASSS KITA SEMUA PASTI AKAN MATI !!! AKAANN MATIII !!,2025-03-20 02:23:52+00:00,negatif
Cikal Bakal Kudeta Militer,2025-03-20 02:23:38+00:00,positif
benar benar ngeri bung,2025-03-20 02:23:28+00:00,positif
58% bertanggung jawab penuh,2025-03-20 02:22:57+00:00,positif
beda apk beda otak isi komentar ny😂.,2025-03-20 02:22:01+00:00,netral
usir banteng negara aman,2025-03-20 02:21:04+00:00,positif
banteng tu buang aja dari negara ini,2025-03-20 02:20:55+00:00,negatif
😭😭😭,2025-03-20 02:20:25+00:00,positif
yang memimpin rapat itu DPR saya ulangi sekali lagi DPR lalu kenapa SDM+62 menyudutkan TNI?,2025-03-20 02:20:00+00:00,negatif
sepertinya rakyat harus membentuk pasukan revolusi buat jaga jaga perlawanan,2025-03-20 02:19:11+00:00,positif
reformasi gagal,2025-03-20 02:17:51+00:00,negatif
"padahal RUU POLRI lebih seram tp ga ribut...
ada apa?
siapa yg menggerakkan penolakan RUU TNI?
klo RUU POLRI disahkan,kita sebagai masyarakat bernafas ja pasti salah.😅",2025-03-20 02:17:20+00:00,negatif
Gas aja lah,2025-03-20 02:15:03+00:00,negatif
"au ah cape sama negara Indonesia ini mending ""kaburajadulu""",2025-03-20 00:23:09+00:00,negatif
"efek gak ada perang kerjaan pun tak ada cemburuan pengen tugas sipil., tentara ya tentara pertahanan negara., toh kalo mau tugas sipil jadi pns aja le., prajurit kok pengen tugas sipil mundur le pensi",2025-03-20 00:22:54+00:00,negatif
RUU TNI itu cara pemerintah mengendalikan & memanfaatkan TNI untuk melawan rakyat,2025-03-20 00:22:11+00:00,positif
bener2 mau menggulingkan presidennn para kau anggota dpr😅,2025-03-20 00:21:22+00:00,negatif
KLO memang itu sampe terjadi gmna nasib rakyat selanjutnya?,2025-03-20 00:17:34+00:00,negatif
semoga balik ke orde baru 😏,2025-03-20 00:17:10+00:00,negatif
negara demokrasi? negara kon...,2025-03-20 00:16:58+00:00,negatif
begara demokrasi? negara kon...,2025-03-20 00:16:45+00:00,negatif
😂,2025-03-20 00:16:32+00:00,positif
"bkn korupsi ga ketahuan, semua udh tau tapi yg angkat suara lgsg hilang",2025-03-20 00:14:41+00:00,negatif
58% setuju🤣🤣,2025-03-20 00:13:48+00:00,negatif
mahasiswa ngga ada niatan demo nih??😭😭 apa emang belum separah itu yah kok pada diem2 ajee?? ini udh tangggal 20,2025-03-20 00:13:05+00:00,negatif
😁,2025-03-20 00:12:18+00:00,positif
baguslah jadi aman kaya dulu,2025-03-20 00:08:40+00:00,netral
TOLAK RUU TNI 🖐️🖐️🖐️,2025-03-20 00:08:20+00:00,positif
😭,2025-03-20 00:08:09+00:00,positif
"DPR lah sarang koruptor. untuk apa gunanya TNI gini,jadi kejagung mau dilemahkan. pak presiden jangan sampe tragedi Trisakti 98 jilit2 terjadi di dpr",2025-03-20 00:07:34+00:00,negatif
Km cerita apa bahas RUU TNI? Beda judul beda berita 😅,2025-03-20 00:06:31+00:00,negatif
Bravo TNI🥰👍,2025-03-20 00:06:26+00:00,positif
seru nih banyak buzer buzer wkwk tenang kalian semua nanti pahlawan akan datang membatalkan ruu ini 🤣,2025-03-20 00:04:32+00:00,negatif
#Tolak RUU TNI,2025-03-20 00:04:01+00:00,positif
siapa sih yang mengusulkan Ni RUU TNI?,2025-03-20 00:03:21+00:00,negatif
yg dukung pasti mahasewa pengangguran tingkat atas 😹,2025-03-20 00:00:45+00:00,positif
negara paling bodoh dalam mengatasi masalah,2025-03-20 00:00:27+00:00,positif
😂,2025-03-19 23:58:53+00:00,positif
Dahlah.. pindah negara aja,2025-03-19 23:56:03+00:00,negatif
🥰,2025-03-19 23:55:41+00:00,positif
pindah negara harus mulai dri mna sih?? aku capeeee😫😫😫,2025-03-19 23:54:20+00:00,negatif
"bg coba liat wawancara beberapa masyarakat myanmar, mereka pake dwifungsi juga kok. hasilnya gmana!? mencekam!",2025-03-19 23:52:05+00:00,negatif
yang meromantisasi era orde baru itu dulu keluarganya ber-privilege.,2025-03-19 23:48:00+00:00,positif
DPR = hama😁,2025-03-19 18:33:06+00:00,positif
indobelanda dateng kembali😅😅,2025-03-19 18:32:32+00:00,positif
makaann tuh presiden🤣,2025-03-19 18:27:21+00:00,negatif
"guling kan prabowo br selesai benang kusut br"" ini",2025-03-19 18:25:41+00:00,negatif
tolak,2025-03-19 18:23:38+00:00,netral
🗿,2025-03-19 18:20:06+00:00,positif
mending disahkan saja dari pada baju coklat,2025-03-19 18:17:25+00:00,negatif
😁,2025-03-19 18:05:04+00:00,positif
"wajarlah, presiden nya juga menantunya orang yg beperan di orba, dan dia juga bagian dari dari Orba",2025-03-19 18:03:09+00:00,negatif
jadi ini yang inisiatif buat ngesahin dpr? atau ada yang mengusulkan?,2025-03-19 17:59:20+00:00,negatif
emang setelah orde baru ga ada yg korupsi,2025-03-19 17:57:32+00:00,negatif
RUU TNI jalan terus....,2025-03-19 17:53:51+00:00,positif
makin berjaya pada koruptor,2025-03-19 17:49:37+00:00,positif
klo ruu tni disahkan brrti 11 12 ama polisi.. raja korup,2025-03-19 17:48:07+00:00,negatif
"Saya sudah merasakan hidup susah di zaman orba.
😈😠😬😤",2025-03-19 17:46:38+00:00,positif
Ak Dukung RUU TNI,2025-03-19 17:41:13+00:00,positif
"aku kalo kaya raya, pngn pindah sbnrnya ke luar negri.",2025-03-19 17:41:04+00:00,negatif
dpr ni jan kerja nya gimana,2025-03-19 17:38:48+00:00,positif
orba itu baik2 aja...yg nggk suka adlh pe ka ii,2025-03-19 17:36:46+00:00,netral
berarti ada kemungkinan DPR itu sudah di intimidasi gk sih,2025-03-19 17:36:02+00:00,negatif
gunanya demokrasi???,2025-03-19 17:34:20+00:00,negatif
"tolak UU revisi
jangan lupa sejarah",2025-03-19 17:31:33+00:00,positif
Kenapa aku lahir di indonesia,2025-03-19 17:29:33+00:00,negatif
Negara aneh,2025-03-19 17:27:22+00:00,negatif
Terus rakyat Indonesia maunya apa 😂,2025-03-19 17:25:46+00:00,positif
ngga mukin tni arogan rakyat udah paham,2025-03-19 17:25:26+00:00,negatif
Dpr memang bangs,2025-03-19 17:24:45+00:00,negatif
tolak,2025-03-19 17:19:43+00:00,netral
 [photo],2025-03-19 17:17:20+00:00,positif
dah lah bang cape dah bosen liat negara gitu terus,2025-03-19 17:16:31+00:00,negatif
🤣,2025-03-19 12:21:31+00:00,positif
bang Neneng rosdyana bang,2025-03-19 12:21:09+00:00,netral
🔥,2025-03-19 12:20:49+00:00,positif
tolak😇,2025-03-19 12:20:34+00:00,positif
"itu yg nolak ruu tni, kenapa? takut gabisa berbuat kriminal kah? 😁😈",2025-03-19 12:19:49+00:00,negatif
"ORDE BARU HARUS ,biar tikus2 preman lansung koit",2025-03-19 12:18:07+00:00,positif
🗿,2025-03-19 12:15:07+00:00,positif
jin saja tdk percaya dgn manusia biasa,2025-03-19 12:10:31+00:00,negatif
dpr mah emng maunya itu🤭 dia pengen aman korupsi makanya mau cepet cepet di sah kan idihhhh alah,2025-03-19 12:09:46+00:00,negatif
buzzer 100 M sudah bekerja,2025-03-19 12:01:06+00:00,positif
makan tuh 02,2025-03-19 12:00:43+00:00,netral
#tolakruutni,2025-03-19 12:00:41+00:00,negatif
bang bahas IHSG yang turun 5%,2025-03-19 11:59:08+00:00,negatif
"bang publik figur nya kok cuma 3 orang, katanya banyak? sama media nya cuma tempo dan bijak membaca, padahal kan banyak ?",2025-03-19 11:56:19+00:00,negatif
"serem banget prabowo, daftar kerja di Badan Gizi aja pendidikan militer 2 bulan 😁",2025-03-19 11:55:12+00:00,netral
😁,2025-03-19 11:49:45+00:00,positif
"MAHASEWA mana MAHASEWA, giliran ke gini ko ga ada yg demo? ga ada yg bayar? katanya mewakili rakyat, rakyat yg mana? woyy anjing",2025-03-19 11:47:37+00:00,negatif
MAJU TERUS TNI,2025-03-19 11:46:42+00:00,positif
"ntar jugabklian rasakan akibatnya.
Tolak itu UU",2025-03-19 11:44:21+00:00,negatif
1 kata lawan kalo tidak sesuai dengan dasar negara kita🙏,2025-03-19 11:42:50+00:00,negatif
😁,2025-03-19 11:42:25+00:00,positif
"PASRAHKAN SMA PAK PROBOWO ""
pak prabowo kerja demi rakyat.
pak probowo bekerja untuk rakyat miskin """,2025-03-19 11:42:06+00:00,positif
🙏,2025-03-19 11:41:02+00:00,positif
"kalo mo lihat baik enggaknya, lihatlah gerombolan mana yg menolaknya",2025-03-19 11:39:56+00:00,negatif
kami masyarakat menolak ruu tni,2025-03-19 11:37:05+00:00,negatif
"TNI skrng ngeri, bnyak kasus2 bru anggota tni terbaru di lampung",2025-03-19 11:33:41+00:00,negatif
"BUKAN HEBOH,,,MEREKA TAKUT KARENA BANYAK SALAH",2025-03-19 11:32:43+00:00,negatif
😂,2025-03-19 11:27:06+00:00,positif
ngerii bgtt,2025-03-19 11:26:50+00:00,netral
#TolakRevisiUUTNI,2025-03-19 11:23:22+00:00,negatif
RUU TNI Sama perampasan aset koruptor penting mana? Perampasan aset koruptor kok sepi,2025-03-19 05:51:40+00:00,negatif
"kalo presidennya bersih maka cocok dwifungi masalahnya,bersih kagak? jgn² ud dapat item yg OP nanti sAlahgunakan ya ga?
MNURUT Sy emang cocoknya otoriter sdm dimari bisa diarahkan dari sdm rendah, criminal,jiwa ngemis,malas,jadi orang standar wamil.tapi balik lagi bos komandonya cakap ga? kalo be es mAh ya makin buruk ini di ZIP abis rakyatnya,skrg demokrasi AJ udh diabaikan aspirasi rakyat,malah rakyat didoktrin pembodohan lewat sosmed,media hoak,gaya idup ,agama dll.",2025-03-19 05:49:14+00:00,negatif
🙏🏻🙏🏻🙏🏻,2025-03-19 05:48:08+00:00,positif
Di protes awas hilang,2025-03-19 05:47:13+00:00,negatif
revisi RUU TNI apa supaya tidak sampai disahkan RUU Perampasan Aset,2025-03-19 05:46:13+00:00,negatif
RUU dikebut emang prestasinya apa aja sich ciyus neanyak dmin...🤔,2025-03-19 05:45:36+00:00,negatif
hidup tni okk..DPR sama polisi d bubar kan ok,2025-03-19 05:45:27+00:00,netral
bener bangettttt,2025-03-19 05:45:06+00:00,negatif
#TOLAKRUUTNI,2025-03-19 05:43:37+00:00,negatif
😅😅😅,2025-03-19 05:40:53+00:00,positif
namanya juga manusia pada kepo sok tau,2025-03-19 05:31:05+00:00,negatif
Ruu TNI belum sah aja. arogannya minta ampun. kami rakyat menderit,2025-03-19 05:30:28+00:00,negatif
tolak RUU TNI..,2025-03-19 05:29:45+00:00,positif
Indonesian negara kaya tapi di buat miskin sama penjabat,2025-03-19 05:28:28+00:00,negatif
#kaburajadulu memang udah benar kabur aj. negara ini makin sakit,2025-03-19 05:28:18+00:00,negatif
"klo disahkan, yang patut disalahkan DPR gasih?🗿",2025-03-19 05:28:05+00:00,negatif
lu juga harus bahas ruu polri bang jangan menggiring opini gak jelas..,2025-03-19 05:27:06+00:00,negatif
Betulll..... betulll... betullll bang pinter bgt abng ini sepuluh jempolllll,2025-03-19 05:26:53+00:00,negatif
diliat aja tingkat kepercayaan masyarakat gak usah di debat kalo rakyat lebih bnyak percaya sama TNI ya sudah.,2025-03-19 05:26:34+00:00,negatif
"Hidup di masa Orde Baru (1966–1998) di bawah pemerintahan Presiden Soeharto punya dua sisi — di satu sisi ada stabilitas ekonomi dan pembangunan, tapi di sisi lain juga ada pengekangan kebebasan dan dominasi militer.
Berikut gambaran kehidupan masyarakat saat itu:
---
1. Militer Sangat Dominan (Dwifungsi ABRI)
TNI (dulu ABRI) berperan ganda: sebagai alat pertahanan sekaligus mengisi jabatan-jabatan sipil (gubernur, bupati, anggota DPR, dll).
Kehidupan sipil sangat dipengaruhi militer, termasuk dalam politik, kampus, bahkan media.
2. Kebebasan Berpendapat Terbatas
Kritik terhadap pemerintah dibatasi. Media massa diawasi ketat oleh pemerintah (lewat SIUPP).
Aktivis, jurnalis, mahasiswa atau dosen yang kritis bisa ditangkap, diintimidasi, bahkan hilang.
Demonstrasi dianggap subversif, bisa langsung dibubarkan atau dikriminalisasi.
3. Politik Sangat Terkontrol
Hanya ada tiga partai resmi: Golkar (partai pemerintah), PPP dan PDI.
Pemilu hanya formalitas — Golkar selalu menang besar.
Pemerintah menggunakan aparatur negara (PNS, TNI/Polri, dan birokrasi) untuk mendukung Golkar.
4. KKN Menggurita (Korupsi, Kolusi, Nepotisme)
Kekuasaan terpusat pada keluarga dan kroni Soeharto.
Bisnis besar dimonopoli oleh keluarga Cendana dan pengusaha dekat pemerintah.
5. Pembangunan dan Stabilitas Ekonomi
Pembangunan infrastruktur dan pertumbuhan ekonomi memang meningkat, terutama di era 80-90an.
Ada program transmigrasi, swasembada pangan, dan pelita (pembangunan lima tahun).
Tapi pembangunan sering tidak merata, dan rakyat kecil sering tergusur.
6. Takut dan Diam adalah Budaya
Masyarakat hidup dalam budaya takut, enggan bicara politik di tempat umum.
Banyak yang memilih “diam saja” karena takut dianggap subversif atau anti-pemerintah.",2025-03-19 05:26:27+00:00,positif
halu mulu,2025-03-19 05:26:21+00:00,netral
tolak UU TNI ini,2025-03-19 05:26:05+00:00,positif
gpp bang asal free maksi dan bansos jalan terosss 😂,2025-03-19 05:23:15+00:00,negatif
kalian mau kyak dlu apa.. ngomong dikit hilang😒,2025-03-19 05:21:39+00:00,negatif
"Komen buzzer 100M Update 19-03-2025:
1. Jangan macam2 sama TNI.
2. Tidak ada asap kalo tdk ada api.
3. TNI bersama rakyat.
4. Bravo TNI
5. Dukung RUU TNI
6. Apa Ruginya Sabung ayam bu",2025-03-19 05:15:13+00:00,negatif
Langkah pertama bubarkan DPR,2025-03-19 05:13:48+00:00,negatif
😳,2025-03-19 05:09:50+00:00,positif
"orba mah apa2 murah, lah ini udh di bungkam apa mahal kerjaan buat rakyat ga ada 😥 kalo jadi mah lebih parah dr orba",2025-03-19 05:02:53+00:00,negatif
jadi inget kasus wartawan hilang krna memberitakan korupsi bupati jogja... bupati itu seorang TNI.... wartawanny di bkin seolah di bunuh orang lain yg cemburu istrinya selingkuh sama ini wartawan... pdhal tidak... ada org yg gak bersalah yg di jadikan tersangka pembunuhan... gini lah jadinya klo tentara jadi pemimpin.. seenaknya,2025-03-19 04:53:19+00:00,negatif
"ayo gaes tolak RUU TNI jangan mau di bodohi, jangan mau ada ideologi tanpa kita berfikir dan kritisi",2025-03-19 04:52:46+00:00,negatif
Tolak RUU TNI,2025-03-19 00:19:52+00:00,positif
dwifungsi ABRI part 2,2025-03-19 00:19:52+00:00,netral
pindah negara aja ah 😂,2025-03-19 00:11:54+00:00,negatif
Makin mundur aja negara ini. Herann.,2025-03-19 00:09:37+00:00,negatif
taulah ya kenapa rapat diam²,2025-03-19 00:03:11+00:00,negatif
terima ruu tni,2025-03-19 00:00:41+00:00,positif
RUUTNI buat nutupin kasus Pertamina,2025-03-19 00:00:35+00:00,negatif
takut Indonesia kayak film taxi Drivers,2025-03-19 00:00:33+00:00,negatif
indonesia sibuk bgt yaa😭🙏,2025-03-18 23:57:32+00:00,negatif
"ngerasa ga sih skr jga, sbnernya di pegang sama s coklat ?
apa cuma perasaan aku aja ?
aku sih mnding TNI",2025-03-18 23:57:01+00:00,negatif
"karna yang korup cuma mereka,jadi uu mereka buat harus diam2",2025-03-18 23:56:23+00:00,negatif
makin tidak jelas njir,2025-03-18 23:55:49+00:00,negatif
gulingkan PDI di DPR,2025-03-18 23:55:33+00:00,netral
yang nolak itu pengikut pki🤪,2025-03-18 23:55:30+00:00,positif
"bg bju koko lu bgus,",2025-03-18 23:55:25+00:00,negatif
setidaknya orde baru kalau hidup kamu baik dan.lurus aman2 aja... yg khawatir ya para koruptor dan bensin murah,2025-03-18 23:53:31+00:00,negatif
"kapan si ada hari yg gak hah hah hah
dari awal jabat masyarakat gak dibuat tenang",2025-03-18 23:49:16+00:00,netral
😅,2025-03-18 23:49:01+00:00,positif
enak lah buat korupsi,2025-03-18 23:48:56+00:00,negatif
Buat memilih bapak di periode selanjutnya dengan lancar,2025-03-18 23:48:36+00:00,positif
parahh negara isinya pemerintah dzolim semua,2025-03-18 23:47:48+00:00,negatif
tdk masalah RUU TNI.. selama ini TNI menjadi institusi yg paling di percaya masyarakat dari pada Institusi sebelah yg selalu jelek di mata masyarakat,2025-03-18 23:47:38+00:00,negatif
@Ian's GF🌻 @aries🐏 nah kan gue udah bilang orde baru are back 🤣 alasan gue ga pernah milih prabowo ya itu wkwk,2025-03-18 23:46:20+00:00,negatif
"lu lihat nanti pastii bakal bnyk demo besar2an 98 bakal terulang abis lebaran,,makin kacau si nih negara arah nya",2025-03-18 23:44:59+00:00,negatif
orde paling baru ini mah,2025-03-18 23:42:51+00:00,positif
yang minta ruu tni siapa?,2025-03-18 23:42:05+00:00,negatif
"🇲🇨🇲🇨KAMI MASYARAKAT MENOLAK🇲🇨🇲🇨UU TNI. KAMI MASI TROMA.. PENCULIKAN, INTIMIDASI & PEMBUNGKAMAN AKAN TERULANG LAGI🙏🙏🇲🇨🇲🇨",2025-03-18 23:41:10+00:00,negatif
BG bahas ladang ganjo,2025-03-18 23:39:36+00:00,netral
saatnya gen z menggulingkan pemerintah!,2025-03-18 23:39:22+00:00,negatif
Kerja tni apaan? Ya cuma kurve sampe tua lah makanya pengen jabatan sipil😂,2025-03-18 23:39:03+00:00,netral
"wkwkwk bahas revisi ruu tni gercep,tapi giliran mengesahkan ruu perampasan aset gak mau😂",2025-03-18 21:31:51+00:00,netral
bagian RUU perampasan aset artis gak pda ikut komen..,2025-03-18 21:29:13+00:00,positif
@DPR RI malah iclik di hotel mewah🗿,2025-03-18 21:27:21+00:00,negatif
Dpr lagi dpr lagi,2025-03-18 21:26:55+00:00,netral
😁,2025-03-18 21:26:49+00:00,positif
😂,2025-03-18 21:26:47+00:00,positif
dapt thar amin,2025-03-18 21:25:56+00:00,netral
dulu yg korubsi hanya segelintir orang kalou sekarang dari kelas RT Sampek atas,2025-03-18 21:24:50+00:00,negatif
"bubarin ajeh ga sih dpr , ganti sama yang lebih muda dan fresh",2025-03-18 21:24:07+00:00,positif
gpp lebih menyenangkan begini kok,2025-03-18 21:19:25+00:00,netral
palingan juga Petrus aktif lagi,2025-03-18 21:19:07+00:00,positif
buzzer tni = hama,2025-03-18 21:16:28+00:00,netral
bisa ada Petrus lagi,2025-03-18 21:15:57+00:00,netral
😂😂😂,2025-03-18 21:14:52+00:00,positif
mana kang oke gas,2025-03-18 21:14:16+00:00,netral
apakah karna pengancaman pak Prabowo tentang petinggi migas untuk melangsingkan pak Prabowo jika berani ngusik?,2025-03-18 21:11:40+00:00,netral
gpp. muak negara Konoha ini,2025-03-18 21:08:59+00:00,positif
RUU TNI itu karpet merah menuju era orde baru/otoritarianisme.Mending cegah sejak dini daripada ada korban.,2025-03-18 21:07:57+00:00,positif
kenapa kok ga nge resmi in uu perampasan aset? karena di DPR/di banteng masih ada yang korup cuma belum ketahuan. suatu saat bakalan ketahuan 🥰,2025-03-18 21:06:18+00:00,negatif
Respect Wookkk,2025-03-18 21:05:45+00:00,positif
mending pindah negara,2025-03-18 21:03:20+00:00,negatif
sy udah muakk anjingg dg semua inii mending gua pindah ke monaco bjirr,2025-03-18 21:01:15+00:00,negatif
😏😏😏,2025-03-18 21:00:49+00:00,positif
ini 11 12 kea darurat militer korsel sebelumnya gasih??,2025-03-18 21:00:47+00:00,negatif
petrus👍,2025-03-18 20:58:17+00:00,positif
bang Spil baju kokonha,2025-03-18 20:56:15+00:00,negatif
"klo mencekam knp rata"" org tua jmn itu , klo ditanyain enakn jaman presiden siapa? rata"" bilng era Soeharto dah 🙃",2025-03-18 20:53:53+00:00,negatif
makin kesini makin gajelas aja ini negara🗿,2025-03-18 20:53:34+00:00,negatif
harun masiku,2025-03-18 20:52:05+00:00,netral
negara makin rusak,2025-03-18 20:48:58+00:00,negatif
😁😁😁,2025-03-18 17:08:33+00:00,positif
😂,2025-03-18 17:08:04+00:00,positif
haha dwifungsi abri is back kah😹,2025-03-18 17:06:54+00:00,negatif
"kebanyakan rapat doang anj, pemerintah apa ini coba",2025-03-18 17:06:25+00:00,netral
"bener kata mama gua, klo prabowo jadi presiden pelan pelan bakal ngadain orde baru. pelan pelan mewariskan kelakuan suharto, ternyata ini maksud mama gua.",2025-03-18 17:06:17+00:00,negatif
fedi nuril ktnya mau kluar indo klo prabowo jadi,2025-03-18 17:05:46+00:00,negatif
ndasmu,2025-03-18 17:04:30+00:00,negatif
"Ada yg blg bakal mirip korut, jauh bedalah disini mah sayang pejabat, pemerintahnya sibuk framing, sok”nangkap tikus tapi buat jalan tikus baru oo*",2025-03-18 17:03:41+00:00,negatif
langsung banyak buzzeerrrrrrrr,2025-03-18 17:02:23+00:00,positif
mudah dipahami seharusnya. tapi tidak bagi ternak mulyono 😹,2025-03-18 17:01:42+00:00,netral
😹,2025-03-18 17:00:39+00:00,positif
🐔🐔🐔🐔🐔🐔,2025-03-18 17:00:25+00:00,positif
Pemerintahan Prabowo makin gak genah!!!,2025-03-18 16:58:33+00:00,negatif
dijajah sama bangsa sndiri,2025-03-18 16:57:58+00:00,positif
"kemaren beking ayam, besok beking lebih elegan dikit 😂",2025-03-18 16:56:25+00:00,netral
negara anj,2025-03-18 16:56:24+00:00,positif
capek bgt jd rakyat 😭,2025-03-18 16:55:59+00:00,positif
🔥🔥🔥,2025-03-18 16:52:50+00:00,positif
"betul, TDK ikut poskamling aza, masa orba,,,direndam,,",2025-03-18 16:52:36+00:00,netral
"inget yh orde Baru itu ngga banyak yg korupsi yg korupsi cuman kalangan atasnya, jadi kerugiannya ngga terlalu banyak dan waktu orba jg rupiah menguat dan angka kriminal yg sedikit",2025-03-18 16:52:28+00:00,negatif
lu bayangin punya atasan TNI yang ga paham substansi pekerjaan ? wkwkkw kocakk,2025-03-18 16:52:14+00:00,negatif
waspada di culik sm yg lu coblos kemrn 2024 wkwkwk,2025-03-18 16:51:31+00:00,negatif
laut bercerita 😭,2025-03-18 16:50:46+00:00,negatif
terus rakyat berlindung kepada siapa ?,2025-03-18 16:49:30+00:00,negatif
🤪,2025-03-18 16:47:58+00:00,positif
ingatlah abang2 ini salah satu orang yang pendukung capres ono. Bisa liat kan data yang dia tampilkan itu komentar dari orang yang tidak suka sama pasangan Prabowo Gibran.,2025-03-18 16:47:26+00:00,negatif
berarti masuk TNI bakal dipermudah ya,2025-03-18 16:47:06+00:00,positif
terimakasih info nya pak Vincent 🥰,2025-03-18 16:47:01+00:00,positif
ALHAMDULILLAH RUU TNI DI SAH KAN,2025-03-18 16:43:33+00:00,negatif
Coba dulu aja,2025-03-18 16:42:16+00:00,netral
#DPR=SampahMasyarakat,2025-03-18 14:58:22+00:00,netral
LAWAN🔥,2025-03-18 14:58:18+00:00,positif
contohnya Myanmar,2025-03-18 14:57:59+00:00,netral
oke gass oke gass🤣🤣,2025-03-18 14:57:51+00:00,netral
bang bahas yang lgi panas sekarang bang UUD perampasan motor yang mti pajak 2 tahun,2025-03-18 14:57:49+00:00,negatif
semua gara2 mulyono,2025-03-18 14:57:33+00:00,positif
negara udah mulai hancur.,2025-03-18 14:56:52+00:00,negatif
RUU SATPAM AJA BANG😂,2025-03-18 14:55:55+00:00,positif
orde baru dolar hanya 3rb..laksanakan RUU Tni,2025-03-18 14:55:16+00:00,negatif
myanmar versi negara muslim otw,2025-03-18 14:55:04+00:00,negatif
"bagus,biar rakyat gak banyak protes",2025-03-18 14:54:38+00:00,negatif
tolak revisi uu tni,2025-03-18 14:54:36+00:00,positif
Kalau sempat pemerintahan melenceng AKATSUKI akan kami bentuk🔥,2025-03-18 14:54:31+00:00,negatif
🤣,2025-03-18 14:53:56+00:00,positif
bang bahas tentang yang drone banb,2025-03-18 14:52:41+00:00,negatif
"pengen hidup damai gada korupsi, penjahat langsung ditangkep, rakyat sejahtera aja susah bener🗿",2025-03-18 14:51:38+00:00,negatif
😁😁😁,2025-03-18 14:51:23+00:00,positif
bagus itu...👍,2025-03-18 14:49:30+00:00,negatif
@tresno_alam gmn ni pak bos,2025-03-18 14:49:26+00:00,negatif
bang spil bju koko nya,2025-03-18 14:48:55+00:00,positif
Menarik,2025-03-18 14:48:46+00:00,positif
😂,2025-03-18 14:47:55+00:00,positif
yang harus diganti bukan presidennya. tapu ketua DPR nya.,2025-03-18 14:46:59+00:00,negatif
udah kubilang teman bodoh lebih berbahaya dari musuh yg kuat.apalagi jadi pemimpin,2025-03-18 14:45:09+00:00,netral
teriak teriak waspada bangkitnya pki . yang muncul malah orba !!!,2025-03-18 14:44:25+00:00,negatif
kawal RUU TNI 🔥,2025-03-18 14:42:33+00:00,positif
busuk x dan pmerintah nkri konoha,2025-03-18 14:41:37+00:00,positif
"HIDUP TNI, JAYALAH TNI KU",2025-03-18 14:40:43+00:00,positif
apakah nanti bakal terjadi lagi orba season 2??,2025-03-18 14:39:18+00:00,negatif
oke gas oke gas,2025-03-18 14:38:21+00:00,netral
"berarti berubah jadi negara komunis dong? negara anti kritik kayak korut.
berarti masyarakat gak bisa melakukan apa-apa(termasuk ngasih kritik) terhadap atasan?",2025-03-18 13:13:02+00:00,negatif
"jangan kembali lagi ke masa suram, kemunduran peradaban",2025-03-18 13:12:59+00:00,positif
"@BOSHEE: TNI VS TNI
TNI VS POLRI
TNI VS FASILITAS NEGARA
TNI VS RENTAL MOBIL
TNI VS SALES MOBIL
TNI VS WARTAWAN
TNI VS RAKYAT
TNI BAKING SABUNG AYAM",2025-03-18 13:12:44+00:00,negatif
"Dukung RUU TNI, krena DPR pejbt lainnya dan polisi konoha sudh gk dpt dipercya",2025-03-18 13:10:28+00:00,negatif
inilah pilihan kita yg masih membela penjahat HAM 😂,2025-03-18 13:10:24+00:00,positif
hidup tni,2025-03-18 13:10:09+00:00,positif
😀😀😀,2025-03-18 13:09:49+00:00,positif
"tempo lagi tempo lagi🗿,",2025-03-18 13:09:42+00:00,positif
"setuju aja sih. tau kan kmren2 ada yg nge-anjing2-in presiden yg kurang ajarnya luar biasa. bedanya sm orde baru, era pak prabowo kan banyak kasus korupsi terungkap. anw, this is my opinion.",2025-03-18 13:09:35+00:00,negatif
"giliran revisi RUU TNI semuanya pada berkoar koar😂😂😂😂nahh giliran tentang pengesahan UUD perampasan aset ehhh sejenak pada diam🙊, bisu.... lucunyaaa org"" suka bnyk cerita🤣🤣🤣",2025-03-18 13:09:13+00:00,negatif
y semoga aja tragedi 98 gak terjadi lagi...,2025-03-18 13:09:02+00:00,negatif
jika klo mau penjelasn sebliknya dri abng ini liat di vt @mich.schndr,2025-03-18 13:08:16+00:00,negatif
bang nanti klo dah sah anda hilang lohh😯,2025-03-18 13:07:40+00:00,negatif
plus minus ya😳,2025-03-18 13:06:44+00:00,negatif
ati ati PKI part 2😁😁,2025-03-18 13:06:23+00:00,positif
berarti PETRUS auto aktif?,2025-03-18 13:06:08+00:00,negatif
tonton video ini biar klian paham https://vt.tiktok.com/ZSMTAGLp1/,2025-03-18 13:04:42+00:00,negatif
Bang ijin riposte yaa,2025-03-18 13:04:23+00:00,negatif
makin kesini byk oknum TNI berulah,2025-03-18 13:03:12+00:00,negatif
mumpung UU 1/2023 Pasal 252 masih belum berlaku masih ada kesempatan guys😭🙏,2025-03-18 13:02:24+00:00,negatif
udah mau lebaran tenang dikit ga bisa apa😔,2025-03-18 13:02:14+00:00,netral
"jadi kyk dikorsel pemerintah bisa digulingkan oleh tentara, bahaya sih kalo sampe di sah kan bisa jadi kerusuhan besar.",2025-03-18 13:02:09+00:00,negatif
"pilihan nya sekarang berarti
polisi atau tni 🗿
pusing gw dah",2025-03-18 13:02:08+00:00,negatif
dukung ruu tni 🔥🔥🔥🔥🔥,2025-03-18 13:01:50+00:00,positif
Fungsinya apa serius tanya plis no jokes,2025-03-18 13:01:34+00:00,positif
"efek jargon,,@ enak jaman ku toh..😅.",2025-03-18 13:00:44+00:00,positif
mau jadi tentara atau mau jadi pejabat sih .. Seperti pak Prabowo hanya 1 periode sja lah ...,2025-03-18 13:00:23+00:00,negatif
#kabur aja dulu,2025-03-18 12:59:44+00:00,negatif
"gak apa, yg penting kita bisa joget udah bagus banget, oke gas oke gas tambah duo torang gas",2025-03-18 12:59:13+00:00,netral
"capek banget, pindah negara aja",2025-03-18 11:49:30+00:00,negatif
makin bang$at aja nih negara 🐖,2025-03-18 11:49:29+00:00,negatif
"Kemarin banyak teriak ganti polisi,hilangkan polisi, TNI aja. sekarang gimana?😅",2025-03-18 11:49:17+00:00,negatif
"DPR sebenernya dengerin rakyat yang mana sih, kok mak jreng mereka pengennya ngebut RUU TNI 😌",2025-03-18 11:49:03+00:00,negatif
pindah negara aja lah anj,2025-03-18 11:48:56+00:00,negatif
tolak ruu tni...dukung ruu PERAMPASAN ASET!!!!!👍,2025-03-18 11:48:42+00:00,positif
😂,2025-03-18 11:48:32+00:00,positif
dpr ngadain RAPAT??? 😂😂😂😂 pengalihan isu karna DPR udh menolak di sahkan nya perampasan aset .. rakyat aja yg gampang bgt di bego2in😂😂😂😂😂,2025-03-18 11:48:02+00:00,negatif
lawak ingat ga jaman abri masyrakat cemooh karna banyak kasus diganti tni biar nama jelek hilang sekarang bikin ulah,2025-03-18 11:47:50+00:00,negatif
gua nonton disebelah tni😎😎,2025-03-18 11:46:45+00:00,negatif
Bisa jadi pedang bercula dua,2025-03-18 11:46:42+00:00,netral
"TNI
polisi
menyejahterakan pemerintah
damkar menyejahterakan rakyat",2025-03-18 11:46:33+00:00,negatif
bubarin aja DPR nya,2025-03-18 11:45:55+00:00,netral
justru jaman orde baru korupsi itu gak ada krna hnya keluarga cendana yg korupsi katanya😁,2025-03-18 11:45:53+00:00,negatif
BUZZER AKAN BERKOAR ORDE BARU🤣🤣🤣🤣BRAVO TNI,2025-03-18 11:45:42+00:00,negatif
Ada ada aja dpr,2025-03-18 11:45:23+00:00,netral
enak yang kemaren2 udah pindah negara,2025-03-18 11:45:20+00:00,negatif
"YG MENOLAK PASTI KELUARGA KORUPTOR, KELUARGA JUDOL, KELUARGA MAFIA,KELUARGA BEGAL, KELUARGA JUDOL😂😂ITU PASTIIII",2025-03-18 11:45:05+00:00,negatif
"YG MENOLAK PASTI KELUARGA KORUPTOR, KELUARGA JUDOL, KELUARGA MAFIA,KELUARGA BEGAL, KELUARGA JUDOL😂😂ITU PASTIIIIII",2025-03-18 11:44:57+00:00,negatif
baru juga di bahasa di rapat mahasiswa😁,2025-03-18 11:44:50+00:00,positif
🤣🤣🤣,2025-03-18 11:44:27+00:00,positif
Kata kata yang tepat adalah “SEKOLAH YANG BENAR BIAR TIDAK JADI TNI”,2025-03-18 11:43:07+00:00,negatif
1998,2025-03-18 11:42:55+00:00,positif
Tolakkk uutni,2025-03-18 11:42:48+00:00,netral
dukung Indonesia bubar 🔥,2025-03-18 11:42:45+00:00,negatif
"Gw hidup di Orde Baru, benar yg dikatakan bahwa org bisa tiba² hilang. Yg Bertatto aja bisa tiba² tergeletak di jalan, entah itu nembak dari arah mana.",2025-03-18 11:42:40+00:00,negatif
#tolakRUUTNI,2025-03-18 11:42:34+00:00,negatif
penyakitnya DPR bukan siih?,2025-03-18 11:42:30+00:00,negatif
@Ijall,2025-03-18 11:42:10+00:00,positif
Ok gas ga tuh☺️,2025-03-18 11:02:00+00:00,netral
"saya suka order baru dan saya support order baru
dan saya lahir di order baru biar makin tegas dan ketat",2025-03-18 11:01:51+00:00,positif
kalian sadar gak sih yang bkin kita susah itu DPR bukan presiden.. presiden itu udah mencoba yg terbaik tapi wakil rakyat kek anjr,2025-03-18 11:00:53+00:00,negatif
😁,2025-03-18 11:00:35+00:00,positif
"bersama ayam pak tani kuat 🗿🗿🗿
pak tani = hama",2025-03-18 10:59:40+00:00,positif
knp gk damkar,2025-03-18 10:59:24+00:00,netral
jangan sampai RUU TNI disahkan,2025-03-18 10:58:51+00:00,negatif
"jika pemerintah sesukanya sendiri...
berarti kita berhak dong sesuka hati juga..
kita ini otoritas utama loh, RAKYAT.
cuma ya harus kompak...",2025-03-18 10:57:56+00:00,negatif
ati2 mas... p,2025-03-18 10:57:55+00:00,netral
padahal ada yg lebih penting di kebut yaitu UU tentang perampasan aset tapi malah nolak kocak DPR,2025-03-18 10:57:42+00:00,negatif
indo jadi negara fasis,2025-03-18 10:57:15+00:00,negatif
Ngeri anjir,2025-03-18 10:56:16+00:00,netral
tni godain ade bidan apa perawat aja si segala jadi politik2an,2025-03-18 10:56:16+00:00,negatif
"trus UU TNI isinya apa? kok malah bahas Alasan knp UU TNI ditolak. dipaparin lah isinya jgn cuma bilang ""jadi kayak order baru""",2025-03-18 10:56:13+00:00,negatif
demo keadilan aja,2025-03-18 10:56:03+00:00,positif
#TOLAKRUUTNI,2025-03-18 10:55:40+00:00,negatif
"udah jatuh ,tertimpa Torn Aer itu mungkin gambaran nya
pemerintahan sebelum nya begitu
pemerintahan Sekarang begituuuuuuu 😁",2025-03-18 10:55:31+00:00,negatif
bravo TNI,2025-03-18 10:55:20+00:00,positif
Tolak revisi UU TNI,2025-03-18 10:55:00+00:00,positif
"bagaimana ga bahaya, bahkan sekarang TNI punya anggaran buzzer, buat Counter steatment dan penggiringan Opini",2025-03-18 10:54:53+00:00,negatif
semoga Indonesia lebih baik,2025-03-18 10:54:49+00:00,positif
😁,2025-03-18 10:54:33+00:00,positif
Uda lu ini pasukan media tempo.media tempo itu pemilik nya orang asing,2025-03-18 10:54:19+00:00,positif
😂,2025-03-18 10:53:43+00:00,positif
😁,2025-03-18 10:53:42+00:00,positif
akan menjadi otoriter seperti Myanmar,2025-03-18 10:53:32+00:00,netral
RUU TNI gass poolll yg tolak itu jadi di pertanyakan,2025-03-18 10:53:22+00:00,negatif
"""KARTEL BERSERAGAM""??",2025-03-18 10:53:11+00:00,negatif
bahas kasus oknum TNI yang di lampung bang,2025-03-18 10:52:48+00:00,negatif
rampasan aset?,2025-03-18 10:52:36+00:00,negatif
indo kok suka bener nambah undang undang?,2025-03-18 09:59:45+00:00,negatif
"menuju keadaan Myanmar, dimana setelah kudeta lahirlah kepemerintahan dari militer, bukannya damai malah mencekam dan hak hak masyarakat banyak yg diambil, bahkan mereka dirumah aja merasa TIDAK AMAN!!!!",2025-03-18 09:59:21+00:00,negatif
stop bayar pajak,2025-03-18 09:59:02+00:00,negatif
@bang bahas gerakan 30 September,2025-03-18 09:58:43+00:00,negatif
kayak myamar,2025-03-18 09:58:04+00:00,positif
Berarti kita mau ninggalkan negara Demokrasi ya.,2025-03-18 09:57:48+00:00,negatif
saya juga tidak setuju mau seburuk apapun jaman sekarang masih mencerminkan negara demokrasi,2025-03-18 09:57:08+00:00,negatif
@gerindra,2025-03-18 09:56:29+00:00,positif
"kalo arahnya untuk mencegah korupsi gua sih setuju aja 😌
tapi kalo memberatkan masyarakat gua ogah🗿",2025-03-18 09:56:29+00:00,netral
"dewan perwakilan rakyat ❎
dewan penyengsaraan rakyat✅",2025-03-18 09:56:14+00:00,positif
spill Kemeja Koko bang 😂,2025-03-18 09:55:28+00:00,positif
Konoha mau bubarrrrrrrrrrrrr😅,2025-03-18 09:55:23+00:00,positif
#stop bayar pajak,2025-03-18 09:55:21+00:00,negatif
Dwi fungsi malah di sahkan wkwkwk kacau,2025-03-18 09:53:35+00:00,negatif
TNI kuat bersama sambung ayam dan rental mobil 😂😅,2025-03-18 09:53:28+00:00,positif
masih di jajah sama koruptor 🗿,2025-03-18 09:53:16+00:00,negatif
"gausah pusing , kalo betul TNI untuk rakyat. sah kan aja gapapa,, liat bakalan demo apa ga masyarakat.
kalo demo artinya rakyat bersama TNI hoax 👌🏻",2025-03-18 09:52:19+00:00,negatif
"Komen tni asli / buzzer tni
1. jngan macam2 sama TINI
2. tidak ada asap kalo tdk ada api
3. TNI bersama rakyat
4. Bravo TNI.
5. Dukung DIWFUNGSI ABRI
😂😂😂🤣😂",2025-03-18 09:51:06+00:00,negatif
negara gila.,2025-03-18 09:51:04+00:00,positif
@AeZyzy @Bellstrangexx ini kh bre,2025-03-18 09:50:27+00:00,positif
perampasan aset di tunda mulu giliran RUU TNI di gaskan🗿,2025-03-18 09:50:26+00:00,negatif
gamau goreng dulu belom tau aslinya,2025-03-18 09:49:55+00:00,negatif
emg taik lah orng2 DPR isinya,2025-03-18 09:49:52+00:00,negatif
BANG BAHAS GUNUNG SINGKONG YG DI BROMO🔥💯,2025-03-18 09:49:35+00:00,positif
dulu sempet positiv thinking sama beliau saat masih capres. banyak yang takut akan jadi kaya orba. aku mikir ini orangnya beda. jamannya juga beda. akan susah sekali kalo dibikin sama kaya orba. eh ternyata kejadian. semoga tidak kejadian ya,2025-03-18 09:48:19+00:00,negatif
makin menjadi jadi negara Indonesia ini,2025-03-18 09:48:07+00:00,positif
"DPR, ketimbang kebut RUU TNI, mending urusin itu RUU perampasan aset, gausah ngurusin RUU yang lain dulu, dari zaman jokowi itu RUU perampasan aset udah di dorong, kenapa ngga pernah di sah kan?",2025-03-18 09:48:03+00:00,negatif
TNI bersama para penjudi,2025-03-18 09:47:43+00:00,positif
Belanda ga mau mampir lagi kah ?🗿,2025-03-18 09:47:17+00:00,negatif
orba part 2😭,2025-03-18 09:46:58+00:00,netral
TNI KUAT BERSAMA RAKYAT,2025-03-18 09:00:02+00:00,positif
yang kita butuhkan RUU perampasan aset bukan yang lain....,2025-03-18 09:00:02+00:00,negatif
"yg nolak keras itu org asing,mereka takut TNI jdi makin kuat,cina jd gk bsa lagi seenaknya",2025-03-18 08:59:57+00:00,negatif
Ternyata Indonesia beneran mengulang sejarah kelam☠️,2025-03-18 08:59:50+00:00,positif
"dikit""hilang itu gmn di culik kah?",2025-03-18 08:59:11+00:00,negatif
tni bersama rakyat katanya 😂,2025-03-18 08:58:26+00:00,positif
siap siap Petrus jilid 2,2025-03-18 08:58:17+00:00,netral
"kok aneh ya DPR yg kata nya wakil rakyat kok pada mau ngesah in,makin aneh aja negara ini",2025-03-18 08:57:51+00:00,negatif
jogetin aja,2025-03-18 08:57:39+00:00,netral
Udah mau masuk paripurna,2025-03-18 08:57:17+00:00,negatif
Para pejabat yg takut bukan rakyat 😂,2025-03-18 08:57:13+00:00,negatif
"Anjengg,komen banyak buzzer monyet asssssuu",2025-03-18 08:56:46+00:00,negatif
"BANG, BAHAS WPONE DI KALBAR",2025-03-18 08:56:38+00:00,negatif
😁😁😁,2025-03-18 08:56:10+00:00,positif
"udh gw prediksi sih bakalan jadi kaya dulu lagi, soalnya kan dia mantan anak buah suharto",2025-03-18 08:56:06+00:00,netral
"🤣🤣 penyokong bowo mana ni .
ketawa ahhh",2025-03-18 08:55:48+00:00,negatif
@HAI:Kayaknya ni negara bukan demokrasi deh,2025-03-18 08:55:33+00:00,negatif
#RIPdemokrasi,2025-03-18 08:55:08+00:00,negatif
aduh enih mau jadi laut bercerita season 2??,2025-03-18 08:54:52+00:00,negatif
@gerindra min,2025-03-18 08:54:45+00:00,positif
intinya kaya Korea utara gitu lah,2025-03-18 08:54:40+00:00,netral
oke gas oke gas ajelah itu yang kalian mau,2025-03-18 08:54:40+00:00,netral
udah paling bener pindah negara,2025-03-18 08:54:13+00:00,negatif
hasil dari reformasi yah korupsi pertamina yang sampai quadriliyun dan korupsi lainnya,2025-03-18 08:53:54+00:00,negatif
pasti satwa red bull sma abah. yg nolak,2025-03-18 08:53:37+00:00,negatif
DPR lama lama ngelunjak,2025-03-18 08:52:52+00:00,netral
gpp sih capek gw debat tiap hari ama tukang kritik pemerintah tapi kerjaan nya tiap hari cuma maen slot,2025-03-18 08:52:18+00:00,negatif
Ini negara apasih😭,2025-03-18 08:52:02+00:00,positif
dmn orang tak akan lagi bebas berpendapat dan mengkritik pemerintah,2025-03-18 08:51:57+00:00,negatif
"respect banget sama lu bang, konten kreator gede yg gak takut bersuara 👍🔥",2025-03-18 08:51:55+00:00,negatif
TNI OTAK KERA 🐒 SUDAH TIDAK BERGUNA MALAH NYUSAHIN RAKYAT 🤮,2025-03-18 08:06:03+00:00,negatif
ngecam Rusia Israel ngejajah negara orang tapi ini mau ngejajah negri sendiri,2025-03-18 08:05:44+00:00,negatif
dah nggak tau lagi,2025-03-18 08:05:33+00:00,negatif
UU perampasan aset aja lama kelarnya,2025-03-18 08:05:09+00:00,positif
"Pemerintah sekarang bagus kok, kenapa harus di protes ? semoga di sahkan supaya indonesia damai tanpa nyinyiran anak abah",2025-03-18 08:05:08+00:00,negatif
berarti anti kritik mncul lagi ya?,2025-03-18 08:05:03+00:00,negatif
Keinget Petr*s,2025-03-18 08:04:38+00:00,negatif
"buat para BUZZER kalian liat noh IHSG udah ANJLOK. padahal baru dibahas udah ngebuat ANJLOK apalagi ACC. investor bakal kabur semua, dan ekonomi bakal ANCURRRR",2025-03-18 08:04:32+00:00,negatif
saya setuju era orba🔥🔥🔥,2025-03-18 08:04:30+00:00,positif
bisa ngejamin koruptor hilang ga?,2025-03-18 08:04:05+00:00,negatif
riin pulen.,2025-03-18 08:03:45+00:00,positif
"pemerintah seperti ini seperti pisau bermata dua. jika baik presiden nya maka Indonesia akan maju. tapi jika tidak, ya seperti ini jadinya",2025-03-18 08:03:32+00:00,negatif
"zaman orde baru harga bbm 700 perak
harga bahan pokok murah
kehidupan damai kok buat masyarakat, yg riweh dunia politik aja..",2025-03-18 08:03:22+00:00,negatif
"lebih heran, DPR kan pewakil suara rakyat tapi kenapa yg mereka rancang di luar dan gk ada dasar suara rakyat nya",2025-03-18 08:02:52+00:00,negatif
"😂😂😂 Lebih parah Orde setelah orde baru, korupsi makin menjadi, aset negara di jual, hanya memperkaya para penguasa dan rakyat kecil tetap kecil dan malaj media makin amburadul memberikan tontonan yg merusak moral, Fitnah dan Hoax makin menjadi. klo saya pribadi tetap mendukun pemerintahan sekarang krn di mulai dari pak jokowi mulai ada prubahan Positif dan di lamjutkan ol pak prabowo. klo memang perlu RUU ini ut kebaikan masyarakan aku setuju, biarin org2 perusak bangsa makim panik dg iturunx TNI di pemerimtahan",2025-03-18 08:02:46+00:00,negatif
kekerasan tidak boleh digunakan dalam bentuk apapun ya,2025-03-18 08:02:44+00:00,negatif
"Bang bahas ladang g4nja yang ada di bromo bang,itu milik siap",2025-03-18 08:02:43+00:00,negatif
sejarah terulang kembali,2025-03-18 08:02:31+00:00,positif
owalah jadi yang salah bukan TNI tapi petinggi TNI gitu ya bang? atau gimana sih? 🤨,2025-03-18 08:02:23+00:00,negatif
dan negara kita bakal seperti Korut,2025-03-18 08:02:19+00:00,negatif
sahkan jg RUU PERAMPASAN ASET KORUPTOR,2025-03-18 08:02:10+00:00,negatif
dpr biar aman karupsi,2025-03-18 08:02:04+00:00,netral
Klo Dpr menolak uu perampasan aset kita sbgai rakyat jga berhak Tolak Ruu TNI ingat gajih pejabat dari pajak rakyat !!,2025-03-18 08:01:55+00:00,negatif
Kasus kapolres d tembak TNi gara2 razia sabung Ayam? Di Lampung,2025-03-18 08:01:38+00:00,negatif
ngeri banget lama² Indonesia,2025-03-18 08:01:33+00:00,negatif
"Ruu tni bikin rakyat takut komen tapi bikin penjabat takut sembarangan gerak juga, at least semuanya tergantung siapa yang megang heararki tinggi nya, mihak kemana, itu poinnya",2025-03-18 08:01:31+00:00,negatif
😁,2025-03-18 08:00:57+00:00,positif
Anak abah mana anak abah (komen ternak setan),2025-03-18 08:00:47+00:00,positif
otw laut bercerita season 2,2025-03-18 08:00:43+00:00,positif
"buktinya sudah ada TNI buka sabung Ayam sampe 3 polisi yg tewas akibat ulahnya, apalagi sudah di sah kan 🗿",2025-03-18 07:28:05+00:00,negatif
ruutni kaya korut yh?,2025-03-18 07:28:03+00:00,negatif
sudah saat nya mempelajari santoryuu,2025-03-18 07:27:34+00:00,positif
🥰🥰🥰,2025-03-18 07:27:14+00:00,positif
masi ada aja buzzer anjir dikala jelas jelas merugikan😔,2025-03-18 07:27:03+00:00,netral
"TOLAK REVISI UU TNI ,, PROSESNY MENCURIGAKN HASILNYA PASTI LEBH BAHAYA",2025-03-18 07:27:02+00:00,negatif
"DPR kocak, disuruh bahas RUU perampasan aset bagi koruptor ga mau",2025-03-18 07:27:02+00:00,negatif
makin miring aja ni negara ada aja gebrakannya,2025-03-18 07:26:37+00:00,negatif
otw kembali ke 27 tahun yg lalu 🙂,2025-03-18 07:26:36+00:00,positif
kalo lu bacotin pemerintah lu ketangkep,2025-03-18 07:26:21+00:00,negatif
🙏,2025-03-18 07:26:20+00:00,positif
ga guna tni,2025-03-18 07:26:06+00:00,netral
"kenapa ga jadi negara komunis ae klo gitu mah klo disah in,ngapain jadi negara republik klo gini",2025-03-18 07:25:40+00:00,negatif
#INDONESIABUBAR2030,2025-03-18 07:25:40+00:00,positif
PASTI YG RIBUT KAUM YG KLAH...,2025-03-18 07:25:32+00:00,negatif
keknya ada kudeta nih dr oposisi:v,2025-03-18 07:25:27+00:00,negatif
hidup orde baruu🔥🔥🔥🔥🔥🔥,2025-03-18 07:25:25+00:00,positif
oh carik parkara ya 😏,2025-03-18 07:25:15+00:00,netral
kalian yg milih Wowo skrng rasakan😂🤣,2025-03-18 07:24:50+00:00,positif
KEMBALIKAN TNI KE BARAK,2025-03-18 07:24:39+00:00,negatif
bang coba bahas yang rame drone di bromo,2025-03-18 07:24:02+00:00,negatif
"RUU TNI Gak penting, hrs di tolak. UU Perampasan aset koruptor itu yg urgent",2025-03-18 07:23:41+00:00,negatif
negara rusak,2025-03-18 07:23:06+00:00,negatif
Dpr berarti sengaja bikin presiden di gulingkan sama rakyat ?,2025-03-18 07:23:05+00:00,negatif
"ini kayak ""yg diatas makin merampas yang di bawah makin tertindas"" apalah negara ini bujang",2025-03-18 07:22:47+00:00,negatif
orang orang yg sama dengan Indonesia darurat🤪,2025-03-18 07:22:29+00:00,negatif
RIP DPRD INDONESIA,2025-03-18 07:22:19+00:00,negatif
"banyaknya jenderal, kolonel, letkol yang aktif nganggur tidak mempunyai jabatan strategis makanya butuh jabatan jadinya jabatan sipil disikat seperti orde baru 🤣🤣🤣",2025-03-18 07:22:16+00:00,negatif
Jendral tidak perlu mandi 🗿,2025-03-18 07:22:10+00:00,negatif
saya yakin 62.7% kalo ini diterapkan pemberontak akan meluap luap,2025-03-18 07:21:57+00:00,negatif
manfaat orde baru??,2025-03-18 06:42:58+00:00,negatif
"kami masyarakat sekarang sudah tidak takut Teroris, Tetapi sekarang kami takut TNI 🔥",2025-03-18 06:42:29+00:00,negatif
mayor Teddy udh mundur dari TNI blum?,2025-03-18 06:42:15+00:00,negatif
https://news.republika.co.id/berita/st7dku318/kejagung-dilarang-usut-korupsi-lima-berprestasi-malah-dilucuti-kewenangannya,2025-03-18 06:42:05+00:00,negatif
tentara dulu masuk tanpa bayar mungkin bisa semena-mena lah klo sekarang banyak oknum tentara dan polisi yg bayar demi bisa jadi tentara atau polisi di negara konimex(negara idaman)🗿🗿🗿,2025-03-18 06:41:59+00:00,negatif
intinya sama aja kayak korut kalau ruu tni ini di sahkan 😂,2025-03-18 06:41:42+00:00,negatif
bahas gituan di hotel lu udah di sediain tempat malah milih hotel,2025-03-18 06:41:30+00:00,negatif
💋,2025-03-18 06:41:12+00:00,positif
TNI RAKUS KEKUASAAN,2025-03-18 06:40:52+00:00,negatif
sepertinya ini untuk mendesak UUD perampasan aset,2025-03-18 06:40:50+00:00,positif
menarik nih🥵,2025-03-18 06:40:40+00:00,positif
ini negara udah kyk rumah gua pada gak beres,2025-03-18 06:40:37+00:00,negatif
tebak siapa yang ketar ketir,2025-03-18 06:40:19+00:00,negatif
DPR emang agak laen 😂 beban banget buat negara,2025-03-18 06:40:15+00:00,negatif
@Anton_hariyono satu komando 😂,2025-03-18 06:40:03+00:00,positif
negara apa ini ya ampun,2025-03-18 06:39:54+00:00,negatif
jadi dengan kata lain kita akan ke era anti kritik ya bang💀,2025-03-18 06:39:50+00:00,negatif
karna gk berani war berkedok cinta damai makanya gada kerjaan. di ksh icbm sebiji jg kalang kabut🤣,2025-03-18 06:39:48+00:00,positif
bang bahas tentang penyitaan kendaraan setelah STNK lewat 2 tahun,2025-03-18 06:38:46+00:00,negatif
yah salah pilih presiden kah ini?🥰😃😃😃,2025-03-18 06:38:30+00:00,negatif
Ketua Dpr soal Revisi Ruu Tni,2025-03-18 06:38:23+00:00,positif
Demokrasi indo : selamat tinggal 😶‍🌫️,2025-03-18 06:38:20+00:00,positif
menurut saya mereka ingin lebih tapi lupa kalau dia itu Tentara. karena terlalu sering di gembar-gemborkan dengan kemampuan yg tidak seberapa itulh tentara kita,2025-03-18 06:38:19+00:00,negatif
ini DPR ngapain si kerjaan nya buat undang² ga masuk akal smua🗿,2025-03-18 06:37:48+00:00,positif
RUU perempasan asit dulu dong,2025-03-18 06:37:45+00:00,negatif
TNI BERSAMA SABUNG AYAM,2025-03-18 06:36:10+00:00,positif
"percuma kita nolak di medsos, ga ada gunannya, pemerintah ga peduli, salah satu solusinya seperti di era 98 🔥🔥🔥",2025-03-18 06:36:05+00:00,positif
@xyras ini nh,2025-03-18 06:35:31+00:00,positif
gen milenial nih banyak tingkah,2025-03-18 06:35:24+00:00,netral
🥰,2025-03-18 06:35:23+00:00,positif
"apa mungkin mereka para MALING itu udah mulai takut sama rakyat,karna rakyat makin banyak tau kejahatan mereka,dan takut terbongkar nanti,jadi merika mau memakai jasa para tentara 🤔buat nakut nakuti",2025-03-18 05:28:37+00:00,negatif
"bang bahas RUU perampasan aset, dan berita tentang penyitaan kendaraan yang pajaknya mati 2 tahun",2025-03-18 05:28:02+00:00,negatif
🤣,2025-03-18 05:27:31+00:00,positif
#TOLAKRUUTNI,2025-03-18 05:27:04+00:00,negatif
"sedari awal emng harusnya gak usah dibikin ruu tni, lagian kalo emng mau ngejabat, ya kek yang lain aja gak usah pake jalur spesial ampe pake dibikinin ruu",2025-03-18 05:26:29+00:00,negatif
giliran RUU perampasan aset susah di sah kan,2025-03-18 05:26:28+00:00,netral
ohh,2025-03-18 05:25:32+00:00,negatif
"man makan man , sedap ke man🗿",2025-03-18 05:24:34+00:00,positif
pertama,2025-03-18 05:23:33+00:00,positif
kebanyakan rapat di hotel bintang 5😹,2025-03-18 05:23:32+00:00,netral
"malah gk akan maju""",2025-03-18 05:23:23+00:00,netral
@gerindra gimana?,2025-03-18 05:23:12+00:00,negatif
p,2025-03-18 05:23:03+00:00,positif
gak ada kebaikan selain ini?,2025-03-18 05:22:45+00:00,netral
DPR BABI,2025-03-18 05:22:43+00:00,netral
p,2025-03-18 05:21:51+00:00,positif
sebelum rame,2025-03-18 05:21:49+00:00,netral
sapa bang,2025-03-18 05:21:34+00:00,netral
🤭,2025-03-18 05:21:27+00:00,positif
udah 31 aja🗿,2025-03-18 05:21:05+00:00,negatif
wah masih sepi,2025-03-18 05:21:05+00:00,positif
"APUS BANG, THR SAYA BELOM TURUN🗿",2025-03-18 05:21:04+00:00,positif
y,2025-03-18 05:20:11+00:00,positif
😁😁😁,2025-03-18 05:19:16+00:00,positif
pertama bg,2025-03-18 05:18:39+00:00,netral
mana katanya prabowo mau efisiensi anggaran itu kok rapat nya di hotel mewah,2025-03-18 05:18:08+00:00,negatif
ga jelas pemerintah UU perampasan aset ga di urus,2025-03-18 05:18:05+00:00,negatif
😱,2025-03-18 05:17:48+00:00,positif
ke 15,2025-03-18 05:17:46+00:00,positif
sapa dong min,2025-03-18 05:17:37+00:00,netral
komentar,timestamp_readable,positif
wallahi we’re finished😔,2025-03-20 09:40:29+00:00,positif
s2,2025-04-12 12:44:57+00:00,netral
I hate the current state of my beloved country,2025-03-31 07:08:26+00:00,negatif
negara apaansih inii....,2025-03-20 08:19:31+00:00,negatif
Kayaknya ni negara bukan demokrasi deh,2025-03-18 05:19:55+00:00,negatif
yaallah kenapa aku wni😔😔,2025-03-18 06:17:29+00:00,positif
DPR anjjjj,2025-03-18 07:25:47+00:00,netral
idup di indo emang level hard kayaknya😹,2025-03-18 06:48:21+00:00,netral
"udah paling bener kumpulin duit, belajar bahasa asing, cari kerja di luar negri.",2025-03-18 08:13:12+00:00,positif
malam Lailatul Qadar kita smua ngadu ke Allah aja yak,2025-03-20 21:27:10+00:00,negatif
tolak RUU TNI🔥,2025-03-18 05:21:19+00:00,positif
"ajakin akuu pindahhh, takuttt 😞",2025-03-20 21:14:15+00:00,negatif
Trus fungsinya demokrasi apaan 😭,2025-03-18 06:40:23+00:00,negatif
"Tolak RUU TNI ✔
Tolak Dwi fungsi ABRI ✔",2025-03-18 05:33:58+00:00,positif
WOIII DEMO WOIIII 😭,2025-03-20 01:21:59+00:00,positif
gapernah se rindu ini sama malam lailatul qadar😭 pgn gw aduin semuanya,2025-03-20 14:35:03+00:00,negatif
Itu DPR kn ngewakilin suara rakyat? rakyat mana yang mereka suarain?,2025-03-20 13:00:30+00:00,negatif
oh ini 19jt lapangan kerja nya🤣 untuk circle nya ternyata 😅,2025-03-18 10:10:06+00:00,netral
lama lama indonesia jadi kek korea utara nih,2025-03-18 06:54:56+00:00,negatif
gini amat ya kehidupan remaja gue,2025-03-20 16:07:51+00:00,positif
sbnrnya DPR itu perwakilan rakyat apa perwakilan TNI?,2025-03-18 06:40:06+00:00,negatif
negara apaan si ini anjj,2025-03-21 21:58:06+00:00,positif
mau nangis sumpah,2025-03-20 01:55:12+00:00,negatif
tolak RUU TNI🔥,2025-03-18 05:21:33+00:00,positif
aku terlalu bocil buat mikirin ruu tni😭,2025-03-21 23:13:53+00:00,negatif
masa remaja gw hal konyol semua jir😹😹😹,2025-03-20 22:10:32+00:00,positif
MAU KE KOREAAA TPI DUIT G ADA,2025-03-21 21:37:47+00:00,negatif
pentesan susanti pindah negara,2025-03-21 12:21:02+00:00,negatif
negara kocak😭,2025-03-22 04:37:43+00:00,positif
ga kebayang sekolah bawa scar cupid,2025-03-21 17:30:44+00:00,positif
wallahi i'm done,2025-03-20 17:10:14+00:00,positif
Indonesia MIGHT be worse than Philippines dawg 😭😭,2025-03-20 12:33:39+00:00,negatif
"wallahi we,re finished🇮🇩💀",2025-03-21 21:49:56+00:00,positif
pilihan kalian ok gas ok gas 🤣,2025-03-20 07:36:11+00:00,positif
kayak korut jdinya ya,2025-03-18 06:06:39+00:00,negatif
ramalan jayabaya kayaknya bakal benar deh 😭,2025-03-18 16:58:11+00:00,netral
terus apa alasan DPR kebut RUU TNI?? diam² lagi ? kenapa harus diam² coba?,2025-03-18 06:38:48+00:00,negatif
DUKUNG RUU TNI🔥,2025-03-19 23:34:28+00:00,netral
"jadi gmna bang, intinya ruu tni itu isinya tenang minus semua yah, gak ada plus nya? saya masih bingung dipenjelasan minus nya semua ...",2025-03-18 05:22:45+00:00,negatif
Ga Kebayang semuanya di ambil ahli oleh tni,2025-03-18 08:14:42+00:00,positif
"Sadar gak, knp pada samaan revisi Ruu TNI dgn sita motor muncul skrng, ide mereka nhii😂",2025-03-18 07:03:53+00:00,negatif
lebih baik sah kan RUU perampasan aset😅,2025-03-18 06:08:58+00:00,netral
Fungsi DPR apasih anjirr🤣 perwakilan rakyat yang mana🤣🤣,2025-03-20 10:34:54+00:00,positif
percuma mo nolak gimana pun ttp ujungnya di sah in dan kita ga bisa apa apa,2025-03-18 05:26:57+00:00,positif
kenapa gua lahir jadi wni coba🗿,2025-03-20 05:18:43+00:00,negatif
"list yang mau pindah negara:
-gw",2025-03-21 06:07:10+00:00,negatif
RIP Reformasi 1998-2025,2025-03-20 04:21:03+00:00,positif
ayoo guys di list yg mau pindah negara,2025-03-20 21:15:58+00:00,negatif
emng paling bener pindah negara dahhh,2025-03-20 21:07:34+00:00,negatif
INDONESIA GELAPP,2025-03-18 12:30:41+00:00,negatif
bneran Malaysia gamau ngeklaim gua?,2025-03-20 13:57:02+00:00,negatif
"gini amat hidup di negara ini,udah gitu umur gw masih muda lagi",2025-03-21 22:14:30+00:00,positif
hadeh pusinh banget dunia gua,2025-03-20 06:03:45+00:00,negatif
"Intinya Balik Jaman Soeharto, Senyap, Tidak Ada Berita korupsi. Karena Mencekam dalam tanda kutip "" takut diculik "", Kalau kita Bersuara Tentang Kasus Korupsi Bakal Hilang? 🗿",2025-03-18 06:59:06+00:00,negatif
GAISS MALAM LAILATUL QADAR KITA ADUIN KE ALLAH BARENG² YAA😔😔😔,2025-03-21 14:42:28+00:00,positif
negara apa sih ini,2025-03-18 11:09:57+00:00,positif
ini semua karena mulyono,2025-03-18 07:37:58+00:00,positif
Menuju Indonesia cemas😹,2025-03-23 13:41:25+00:00,positif
demi apa masa remaja gua gini ? 😭 cape bgt demi apa punn,2025-03-20 23:55:17+00:00,negatif
tunggu aku jadi hakim.,2025-03-21 21:28:43+00:00,positif
ini negara apaan dh,2025-03-18 14:50:18+00:00,positif
Korea jemput gw plis😭,2025-03-22 03:53:49+00:00,positif
"list yg mau pindah negara:
1.gw",2025-03-20 21:31:06+00:00,negatif
ga tenang masa depan gua kalo gini😹,2025-03-21 21:35:52+00:00,positif
"lebih enak di twt ya, klo disini orng orng nya pada kaya..",2025-03-19 22:07:26+00:00,negatif
buzzernya dh pd gerak kmrn lewat VT nya,2025-03-18 06:17:38+00:00,negatif
#kaburajadulu emang bnr,2025-03-21 04:04:52+00:00,negatif
"list pindah negara
1.aku",2025-03-21 00:11:05+00:00,negatif
semoga tersadarkan untuk yang belum sadar separah apa RUU TNI ini,2025-03-18 06:15:28+00:00,negatif
negara anj,2025-03-21 06:02:45+00:00,positif
"list yang mau pindah negara
1.ak",2025-03-20 22:38:53+00:00,negatif
"singkatnya dijaman Orde baru itu ada dwi fungsi tentara, kalo RUU ini disahkan ya brarti balik lg ke jaman orde baru, karena tentara bisa ngejabat/memerintah rakyat sipil",2025-03-18 11:40:48+00:00,negatif
"#DUKUNG MAHASISWA
#TOLAK RUU TNI.",2025-03-23 02:16:48+00:00,positif
pantes Susanti Sekolah di Malaysia,2025-03-22 12:42:44+00:00,positif
NEGARA SAKIT,2025-03-21 21:09:51+00:00,negatif
"As a Malaysian, I understand how important this issue is for Indonesians, semoga dimudahkan segala urusan, love you Indonesia 🫶🏻💗",2025-03-22 08:41:12+00:00,positif
"berita ini akan hilang jika timnas main, dan uu ini bakalan di sahkan",2025-03-18 06:39:44+00:00,negatif
sakit njir ni negara,2025-03-20 23:34:36+00:00,negatif
Negoro opo ki,2025-03-20 21:13:26+00:00,netral
korea utara ✖️indonesia utara ✔️,2025-03-21 13:05:00+00:00,netral
Gen Z harus dengar ini.. krn kalian ga prnh hidup di era Orde Baru 😇,2025-03-18 07:41:04+00:00,negatif
negara macam apa ini.,2025-03-22 04:18:19+00:00,positif
"Komen tni asli / buzzer tni
1. jngan macam2 sama TNI
2. tidak ada asap kalo tdk ada api
3. TNI bersama rakyat
4. Bravo TNI.
5. Dukung DWIFUNGSI TNI",2025-03-18 15:51:07+00:00,negatif
masa muda gw gini amat ya🗿,2025-03-21 03:46:56+00:00,positif
17 thn gw gini amatt,2025-03-21 05:36:25+00:00,negatif
siapa yang mau ikut ke jepang cunggg🙏🏻,2025-03-21 16:00:13+00:00,positif
banyak buzzer nih😹,2025-03-18 11:32:28+00:00,positif
"kan sekarang udh 10 malam terakhir ramdhan, kita ngadu aja ke Allah (malam lailatul qadar)",2025-03-22 00:01:24+00:00,negatif
"•lulusan covid
•kurikulum percobaan
•un percobaan
•pertamax = pertalite
•orde baru
gini amat masa remaja guaa",2025-03-21 21:14:33+00:00,positif
berasa di korut 😭,2025-03-20 07:05:46+00:00,negatif
masi kecil bnyk bgt cobaan w😭,2025-03-22 09:26:23+00:00,netral
tetep dukung ruu TNI 😎,2025-03-18 10:43:20+00:00,negatif
info pindah ke malay,2025-03-18 05:51:24+00:00,negatif
ini Presiden gk bisa turun tangan kah?,2025-03-20 13:29:02+00:00,negatif
dukung RUU TNI🥰,2025-03-18 11:37:10+00:00,netral
dukung ruu tni🔥🔥🔥,2025-03-18 08:43:57+00:00,netral
kalau di cina udh diterapkan maka nya maju.,2025-03-18 09:11:05+00:00,negatif
"bagus lah yg ngisi instansi TNI, dibanding rakyat sipil yg dapat jabatan via amplop pas dapet kursi lebih mentingin perut sendiri ga nge dengerin suara rakyat, klo perlu petrus sekalian di aktifin lagi khususnya di sumatra byk curanmor, begal, gengster, liat aja jaman soeharto adem gaada lg yg namanya penghina presiden, klo ada jarak brp hari udh hilang tu org",2025-03-18 06:12:25+00:00,negatif
masih ga ngerti😔,2025-03-21 22:29:11+00:00,netral
"ini kalo sah.. pemerintahan kita ini apa jadi pemerintahan junta militer gitu ?? kayak di myanmar ?
serius nanya",2025-03-18 05:18:40+00:00,negatif
tolak revisi UU TNI,2025-03-18 21:52:27+00:00,positif
Kerjaan megachan nih,2025-03-18 06:03:46+00:00,positif
gk paham 🙏,2025-03-18 06:26:11+00:00,netral
list pindah negara :,2025-03-22 14:59:21+00:00,negatif
tapi Orde Baru Preman2 kejahatan bisa di minimalisir,2025-03-18 07:39:44+00:00,netral
"setujuin aj lh kan katanya ""enakan jaman pa harto""😹",2025-03-18 05:42:01+00:00,positif
SEGERA DI SAHKAN UU TNI KALO NKRI MAU AMAN,2025-03-18 09:16:17+00:00,negatif
gen z bikin negara sendiri aja yuk,2025-03-22 06:55:24+00:00,positif
"klo ini bener² kejadian dan sampe di sahkan menurut saya, mungkin akan pindah negara aja sih.. Safe ur self and ur Family first than Nationalism.",2025-03-18 13:48:23+00:00,negatif
Simplenya liat aja Myanmar skrng,2025-03-18 05:38:48+00:00,netral
demi allah kalo ada rezeki lebih mending pindah negara sih🔥,2025-03-20 17:27:09+00:00,negatif
Ahh aku ga jadi pulang deh 🤭😭,2025-03-22 02:19:52+00:00,negatif
napa sih gw lahir di Indo,2025-03-22 14:39:42+00:00,negatif
nih alasan Papua susah ikut di negara Indonesia,2025-03-21 21:15:28+00:00,negatif
#TOLAKREVISIRUUTNI,2025-03-20 21:40:13+00:00,negatif
"list yang mau pindah negara👇
-gw",2025-03-21 02:40:40+00:00,negatif
Hidup cuma sekali aku malah jadi WNI😫,2025-03-20 21:50:30+00:00,positif
list yang mau pindah negara,2025-03-21 04:10:35+00:00,negatif
gini amat masa dewasa gw.,2025-03-23 00:05:19+00:00,netral
mending pindah Jepang aja lah 😹,2025-03-21 10:35:57+00:00,negatif
pusing sama negara sendiri,2025-03-20 21:49:36+00:00,negatif
gini amat masa remaja gua😔😔,2025-03-20 22:48:47+00:00,positif
"Komen buzzer 100m
1. Jangan macam2 sama TINI.
2. Tidak ada asap kalo tdk ada api.
3. TINI bersama rakyat.
4. Bravo TINI.
5. Dukung RUU TINI.",2025-03-18 07:46:32+00:00,negatif
"yaAllah, tambah tebel dah pkn dan per IPS an 😭😭😭",2025-03-20 14:29:54+00:00,negatif
faktanya melakukan tindak pidana paling aman adalah dengan menjadi tni karna kebal hukum,2025-03-18 08:01:41+00:00,positif
capee hidup kek gini aseli🥀,2025-03-20 14:12:52+00:00,positif
gas ruu tni,2025-03-18 09:16:07+00:00,positif
helo i'm form Malaysia🇲🇾🇲🇾,2025-03-21 13:28:09+00:00,positif
"udah paling bener indo nerapin sistem komunis tapi ekonomi kapitalis dijamin ga ada yang korupsi dan macem"" tapi rakyat sejahtera dan ga demo",2025-03-18 06:28:28+00:00,negatif
joko anwar nolak karna gak di pilih sebagai produser oleh prabowo kah?🤔,2025-03-18 06:53:45+00:00,negatif
Prabowo ga bisa batalkan ya?🥺,2025-03-22 05:41:38+00:00,netral
"liat ini aku keinget salah satu AU yg prnh aku baca, cerita nya kurasa hampir sama kayak gini tpi ngga mirip, critanya itu KLO ngga slh inget tntang 5 remaja yang berusaha mencari tahu segala tentang-",2025-03-20 22:48:58+00:00,negatif
ini sebenarnya Indonesia udah merdeka belum si?,2025-03-21 22:00:43+00:00,negatif
i'm from Malaysia 🇲🇾🥰,2025-03-20 22:45:49+00:00,negatif
ini negara apasih,2025-03-19 07:26:53+00:00,positif
"list yg mau pindah negara👇
1. aku",2025-03-22 04:47:57+00:00,negatif
tolak RUU TNI,2025-03-21 11:18:01+00:00,positif
"ya allah umur masih 15, negara udh gini aj🥲🥲",2025-03-22 21:09:48+00:00,positif
pindah negara yuk,2025-03-20 15:44:38+00:00,negatif
negara apa ini anj,2025-03-20 21:15:52+00:00,positif
MENOLAK RUU TNI = MENOLAK KEMBALI KE MASA KELAM!! 🔥,2025-03-20 13:05:57+00:00,negatif
bapak gw tni tapi nolak RUU TNI 🔥🔥,2025-03-18 21:28:03+00:00,negatif
PANTES SUSANTI KE MALASYA,2025-03-22 21:56:23+00:00,negatif
ga pernah se muak ini sama negara sendiri wkwk,2025-03-21 03:56:08+00:00,negatif
Takut di culik jam 3 pagi 🤣,2025-03-18 08:47:28+00:00,negatif
kayaknya dimalem Lailatul Qadar tahun ini doanya buat keselamatan negri ini deh biar ga kacau kayak sekarang :',2025-03-20 22:15:37+00:00,negatif
kenapa GK ada yg demo RUU PERAMPASAN ASET?,2025-03-18 08:52:01+00:00,negatif
"dlu ibu gw prnh cerita ""km ga ngerasain jaman orba, ga ada org yg brni keluar rmah wkt dekat2 pilpres. pokoknya kyk Myanmar sekarang lah",2025-03-18 19:51:35+00:00,negatif
ya Allah kenapa aku wni?😞💔,2025-03-21 13:21:38+00:00,negatif
"Ramekan tagar ini gays
#SahkanRUUPerampasanAsetKoruptor",2025-03-20 12:06:37+00:00,negatif
katanya negara demokrasi😹,2025-03-18 06:23:38+00:00,positif
"ingat, banyak pemain lama yg masih aktif 🤣",2025-03-18 08:22:29+00:00,positif
intinya sama kaya jaman suharto ya,2025-03-18 05:45:47+00:00,netral
apakah akan kembali ke era Suharto☠️,2025-03-18 08:46:52+00:00,positif
negara ku ini kenapa udah 79 tahun kok belum merdeka ini negara,2025-03-18 08:24:14+00:00,negatif
"ayo semua ikut turut
#TOLAKRUUTNI",2025-03-22 15:21:39+00:00,positif
apaan negara demokrasi? negara Pancasila? kalo nyatanya gini. kek korut😇,2025-03-20 21:47:12+00:00,negatif
tahun depan kek mana lagi nih konoha,2025-03-20 16:24:12+00:00,positif
kenapa jadi gini 🥺,2025-03-20 20:42:12+00:00,netral
negara juga milik rakyat😞,2025-03-24 14:53:07+00:00,positif
jangan sampe novel laut bercerita terbit vol 2 😂,2025-03-21 04:45:30+00:00,positif
"Ngeri bgt ya? aku belum lahir pas itu, takud kalo kejadian beneran💔😭",2025-03-20 11:58:30+00:00,negatif
pindah ke dubai yu guys,2025-03-20 22:32:42+00:00,negatif
"ketik "" 1 "" yang mau pindah negara kalo udh dewasa",2025-03-20 15:50:15+00:00,negatif
sebenernya ini negara atau grup orang orang senang dah?,2025-03-18 09:15:06+00:00,negatif
"@mapleavess:doa pas Lailatul Qadar nambah, ""Ya Allah, selamatkan negara ini dari pemimpin dan orang-orang yang dzalim""",2025-03-21 05:23:30+00:00,negatif
welcome pemerintahan korut😮‍💨,2025-03-20 21:44:35+00:00,positif
"Sy penasaran nunggu poin RUUnya, malah gak keluar poin poinnya 😭",2025-03-20 05:21:14+00:00,negatif
Jaman ORBA Keluar Malam Aman.,2025-03-20 14:04:41+00:00,negatif
mana Mahasiswa?,2025-03-20 13:56:34+00:00,negatif
gua yang gengster nyimak ae 🗿,2025-03-18 08:06:21+00:00,positif
kali ini kalo RUU TNI di sahkan mending ngaku warga malay aja dah🗿,2025-03-18 07:14:03+00:00,negatif
barusan berita ladang di gunung bromo sekarang ruu tni,2025-03-18 22:48:13+00:00,positif
udah di sah in,2025-03-20 06:30:52+00:00,negatif
terserah kalian mau apa. kami masih ada tuhan diatas. manusia hanya dibatas manusia saja.,2025-03-20 16:10:07+00:00,negatif
dari dpr untuk dpr oleh dpr🥰,2025-03-18 14:18:48+00:00,positif
UDAH MUAKKK PASRAH BNGT TAU GITU NGGAK LAHIR DI SINI,2025-03-20 21:07:04+00:00,negatif
minta baju baru mala dikasi orde baru,2025-03-20 21:06:24+00:00,netral
BARISAN DUKUNG RUU TNI🖤🖤🖤🖤🖤,2025-03-18 16:31:27+00:00,positif
udh tau indo udh gelap makin gelap🗿,2025-03-20 21:46:28+00:00,negatif
cie pada nungguin gua 🗿,2025-03-19 21:51:39+00:00,netral
yg nolak akun² bot smua😂😂😂,2025-03-20 06:25:19+00:00,negatif
takut bngt laut bercerita season 2,2025-03-18 07:20:32+00:00,negatif
untuk saat ini mmang hanya TNI yg msh bisa dipercaya...,2025-03-18 06:51:19+00:00,netral
menuju konoha bubar 2030,2025-03-18 06:49:40+00:00,positif
sakit ni negara.....,2025-03-20 13:26:02+00:00,negatif
"FIKS GW HARUS PINDAH NEGARA, GA BISA DI INDO TRS 😔😔",2025-03-20 21:23:36+00:00,negatif
nah ini nih yang gua cari. dia ngejelasin semuanya gak kayak vt-vt orang lain,2025-03-20 08:40:12+00:00,negatif
ke ulang lagi kah tragedi Trisakti 12 mei 1998💀,2025-03-21 10:41:58+00:00,negatif
RAKYAT BERSAMA TNI!!,2025-03-18 05:22:38+00:00,positif
negara apa ini bejir,2025-03-20 20:38:37+00:00,negatif
orde baru versi berwarna bjir udah gak hitam putih lagi😭,2025-03-20 21:56:17+00:00,negatif
"skarang sudah beda era, beda juga pemimpin nya, rakyat juga sudah pintar"".. liat juga dari pandangan sebaliknya gitu loh",2025-03-18 11:26:55+00:00,negatif
"guys, sebenarnya ini bagus buat negara kita. kalau kalian baca buku Ray Dalio, disitu dijelaskan salah satu cara untuk membuat negara maju adalah dengan mempersatukan Pemerintah, Ekonomi, dan Militer. Cara ini yang dipakai oleh Amerika after WW2 dan juga China.",2025-03-20 16:33:33+00:00,netral
TNI KUAT BERSAMA SAMBUNG AYAM,2025-03-18 06:19:38+00:00,positif
dukung RUU TNI,2025-03-20 01:07:05+00:00,positif
Tolak RUU TNI,2025-03-19 22:26:33+00:00,positif
kami butuh vigilante,2025-03-18 09:18:34+00:00,netral
Tetap dukung RUU TNi🤲,2025-03-18 10:58:05+00:00,positif
"bang , jujur gua ga dapet apa intinya yg lu jelasin .. terlalu berat kata katanya 🙏🏽🥺",2025-03-18 21:30:08+00:00,negatif
"klo kita bukan kriminal ,kenapa harus takut.",2025-03-20 07:52:02+00:00,negatif
"Arahan Pangdam saat briefing dg para Danrem dan Asisten Kodam :
1. RUU TNI
viralkan berita ttg RUU TNI
jgn sampe ada Demo di wilayah yg menentang RUU TNI
galang dg humanis agar banyak yg mendukung",2025-03-20 02:34:30+00:00,negatif
ruu tni bakal lebih teratur,2025-03-18 06:35:40+00:00,positif
"Apapun beritanya, nyari uang jga sendiri'",2025-03-18 05:30:28+00:00,negatif
"buat yg masih bingung,gini lo..
kan RUU TNI itu pemerintahan kita jadi kaya orde baru
nah di vt udh dijelasin gimana orde baru itu
jadi intinya kalau RUU TNI disahkan",2025-03-18 08:35:26+00:00,negatif
"klo bikin negara maju? ya ga masalah, lieur soalna😂",2025-03-18 23:45:38+00:00,negatif
"Bang, bahas ttg perampasan aset rakyat",2025-03-18 05:18:31+00:00,positif
"yg gak sepakat antek antek asing😂, buktinya jaman soeharto negara tentram damai kok😂😂",2025-03-20 02:54:55+00:00,negatif
eh klo TNI kta nya bela rakyat ngpain takut sii,2025-03-19 09:49:53+00:00,negatif
kau bahas ruu tni atau orde baru bos?,2025-03-18 05:38:17+00:00,negatif
"MASIH YAKIN REVISI UU TNI ??
SALAM ORDE BARU 😂😂",2025-03-18 06:54:48+00:00,negatif
Terus RUU TNI itu apaan bro? lu malah jelasin orde baru...,2025-03-18 06:13:22+00:00,negatif
"gadak itu semua, jalan kan RUU TNI, balikan dwifungsi abri",2025-03-18 15:32:39+00:00,negatif
pindah negara aja lah kalo ruutni di sah kan,2025-03-26 19:41:29+00:00,negatif
pindah ke jerman yok😊🙏🏻,2025-03-25 17:15:18+00:00,negatif
"#pindah aja dulu
.
ini baru mantap👆",2025-03-25 12:50:17+00:00,negatif
#TolakRevisiUUTNI,2025-04-27 23:14:43+00:00,negatif
bang q pengen pindah ke jepang 🥰🥰,2025-03-25 18:47:52+00:00,negatif
kukira bersama rakyat ternyata dengan pejabat😭😭,2025-03-25 09:24:38+00:00,positif
smpe ad keinginan sendiri mau pindah negara jjr🥺,2025-03-26 22:50:58+00:00,negatif
apakah kita akan melawan negara sendiri?,2025-03-26 21:14:58+00:00,negatif
"nggak heboh lagi, sudah adem ayem",2025-04-21 13:35:53+00:00,negatif
tolak revisi ruu tni ✊🏻,2025-03-27 00:21:04+00:00,positif
sumpah cuman nanya gunanya presiden apa?.,2025-03-25 12:50:34+00:00,negatif
"di RUU TNI masih ada polisi gak? kalo adanya cuma TNI,, hmmm...",2025-04-05 13:08:47+00:00,negatif
"bener sih, atasan tni itu tidak bisa di bantah oleh bawahan, mau bagaimana pun perintahnya tetap bawahan mengikuti",2025-03-29 00:53:59+00:00,negatif
coba gw tnya dari segi apa klian gak setuju RUU TNI ini disahkan? coba tolong bales ya..,2025-04-01 06:43:44+00:00,negatif
:#cabutUUTNI #tolakRUUPolri #Indonesiagelap #sayonarademokrasi,2025-03-29 10:27:06+00:00,negatif
"kita tolak, tapi tetap diresmikan juga, gimn tu",2025-03-26 00:44:46+00:00,netral
TOLAK PLS,2025-03-26 23:35:06+00:00,netral
takutnya sosial media dihilangkan tiktok dihilangkan,2025-03-26 23:28:34+00:00,negatif
kalau aku nikmati aja asal kan hidup dan bahagia,2025-03-26 07:11:29+00:00,positif
"aku baru liat draft tuntutan RUU TNI. yang ada di tempo, detik, sama cnn itu bener kah? kok beberapa poin agak kurang masuk ya?. ada yang bisa jelasin kah?",2025-03-25 20:16:33+00:00,negatif
masih ga paham bjir🗿,2025-03-25 15:18:24+00:00,negatif
perjalanan gw masih 3 tahun buat masuk LPK gmn yak kedepannya,2025-03-26 05:48:02+00:00,positif
"bukannya maju negara kita, malah mundur lgi😭",2025-03-26 11:13:28+00:00,negatif
reformasi gak nih😹,2025-03-26 16:05:13+00:00,netral
udah paling bener ke kamboja🤓,2025-03-25 16:59:48+00:00,positif
dulu yang pada minta Petrus balik mana yaaaaa😹😹,2025-03-25 22:32:39+00:00,negatif
gw takut di jumshot sg2🗿,2025-03-26 23:02:41+00:00,negatif
pantesan bibi gue betah di Malaysia,2025-03-26 21:28:33+00:00,negatif
prabowo gimana sihh😑😂😂😂,2025-03-26 21:23:21+00:00,positif
kita menghormati pak soekarno,2025-03-30 08:13:02+00:00,positif
orde baru season 2,2025-03-29 02:23:53+00:00,positif
"menurutku era orde baru malah lebih enak, pendidikan murah, bahan pangan murah, bbm murah, banyak hal penting buat hidup rakyat disubsidi pemerintah meski yg namanya KKN juga ada sih",2025-03-28 05:47:41+00:00,negatif
Tolak RUU tni,2025-03-28 04:37:01+00:00,positif
makin takut tinggal disini,2025-03-27 23:35:55+00:00,negatif
yang dukung RUU TNI anak Kntil 😹,2025-03-27 21:33:27+00:00,positif
bang kita harus revolusi dan demokrasi dan kita tidak menderita,2025-03-27 21:24:02+00:00,positif
semngt ruu tni,2025-04-02 16:43:01+00:00,netral
"itu di tumpangi
masa perampasan aset di dueumin",2025-04-01 04:18:09+00:00,netral
negara selain indo yang bisa bahasa jawa mana sih 😅,2025-03-29 07:58:20+00:00,positif
kacau,2025-03-27 15:21:24+00:00,negatif
mending kaya orde baru,2025-04-06 01:32:02+00:00,netral
otw luar negri ini mah,2025-03-26 01:55:13+00:00,negatif
ohh mau balik ke orde baru?,2025-04-18 09:42:31+00:00,negatif
negara macam apa ini,2025-04-13 01:07:00+00:00,positif
Myanmar juga jadi bukti,2025-03-27 03:48:09+00:00,positif
"dukung ruu perampasan aset 🔥
yng demo blike:mana duitnya",2025-04-14 15:54:58+00:00,netral
DUKUNG RUU TNI,2025-03-27 00:02:28+00:00,positif
Billy posting ulang ? 🗿,2025-03-27 22:43:52+00:00,negatif
gas terus prabowo,2025-03-28 05:49:36+00:00,positif
takut lagi velocity an tiba' ditangkap,2025-03-26 16:31:16+00:00,negatif
nuril nama kakekku weh😔,2025-03-28 06:02:30+00:00,negatif
mamat gunshop,2025-03-25 12:55:54+00:00,positif
riset lgi deh,2025-03-31 01:43:16+00:00,netral
"bg masih aman 🗿?
takut udah ilang bg 🗿?",2025-03-27 12:29:43+00:00,negatif
"militer yg msuk dlm sklh,kementrian,kebijakan sipil,siapa yg mengawasi mereka? kekuasaan modern bkn lewat senjata tpi dgn distribusi posisi.klo militer mengambil alih fungsi sipil bakal ada bio-power",2025-04-10 04:50:53+00:00,positif
kaya petrus lagi kah?,2025-04-17 00:47:48+00:00,negatif
"baru satu menit udah 1,2 juta like njir",2025-03-26 00:42:31+00:00,negatif
izin pindah negara🙏,2025-03-27 09:43:27+00:00,negatif
salah siapa milih nomer...🗿,2025-03-25 14:08:07+00:00,positif
bisa beli senjata ga,2025-04-18 09:15:19+00:00,positif
indonesia gelap,2025-04-09 04:58:45+00:00,negatif
indonesia harus negara demokrasi,2025-03-26 04:08:56+00:00,negatif
"bagus padahalmah UU TNI, biar rakyatnya tertib, biar kaya kerajaan yekan",2025-03-27 16:19:56+00:00,netral
oke gw mau pindah negara🚶🏻‍♂️,2025-03-28 11:22:14+00:00,netral
kita mau berlindung kesiapa lagi,2025-03-28 10:42:46+00:00,negatif
"terserah deh, yg penting gue tetep kejar revisi proposal",2025-03-25 10:11:24+00:00,negatif
kyk nya sekolah bawa scar cupid sama SG riper,2025-03-28 10:14:03+00:00,negatif
aman ada akhirat bro disitu adil 😊,2025-03-29 12:11:13+00:00,negatif
mau ngetik aja takut,2025-03-29 03:01:54+00:00,negatif
TNI bersama rakyat 😇😊,2025-03-25 15:48:10+00:00,positif
yg nolak juga anak2 abah,2025-03-25 15:52:28+00:00,negatif
gamau RUU TNI!,2025-04-01 17:02:37+00:00,positif
indonesia berasa korea utara,2025-03-25 15:16:39+00:00,negatif
mumpung dekat Malaysia pindah ahh negara apa²an ini,2025-03-25 09:47:26+00:00,negatif
98 tahun kelahiran ku,2025-03-27 03:46:06+00:00,positif
Ya Allah kenapa aku WNI,2025-03-25 22:02:41+00:00,positif
Ramalan the simsomps 2030 indonesia milik Singapura,2025-03-25 18:49:16+00:00,positif
RUU TNI pengalihan isu untuk RUU POLRI Dengan 27 pasal nya,2025-04-22 10:53:38+00:00,positif
tolak RUU TNI,2025-03-29 18:53:46+00:00,positif
"saya belum pernah seperti era pada tahun itu, fix deal aja",2025-04-02 12:04:37+00:00,positif
gua gak setuju!!@@@,2025-04-02 08:55:44+00:00,negatif
hidup uutni harus maju,2025-03-26 01:44:55+00:00,positif
tau ahh cape dah,2025-03-25 09:06:03+00:00,negatif
mantep tni👍👍👍👍,2025-04-02 03:53:22+00:00,positif
dukung 💯% RUU TNI,2025-03-30 03:10:50+00:00,negatif
parah sih kacau kacau,2025-03-25 15:53:59+00:00,negatif
"bukan larangan tuhan,trobos aja bro🔥🔥🔥",2025-03-25 13:37:53+00:00,negatif
@nylawww @ciyya,2025-03-25 21:19:22+00:00,positif
😂,2025-03-28 08:37:48+00:00,positif
😳,2025-04-07 15:55:20+00:00,positif
🥰,2025-04-04 08:46:48+00:00,positif
"baca di buku tentang masa orde baru aja ketar ketir, ini disuruh ngadepin😞😞",2025-03-20 21:26:32+00:00,negatif
bahaya jg bagi org.. yg sesuatu😁,2025-03-20 21:05:32+00:00,netral
"kalo memang atasan bisa bersih beneran mah bagus ,tapi emng bisa bersih beneran?saya 2001 tentu belum lahir pas orde baru .tapi ya entah gimana nanti ,intinya butuh loker dulu sih",2025-03-20 20:54:05+00:00,negatif
ayo pindah yuk,2025-03-20 18:34:21+00:00,netral
"guys, kalaupun kalian punya kesempatan pindah keluar negeri, tolong hati²,jngan mau kalau tujuannya kamboja, thailand,myanmar. banyak penjualan orang disana, di thailand kemarin artis cina jadi korban",2025-03-20 18:22:31+00:00,negatif
"disaat orang lain ributin RUU TNI yg katanya dwifungsi, nyatanya damkar semakin kesini semakin multifungsi
#semangatparadamkar",2025-03-20 16:41:46+00:00,negatif
"takut banget sama indo, ak blum ngerasain sma ples😔",2025-03-20 14:44:18+00:00,negatif
wait? hilang? kayak Laut Bercerita?😭,2025-03-20 14:34:46+00:00,negatif
era Soeharto back kah? 💀,2025-03-20 13:41:52+00:00,negatif
lekas pulih indonesia🥺,2025-03-20 13:33:56+00:00,negatif
laut bercerita comeback..?,2025-03-20 13:31:40+00:00,negatif
"akun gw kena pelanggaran bjir, masih bisa komen g ya?",2025-03-20 12:45:03+00:00,negatif
"kirain ganti presiden baru, Indonesia lebih maju nyatanya beda😳😳",2025-03-20 12:35:30+00:00,netral
pada buka X deh disana banyak jelasin biar gak pada tutup mata,2025-03-20 12:03:19+00:00,negatif
5 bulan tapi tiap hari berita buruk,2025-03-20 11:56:39+00:00,negatif
"""dewan perwakilan rakyat"" rakyat mana yg di dengar?",2025-03-20 11:33:18+00:00,negatif
ya Allah kenapa aku terlahir jdi WNI 😭,2025-03-20 06:49:13+00:00,positif
DPR kocakk,2025-03-20 06:44:28+00:00,netral
warga korut: hai sobat baru...,2025-03-19 22:08:15+00:00,negatif
kalo di zaman sekarang ya kaya MYANMAR sekarang,2025-03-18 21:28:08+00:00,positif
"hemm... 🤔
kayaknya ini tiap pulau bakal jadi negara sendiri² klo kaya gini🗿",2025-03-18 20:55:55+00:00,netral
NEGARA APA SIH INI ANJJ,2025-03-18 19:34:11+00:00,positif
PAGAR LAUT DIBUNGKAM GAS LANGKA KORUPSI 1000T DI BUNGKAM RUU TNI.,2025-03-18 19:11:13+00:00,negatif
banyak bgt buzzernya pemerintah😂,2025-03-18 17:45:35+00:00,netral
"S sdh tahap pasrah mi sm ini negara, smga ada kesempatan dan rejekiku nnti spya bisa pindah negara🫠",2025-03-18 09:37:10+00:00,negatif
menuju Indonesia kacau😬,2025-03-18 09:12:31+00:00,positif
"pas pilpres temen gua milih Prabowo karena pengen ngerasain zaman Soeharto,dan sekarang mungkin beneran terjadi 🗿",2025-03-18 07:58:00+00:00,negatif
negara lain udah mikirin buat kebulan sedangkan di konoha masih revisian🤣🤣,2025-03-18 07:53:44+00:00,negatif
jir lama lama kayak korut,2025-03-18 07:49:33+00:00,negatif
🥰🥰🥰,2025-03-31 06:55:59+00:00,positif
😭😭😭,2025-03-27 05:35:51+00:00,positif
😂,2025-03-27 04:37:32+00:00,positif
😳,2025-03-27 04:35:55+00:00,positif
😁,2025-03-31 04:11:16+00:00,positif
💀,2025-04-13 03:29:29+00:00,positif
😭,2025-03-27 02:33:25+00:00,positif
@alaraaa,2025-03-26 23:58:34+00:00,netral
😳,2025-03-26 23:53:46+00:00,positif
😂,2025-04-05 02:58:47+00:00,positif
@nana ini,2025-03-30 22:09:21+00:00,positif
🥰,2025-03-26 23:30:27+00:00,positif
😂,2025-04-20 15:52:51+00:00,positif
😁,2025-03-26 22:33:14+00:00,positif
🤣,2025-03-26 21:47:46+00:00,positif
😁,2025-03-26 21:41:47+00:00,positif
🥰,2025-04-04 19:55:37+00:00,positif
🗿,2025-03-30 12:54:41+00:00,positif
🥰,2025-03-26 20:44:54+00:00,positif
😂😂😂,2025-04-05 04:18:27+00:00,positif
😭,2025-04-04 15:00:45+00:00,positif
🥺,2025-03-26 19:35:07+00:00,positif
😂,2025-03-26 19:02:43+00:00,positif
😂,2025-03-25 19:21:12+00:00,positif
🔥,2025-03-26 17:08:57+00:00,positif
😂,2025-03-26 16:59:04+00:00,positif
😂,2025-03-26 16:18:54+00:00,positif
😌,2025-03-26 16:18:35+00:00,positif
😅,2025-04-12 13:24:38+00:00,positif
🙏🏻,2025-03-25 08:38:06+00:00,positif
🥺,2025-03-25 20:21:04+00:00,positif
🤣,2025-03-27 02:06:01+00:00,positif
😭,2025-04-20 08:01:13+00:00,positif
😁,2025-03-27 13:08:14+00:00,positif
😄😄😄,2025-03-30 13:45:05+00:00,positif
😁,2025-03-27 13:42:38+00:00,positif
🥰,2025-03-30 08:21:35+00:00,positif
😏,2025-04-01 01:37:48+00:00,positif
💀,2025-03-26 20:40:53+00:00,positif
🔥,2025-03-27 20:33:35+00:00,positif
@berlianyunus,2025-03-26 02:42:02+00:00,positif
😂,2025-03-27 21:28:57+00:00,positif
🥰,2025-04-01 11:10:54+00:00,positif
😒,2025-03-28 00:01:43+00:00,positif
😁,2025-04-07 07:24:26+00:00,positif
💃,2025-04-07 21:57:31+00:00,positif
☺,2025-04-08 12:43:54+00:00,positif
❣️,2025-03-25 08:38:05+00:00,positif
🗿,2025-03-25 09:20:31+00:00,positif
@partaigerindra woy gerinda ini apa²an dah,2025-03-25 09:48:32+00:00,negatif
😁,2025-03-25 10:43:17+00:00,positif
dijajah oleh negeri sendiri,2025-03-21 00:24:38+00:00,positif
Mau nyesel jadi WNI tapi udah takdir 😭😭,2025-03-20 23:56:08+00:00,netral
HELL NAWH DAH DI SAH KAN💀,2025-03-20 23:09:28+00:00,negatif
"gw mau belajar dengan giat gw mau pergi dari negara iniiiii, ayo kita sama sama belajar dengan giat🔥🔥🔥🔥",2025-03-20 22:41:36+00:00,negatif
Allah ga tidur🥰,2025-03-20 22:11:51+00:00,positif
IH UDH GA NGERTI BGT SMA NI NEGARAA,2025-03-20 21:43:05+00:00,negatif
katanya demokrasi....,2025-03-20 21:29:34+00:00,negatif
ini kita hidupnya zaman mundur ya?,2025-03-20 21:21:24+00:00,negatif
lebih tepatnya warga sipil bakal banyak jadi pengangguran,2025-03-20 21:10:35+00:00,negatif
Jadi bingung mau beli baju lebaran apa vest anti peluru,2025-03-20 20:20:12+00:00,negatif
DPR ANJ,2025-03-20 19:02:18+00:00,netral
Ya Allah kasi jalan untuk kami pindah negara,2025-03-20 15:59:01+00:00,negatif
lama2 kayak di korut nih,2025-03-20 15:07:51+00:00,negatif
ah tau gitu kemarin gw co baju anti peluru bukan gamis😭,2025-03-20 14:49:57+00:00,negatif
sebenernya negara apasih ini?,2025-03-20 13:47:34+00:00,negatif
makin yakin sama keputusan pindah warga negara,2025-03-20 12:30:12+00:00,negatif
kek korut anjr,2025-03-20 12:20:21+00:00,positif
jdi kita percaya kepada siapa,2025-03-20 11:46:16+00:00,positif
pengen pindah gaada duid anj😭🙏,2025-03-20 11:20:54+00:00,negatif
inilah tujuan utama si wowo jadi presiden..,2025-03-20 08:27:08+00:00,positif
udah sah🥀,2025-03-20 07:07:45+00:00,negatif
jd sila ke 4 buat apaan?,2025-03-20 05:46:51+00:00,negatif
mereka mau ngesahin biar mereka terlindungi 😹,2025-03-18 13:44:42+00:00,negatif
berarti dah kayak ideologi fasisme me aja bukan Pancasila,2025-03-18 07:01:56+00:00,negatif
😅😅😅,2025-03-25 17:11:48+00:00,positif
😂,2025-03-25 10:53:09+00:00,positif
🙏,2025-03-25 19:38:47+00:00,positif
😳,2025-03-25 22:07:48+00:00,positif
😁,2025-04-03 10:43:44+00:00,positif
😂,2025-04-03 11:23:02+00:00,positif
✨✨✨,2025-03-26 15:45:02+00:00,positif
kenapa gak ada yang demo,2025-03-18 09:56:51+00:00,negatif
"bang plis liat postingan instagram @kodam.udayana, dia membela dan membenarkan RUU TNI",2025-03-18 09:45:30+00:00,negatif
udah sulit cari kerja sulit juga buat bersuara😢,2025-03-18 09:24:28+00:00,negatif
bg bahas 3 polri yg di t*mbk TNI,2025-03-18 09:07:43+00:00,negatif
Welcome Oke Gas @Hafizabdul10969 @anjasprasetyan @Minefields @u c u l l @elcontole.⋆✮ @Alfarisi,2025-03-18 08:45:04+00:00,positif
#Tolak Revisi UU TNI,2025-03-18 08:28:04+00:00,positif
plusnya ada petrus wkwkwk,2025-03-18 07:59:47+00:00,netral
"lu bayangin aja rapat tertutup , mengesahkan RUU TNI, apa tidak korupsi semua tuh orng",2025-03-18 07:56:42+00:00,negatif
biar gw aja sini jadi anggota dpr biar bener,2025-03-18 06:55:41+00:00,netral
"Kejadian yg dilakukan oleh TNI di 2 Bulan ini :
1. Penembakan BOS RENTAL MOBIL
2. Penembakan PERAWAT di aceh
3. Penembakan BOS SHOWROOM mobil di aceh
4. Penembakan 3 POLISI di Lampung
Belum juga di sahkan ruutni eeh udah dikasih simulasi 😂😂
#TOLAKRUUTNI",2025-03-18 06:42:32+00:00,negatif
udah gue parodiin kasus nya.,2025-03-18 06:15:36+00:00,netral
Si proro gak nolak kah??,2025-03-18 05:58:12+00:00,negatif
bang bahas drone dilarang terbang di bromo bang 🤣🤣🤣🤣. siapa yg nemuin pertama kali?,2025-03-18 05:52:24+00:00,negatif
RUU TNI BAHAYA!,2025-03-18 05:48:07+00:00,negatif
Jadi bener bener serius belajar bahasa Jepang biar bisa #kaburajadulu 😌,2025-03-18 05:44:49+00:00,netral
@505 @23 @rifardiii,2025-03-25 09:26:37+00:00,negatif
"nolak dalam bentuk demo di pukvli
nolak lewat sosmed di anch4m
nolak lewat kabur ke luar negri di tanyain rasa nasionalis🥺",2025-03-25 05:41:23+00:00,negatif
takut bakal ada “petrus”lagi💀,2025-03-24 22:06:35+00:00,negatif
list yg mau ke Jepang,2025-03-24 20:43:41+00:00,negatif
"pak prabowo lagi di ancam guys
malah ada ruu tni di sahkan gawat rencana jahat apalagi ini
indonesia siap boyaah",2025-03-24 19:33:54+00:00,negatif
era soeharto akan dirasakan lagi oleh rakyat indo,2025-03-24 15:21:03+00:00,positif
#TolakRevisiUUTNI,2025-03-24 12:06:36+00:00,negatif
bang ga ngerti ngejelasin nya cepet amat😭,2025-03-24 11:49:45+00:00,negatif
𝙩𝙞𝙢 𝙩𝙤𝙡𝙖𝙠 𝙍𝙐𝙐 𝙏𝙉𝙄,2025-03-24 10:38:20+00:00,positif
negara apaansih inii....,2025-03-24 08:53:34+00:00,negatif
"easy bro, liat negara myanmar",2025-03-24 05:44:51+00:00,positif
tolak RRU TNI,2025-03-24 02:11:04+00:00,positif
"Indonesia emas❌
indonesia booyah✔️",2025-03-23 23:08:46+00:00,positif
mending sama pak jokowi,2025-03-23 22:18:43+00:00,netral
pantes Susanti sklh di Malaysia,2025-03-23 17:29:41+00:00,negatif
"YAALLAH INI NGERI BGT, BERITANYA BOOM BGT SMPE KE KOREA JUGA 😭😭😭",2025-03-23 17:29:18+00:00,negatif
"#TolakRUUTNI
#TolakRUUKUHP
#PeringatanDarurat
#TolakDwifungsiABRI
#IndonesiaGelap
#RipReformasi98",2025-03-23 15:52:24+00:00,negatif
mulai sekarang kita harus belajar ilmu beladiri ..😁😁😁,2025-03-23 15:31:36+00:00,positif
gini amat masa kecil gw 🗿🗿🗿,2025-03-23 13:04:37+00:00,netral
pak soekarno aja bilang tugas TNI itu melindungi negara gak boleh ada campur tangannya di politik 😔,2025-03-23 12:55:31+00:00,netral
kabur dulu ga sih ke ruwar negri,2025-03-23 12:42:13+00:00,negatif
baju lebaran anti peluru👍👍,2025-03-23 12:32:06+00:00,positif
wallahi we're finished😹,2025-03-23 12:07:24+00:00,positif
Siapa sih yg ngusulin ruu tni?,2025-03-23 11:56:44+00:00,negatif
"alhamdulillah bulan depan gua pengen ke Korea kerja ,sekalian bawa orang tua",2025-03-23 11:48:39+00:00,negatif
ttp ga paham gw😭,2025-03-23 11:20:41+00:00,negatif
"buset lama"" indo jadi korut🗿",2025-03-23 11:19:55+00:00,positif
mahasiswa hamaa masyarakat Indonesia,2025-03-23 10:03:27+00:00,negatif
Indonesian gni amat anjjjj,2025-03-23 06:16:23+00:00,netral
tolak ruu tni,2025-03-23 04:09:34+00:00,positif
masih kagak paham🗿,2025-03-23 03:21:24+00:00,netral
gua netral aja 🗿,2025-03-23 03:09:06+00:00,netral
@seseii:malam Lailatul Qadar kita smua ngadu ke Allah aja yak,2025-03-23 02:38:00+00:00,negatif
skolah bawa tas gitar☠️,2025-03-23 02:03:32+00:00,netral
Jepang pungut aku plicc😔😔,2025-03-23 01:30:32+00:00,negatif
fyp gw sekarang ini terus jirr,2025-03-23 01:13:11+00:00,positif
Yaelah bang bapak gw yang tni aja geleng² liatnya 🙂,2025-03-22 23:19:55+00:00,negatif
pada ga setuju kok tetap sahkan?,2025-03-22 22:57:00+00:00,netral
"emg disuruh sehat di negara yg sakit, sesuai kata masyarakat atau sesuai kemauan sendiri?🗿",2025-03-22 22:38:05+00:00,negatif
saya jadi pengen pergi ke negara lain 🙂,2025-03-22 22:27:31+00:00,positif
tolak RUU TNI 🔥,2025-03-22 21:42:26+00:00,positif
pindah ke jepang yuk?,2025-03-22 21:26:02+00:00,negatif
mending Malaysia😹,2025-03-22 21:20:29+00:00,positif
gue FOMO #tolakRUUTNI,2025-03-22 21:13:35+00:00,negatif
pindah yu,2025-03-22 21:10:11+00:00,negatif
Ruu TNI=hama99×,2025-03-22 20:56:16+00:00,positif
list yang mau pindah negara👇,2025-03-22 20:10:52+00:00,negatif
buat adek adek yg masih sekolah belajar yg rajin ya biar masa depan sukses terus pindah negara,2025-03-22 20:09:53+00:00,positif
pengen pindah negara yang wajar,2025-03-22 18:43:34+00:00,negatif
#TOLAK RUU TNI‼️‼️‼️‼️‼️,2025-03-22 17:15:59+00:00,negatif
"hanya terbatas pada 14 lembaga sipil aja, bagaimana mungkin bisa menciptakan orba ?",2025-03-22 15:40:43+00:00,negatif
didiklah anak sesuai jaman.,2025-03-22 15:20:04+00:00,positif
woilah bapak gw tentara 😭😭,2025-03-22 15:06:39+00:00,positif
@Sanzz itu,2025-03-22 14:47:28+00:00,negatif
yg belum lahir belum ngerasain era dibawah 98.,2025-03-22 14:31:51+00:00,negatif
kami yg kpopers gimana...,2025-03-22 14:29:21+00:00,positif
tolak plis bapak gue nasip nya macamana,2025-03-22 14:23:48+00:00,negatif
abah abah terima aja kekalahn mu,2025-03-22 14:19:48+00:00,netral
masa smp ku ko harus gini sih 😞,2025-03-22 14:02:21+00:00,positif
"2025 #kaburajadulu
2026 #haruskabur
2027 #indonesialenyap",2025-03-22 13:59:25+00:00,negatif
serah kalian mau ngapain di negara ini gwe mau nabung biar bisa pindah negara🗿,2025-03-22 13:53:49+00:00,negatif
sila ke lima....,2025-03-22 13:41:10+00:00,negatif
jemput gua pengen demo,2025-03-22 13:32:26+00:00,netral
"list yg mau pindah negara
- gw",2025-03-22 13:25:24+00:00,negatif
"SIAPA YANG MAU IKUT DEMO PAKE LAGU BOOMBAYAH, BANG BANG BANG, PASS THE MIC, PARADOXX, LIKE JENNIE, KILL THIS LOVE, CHK CHK BOOM????",2025-03-22 13:02:25+00:00,negatif
join tren #kaburajadulu 😭,2025-03-22 12:53:04+00:00,negatif
mending era Jokowi,2025-03-22 11:08:54+00:00,netral
udah kaya Korea Utara aj🗿,2025-03-22 09:59:44+00:00,netral
gini amat masa remaja gww,2025-03-22 09:38:02+00:00,positif
"JEPANG ANGKUT AKUUUU
AKU BISA BAHASA JEPANG
SASUKE, NARUTO, RASENGANNNN",2025-03-22 09:02:06+00:00,negatif
gini amat masa remaja gw,2025-03-22 08:51:00+00:00,positif
tau gitu kemaren ikut indonesia go to mekah,2025-03-22 08:34:07+00:00,negatif
lah hubungan nya sama kpop apaa sii? kok kpopers pada sedih?,2025-03-22 08:21:38+00:00,negatif
udhlah ngadu aja ke Allah pasti langsung g jadi,2025-03-22 08:10:24+00:00,negatif
rupa rupanya koruptor bersatu 😡,2025-03-22 08:08:46+00:00,negatif
KOREA AYO ANGKUT GW PLISS 😭,2025-03-22 07:59:55+00:00,netral
"NEGARA JUGA MILIK RAKYAT
BUKAN HANYA MILIK PEJABAT
#TOLAKRUUTNI",2025-03-22 07:39:31+00:00,negatif
indo udh kayak ep ep,2025-03-22 07:33:35+00:00,positif
gen beta pas udah sekolah pada bawa SG 2 jir,2025-03-22 07:26:52+00:00,negatif
Indonesia malu ih,2025-03-22 07:03:34+00:00,negatif
berarti kita ga bebas ngekritik pejabat ato presiden gitu ya?,2025-03-22 06:59:10+00:00,negatif
GAISS MALAM LAILATUL QADAR KITA ADUIN KE ALLAH BARENG² YAA😔😔😔,2025-03-22 06:33:06+00:00,positif
pantesan susanti pindah ke malaysia🗿,2025-03-22 06:13:11+00:00,negatif
ayo kita dukung orde Baru,2025-03-22 05:58:04+00:00,netral
"@^᪲᪲᪲:PADAHAL ANGKATAN PERANG TIDAK BOLEH IKUT-IKUT POLITIK
-soekarno",2025-03-22 05:49:15+00:00,negatif
𝕥𝕒𝕞𝕓𝕒𝕙 𝕙𝕒𝕟𝕔𝕦𝕣 𝕟𝕚 𝕟𝕖𝕘𝕒𝕣𝕒🥺,2025-03-22 05:36:26+00:00,positif
#TolakRUUTNI,2025-03-22 05:32:33+00:00,negatif
"kita keresuhan aja Ama pejabat""",2025-03-22 05:28:50+00:00,negatif
katanya K-Pop jga disangkutin ya?,2025-03-22 05:28:00+00:00,negatif
ngebayangin sekolah pake rompi anti peluru 🥰,2025-03-22 05:27:12+00:00,negatif
"list yang mauu pindah negaraa amaa bapak ibuuu
1.akuuuu",2025-03-22 05:25:37+00:00,negatif
gini amat masa kecil gw,2025-03-22 05:10:05+00:00,netral
"ko begini ya, Ya Allah",2025-03-22 04:29:18+00:00,positif
ini yg ngusulin siapa sih? beneran Prabowo?,2025-03-22 04:28:57+00:00,negatif
indonesia gelap,2025-03-22 04:03:43+00:00,negatif
#TOLAK RUU TNI‼️‼️‼️‼️‼️,2025-03-22 03:56:00+00:00,negatif
lama2 paham kenapa Papua minta pisah,2025-03-22 02:30:10+00:00,negatif
"Emang dinegara ini cmn mereka, negara ini juga punya kita jadi ngapain takut, lawan demi kebenaran",2025-03-22 02:16:14+00:00,negatif
mending hidup menurut hukum adat.,2025-03-22 01:55:14+00:00,positif
negara betol royal💀💀💀,2025-03-22 01:33:11+00:00,positif
ini negara apasih,2025-03-22 01:27:41+00:00,positif
takut nya kaya di suriah🥺,2025-03-22 01:09:56+00:00,negatif
ga kebayang skola bawa medkit,2025-03-22 00:45:05+00:00,netral
inii negara apaan?,2025-03-22 00:29:06+00:00,negatif
cita cita gue… 😞,2025-03-22 00:20:32+00:00,netral
"17 Agustus kapan sih, mau makan kerupuk aja😭😭😭",2025-03-22 00:09:01+00:00,negatif
"gua lebih percaya TNI ,apapun kebijakan pak prabowo saya setuju 😁 ,dari dlu TNI udah di percaya masyarakat",2025-03-21 23:56:04+00:00,negatif
ginii amat masa remaja gua...😓,2025-03-21 23:44:21+00:00,positif
"negara terkocak, Indonesia😹😹",2025-03-21 23:41:04+00:00,negatif
negara ini nge copy epep kah?,2025-03-21 23:00:59+00:00,negatif
"pls negara apapun, tolong pungutan gw",2025-03-21 23:00:46+00:00,positif
katanya konser konser ga dibolehin dan gaakan ada,2025-03-21 22:54:55+00:00,netral
intinya rakyat harus demo besar besaran,2025-03-21 22:46:58+00:00,negatif
NEGARA MACAM APA INI ANJJJJJJ,2025-03-21 22:30:12+00:00,positif
#indonesiagelap,2025-03-21 22:29:51+00:00,positif
bukan kah ini negara demokrasi,2025-03-21 22:11:39+00:00,negatif
pa prabowo kemana dah?,2025-03-21 22:01:48+00:00,netral
LAMA LAMA GUA PINDAH KE KOREA,2025-03-21 21:53:22+00:00,negatif
takuttt.,2025-03-21 21:48:42+00:00,negatif
masa muda engga tenang jir🗿,2025-03-21 21:48:01+00:00,netral
ttp g paham,2025-03-21 21:45:20+00:00,netral
gen z diberi cobaan,2025-03-21 21:40:58+00:00,negatif
ga kebayang sklh bawa sg panjang sm parafal🤭,2025-03-21 21:39:07+00:00,netral
katanya negara demokrasi... kok gini🙄,2025-03-21 21:18:22+00:00,negatif
yaallah nanti klo malam Lailatul Qadar tolong kabulkan doa hamba yaallah...😞,2025-03-21 21:14:15+00:00,negatif
rasanya pen pindah negara sumpah 😭😭,2025-03-21 20:42:22+00:00,negatif
#TOLAKRUUTNIGARISKERAS,2025-03-21 16:24:12+00:00,negatif
siapin bahasa mari pindah negara ☺️,2025-03-21 15:42:28+00:00,negatif
dibilang #kaburajadulu,2025-03-21 15:34:03+00:00,negatif
gen z jadi bahan percobaan mulu dah😊,2025-03-21 15:32:23+00:00,netral
jadi kerajaan,2025-03-21 14:41:39+00:00,positif
"ga lama lagi, indonesia mirip mexico, sama seperti berurusan dengan kasus narkoba, ikut'an besoknya ilang 😹",2025-03-21 14:26:58+00:00,negatif
malay claim aku pliss😞,2025-03-21 13:37:20+00:00,negatif
lama lama kaya korea utara,2025-03-21 13:36:20+00:00,netral
bener bener Indonesia gelap,2025-03-21 13:34:15+00:00,negatif
wah makin kacau ni negara🗿🗿,2025-03-21 13:33:31+00:00,negatif
@•``only lala``•>< @Andy🍒🎧🎸 @zaa,2025-03-21 12:55:48+00:00,negatif
pusing mikirin negara ini:(🔥,2025-03-21 12:48:24+00:00,negatif
iriii akyu Ama kakak we yg mau pindah kerja di jepang 😭,2025-03-21 12:36:01+00:00,negatif
Indonesia adalah taman bunga yang indah namun banyak duri bertebaran,2025-03-21 12:14:49+00:00,netral
"•lulusan covid
•kurikulum percobaan
•un percobaan
•pertamax = pertalite
•orde baru
gini amat masa pertumbuhan gw",2025-03-21 12:09:02+00:00,positif
"yah selamat, ini pemerintahan pilihan kalian 🗿🗿🗿",2025-03-21 11:57:57+00:00,positif
apakah ini adalah hilangnya sila ke 4? 🥺,2025-03-21 11:55:18+00:00,negatif
AMAN BANG SEBENTAR AJA ITU. NANTI AKU RUMBLING KOK DUNIA INI,2025-03-21 11:40:40+00:00,negatif
@✿Mochiiツ✲ @Rinn→,2025-03-21 10:55:23+00:00,negatif
lama² jadi Korut nih negara🗿,2025-03-21 10:39:20+00:00,negatif
@Nooooo @ꦑꦂꦠꦶꦏꦯꦫꦶ,2025-03-21 10:18:59+00:00,negatif
apa saatnya gen z ikut trend #KaburAjaDulu? 😭,2025-03-21 09:41:08+00:00,negatif
yg ngesahin DPR bukan sih ini?,2025-03-21 09:27:56+00:00,negatif
pak prabowo kemana 😔?,2025-03-21 08:54:58+00:00,negatif
@dustypink @Oyen @Alfa @lesyeuxica @Jie @——,2025-03-21 08:20:26+00:00,positif
berapa tahun lagi sih prabowo,2025-03-21 07:52:04+00:00,netral
"apa apaan anj,baru juga besok lulus mau ngerasain dunia kerja eh ko malah kaya gini😭",2025-03-21 07:39:55+00:00,negatif
Dpr yang paling bener emang cuma dpr ian😭😭,2025-03-21 06:39:06+00:00,positif
"lebih giat kerja yok,biar cepet cepet pindah negara",2025-03-21 06:37:54+00:00,negatif
Dukung RUU TNI 🤎,2025-03-21 05:28:05+00:00,positif
Kirain udah merdeka🥲,2025-03-21 05:11:25+00:00,negatif
kita rakyat kita punya kuasa,2025-03-21 04:53:55+00:00,positif
tolak ruu tni,2025-03-21 04:50:34+00:00,positif
pindah negara aja udah,2025-03-21 04:50:31+00:00,negatif
"ini negara rakyat woy
bukan tni",2025-03-21 04:43:49+00:00,negatif
@Adindasyaw:Itu DPR kn ngewakilin suara rakyat? rakyat mana yang mereka suarain?,2025-03-21 04:37:22+00:00,negatif
Mengguntungkan mereka tidak untuk kita,2025-03-21 04:27:05+00:00,negatif
ini Malaysia gaada niatan ngeklaim gw kah?,2025-03-21 04:24:33+00:00,negatif
#TOLAKREVISIRUUTNI,2025-03-21 04:17:06+00:00,negatif
nyesel kan kalian🗿 dan terjadi lagi yg dulu dulu🗿,2025-03-21 04:15:33+00:00,netral
Fungsi DPR ??,2025-03-21 04:13:52+00:00,negatif
ternyata Indonesian suka nostalgia ya🤭,2025-03-21 04:08:57+00:00,netral
"makin lama makin stres nih negara, lebih stres dari orang yg selalu ngehayal husbu/waifu nye🗿",2025-03-21 04:02:22+00:00,negatif
kita butuh vigilante,2025-03-21 03:46:23+00:00,negatif
ada yg mau ikut ke Jepang? 🗿,2025-03-21 03:44:57+00:00,negatif
guys belajar yang rajin ya. . .,2025-03-21 03:41:13+00:00,netral
paling bener gue pindah ke korea aja😔,2025-03-21 03:40:30+00:00,positif
giliran gini gercep lu dpr,2025-03-21 03:39:32+00:00,netral
"namanya doang negara demokrasi, aslinya😒😒",2025-03-21 03:37:57+00:00,negatif
pindah Negara dah,2025-03-21 03:34:43+00:00,negatif
"ngedenger ni berita gw tb² sesek nafas jirr, hidup gw gini amat ya Allah😭😭",2025-03-21 03:20:43+00:00,netral
steven wongso:waduh💀💀,2025-03-21 03:16:25+00:00,positif
make nih negara,2025-03-21 03:16:16+00:00,negatif
#TOLAKRUUTNI,2025-03-21 03:13:28+00:00,negatif
cita cita gw hancur lebur padahal minat tni buat nerusin bapak gw malah hancur,2025-03-21 03:09:07+00:00,negatif
"ga ngerti,jelasin sesingkat singkatnya tolong😭",2025-03-21 03:05:30+00:00,netral
@witaa @QCㅤ|ㅤCchiznō @ꜰʀɪꜱCa`ʟᴏᴠꜱꜱ mau pindah negara wesss 🥹🥹🥹,2025-03-21 03:03:30+00:00,negatif
maksudnya rakyat gak punya hak bersuara gitu?,2025-03-21 02:58:44+00:00,negatif
negara anj,2025-03-21 02:56:12+00:00,positif
padahal gw pgn hidup tenang😌,2025-03-21 01:58:21+00:00,netral
mau hidup aja nggak tenang bgt ya allah ada aja gebrakan😭,2025-03-21 01:56:13+00:00,negatif
jngn smpe terjadii woiii mna mama gue uda wanti wanti bakalan kaya jaman soeharto lagi😭,2025-03-21 01:55:25+00:00,negatif
dpr:hama,2025-03-21 01:41:19+00:00,netral
negara tlol,2025-03-21 01:13:18+00:00,positif
gkpp daripada polisi😂,2025-03-21 01:07:06+00:00,positif
Rocky gerung pun tertawa melihat ini😁,2025-03-21 00:49:03+00:00,positif
@✮ @⭐️😞😞,2025-03-21 00:35:11+00:00,positif
"negara lawakk😹, gw dari russia kalian dari mna",2025-03-21 00:25:27+00:00,negatif
Indo kek drakor ada-ada aja,2025-03-21 00:23:10+00:00,netral
wes ora mudeng,2025-03-21 00:22:56+00:00,netral
GUWA MAU PINDAH😭,2025-03-21 00:06:43+00:00,negatif
orde baru part2😤😤😤,2025-03-21 00:05:43+00:00,positif
dpr (dewan perwakilan rakyat?)cih😂😂,2025-03-20 23:56:49+00:00,positif
mumpu 10 malam terakhir ayo kita berdoa agar masa depan kita cerah serta masuk surga🙏🤲,2025-03-20 23:53:34+00:00,positif
", Jepang kyk lagi ngegodain gua gk sih",2025-03-20 23:46:04+00:00,negatif
battle royale bertempur dengan gaya anjay wkwk,2025-03-20 23:40:11+00:00,positif
gw gk tau apa²🗿,2025-03-20 23:30:43+00:00,positif
takut gue hilang anjirr,2025-03-20 23:19:32+00:00,negatif
saran toko rompi anti peluru🗿,2025-03-20 23:02:38+00:00,negatif
DPR sama presiden beda alur ygy,2025-03-20 22:57:35+00:00,netral
"ayok rakyat Indonesia jangan diem aja donk karna "" kekuasaan tertinggi berada di tangan rakyat """,2025-03-20 22:44:15+00:00,negatif
"udah jepang lgi cari warga yg mau tinggal diperdesaan dan dibayar 500jt yen, walau diperdesaan ada obake asal yg tinggal rame jngn takut dri pda tinggal di indo skrng🗿",2025-03-20 22:27:35+00:00,negatif
makin takut tinggal di Indonesia sumpah,2025-03-20 22:09:45+00:00,negatif
harusnya nih Indo kayak korea ada wajib militer jadi biar enak nih,2025-03-20 22:07:27+00:00,negatif
"DPR dipilih rakyat, ya gmn ya, km rakyat terpaksa mlih krn yg nyalon jg kn org ny masih dlm itu"" aj 😌🙏",2025-03-20 21:54:08+00:00,negatif
efek ga ada gawe di markas,2025-03-20 21:53:01+00:00,positif
"banyak amat program di bikin biar masyarakat membaik, padahal yang bikin buruk tikus korupsi🤭",2025-03-20 21:52:59+00:00,negatif
jepang kosong pindah yu,2025-03-20 21:51:13+00:00,negatif
"bang sehat-sehat ya bang jaga diri, stay safe",2025-03-20 21:08:34+00:00,negatif
gs lier aingah😭,2025-03-20 21:07:44+00:00,netral
makin yakin mau pindah negara gwe😒,2025-03-20 20:55:59+00:00,negatif
Konoha konoha,2025-03-20 20:22:30+00:00,netral
IHH KALO GA PINDAH NEGARA GW MAU JADI DPR AJA DEH BIAR IDUP DAMAI.,2025-03-20 20:06:58+00:00,negatif
Indonesia Bubar 2030,2025-03-20 19:36:07+00:00,negatif
"pak jokowi: ""keranjang kuning""
pak prabowo: ""cek out""
kejaksaan: ""kurir""
nenek: sewa mahasewa
🗿",2025-03-20 19:03:52+00:00,positif
"semua karena PDIP
PDIP lah yg menyetujuinya dgn perantara PUAN sebagai ketua DPR",2025-03-20 18:57:41+00:00,negatif
mau pindah negara😭,2025-03-20 18:43:59+00:00,negatif
kok gak ada yang up video nangis dawai kayak dulu padahal ini sedih banget tragis 😢,2025-03-20 18:32:17+00:00,negatif
ORDE BARU SEASON 2,2025-03-20 18:17:40+00:00,positif
bang bisa spill bajunya nggaaa?😂,2025-03-20 18:06:54+00:00,negatif
apapun itu naikin gaji damkar🗿⚡,2025-03-20 17:49:12+00:00,negatif
@sheii @cici🧜🏻‍♀️ @yain bae lah,2025-03-20 17:24:33+00:00,negatif
Ya allah😭,2025-03-20 17:10:55+00:00,positif
ini malaysia gamau klaim gue tah,2025-03-20 17:01:13+00:00,netral
capek bgt sm indonesia😭,2025-03-20 16:53:35+00:00,positif
@୨ৎ  ֺ  s𝒉aa ⸼ 🩰 @ㅤ──┄  诺拉 ini lho,2025-03-20 16:41:39+00:00,positif
"ruu perampasan aset, yang di rampas aset rakyat? menyala ketua DPR",2025-03-20 16:27:28+00:00,negatif
Pangalihan isu 5 kuadriliun bang wkwkwkwk,2025-03-20 16:20:31+00:00,positif
negara kocak y gini,2025-03-20 16:02:13+00:00,positif
demokrasi trnyata dekorasi doang,2025-03-20 15:59:25+00:00,negatif
gak ketolong lagi ni negara,2025-03-20 15:33:58+00:00,negatif
mari kita pindah ke negeri lain,2025-03-20 15:33:18+00:00,negatif
itu gc banget anjir emang siapa yang mengusulkan sih itu peraturan nya? tbtb banget sah sah bae 🗿,2025-03-20 15:29:40+00:00,negatif
YA ALLAH PEN PINDAH,2025-03-20 15:16:14+00:00,negatif
kaum 58 ga akan faham,2025-03-20 15:15:44+00:00,negatif
tergantung atasannya. orde baru atasannya kan bukan Prabowo 💀,2025-03-20 15:10:45+00:00,negatif
kirain prabowo beda ga taunya season dua dari jokowow,2025-03-20 15:08:59+00:00,netral
dpr wakilin siapa sii??,2025-03-20 15:02:39+00:00,negatif
kayaknya bener sih kalau indonesia gel**😳,2025-03-20 13:29:09+00:00,netral
Ada aja gebrakannya stlh 02 menjabat😌,2025-03-20 13:20:03+00:00,netral
00:13 nolak keras apakah bubur ayam bang ? 🗿😁,2025-03-20 13:06:43+00:00,negatif
makin semangat yang mau ke luar negeri,2025-03-20 13:02:53+00:00,positif
mana yg milih oke gas hahaha,2025-03-20 12:55:14+00:00,netral
DPRI = Dewan Perwakilan Rakyat Indonesia,2025-03-20 12:21:13+00:00,positif
bang snbp apaan si gak ngerti gw,2025-03-20 12:02:46+00:00,negatif
gimana prabotol kn termasuk orang yg terlibat kejadian trisakti makanya dia terapkan itu .😂,2025-03-20 11:55:28+00:00,negatif
Kok aku makin pusing dan ga betah banget tinggal di Indonesia,2025-03-20 11:42:12+00:00,negatif
komennya....,2025-03-20 11:41:14+00:00,netral
aduh,2025-03-20 11:32:43+00:00,positif
apakah petrus bakal aktif lagi?,2025-03-20 11:10:30+00:00,negatif
"""2045 negara emas"" they said😂",2025-03-20 11:09:29+00:00,positif
Ohh brrti yang yg bikin tu dpr ? Yg ngesahin dia? (Tanya dengan nada lapar),2025-03-20 10:52:27+00:00,negatif
pilihan siapa kmren,2025-03-20 10:26:40+00:00,positif
"Tamtama Bintara: Jangan salahkan kami, kami tidak mendapat keuntungan apapun. Kami bersedih bila suatu saat kita berhadapan dengan Rakyat.",2025-03-20 10:24:33+00:00,negatif
bentar lagi Indonesia bakal ada wamil kayaknya,2025-03-20 10:15:07+00:00,netral
sini daftar pindah negara,2025-03-20 09:47:48+00:00,negatif
"bukan pake pikiran tapi pake otot, itu yang bahaya",2025-03-20 09:35:55+00:00,negatif
dukung RUU TNI,2025-03-20 08:59:54+00:00,positif
"netral kali ya?
bapak ku TNI tapi ak kasihan",2025-03-20 08:51:00+00:00,negatif
#kabur aja dulu emang berdasar njir,2025-03-20 08:32:42+00:00,negatif
@ulfaerichan @jake wkwkwk,2025-03-20 08:10:47+00:00,negatif
dpr itu perwakilan siapa sih😩,2025-03-20 08:01:41+00:00,positif
terlambat udah sah 😌,2025-03-20 07:59:25+00:00,negatif
beda nya ama korut apa🗿,2025-03-20 07:42:39+00:00,netral
tolak RUU TNI 🥳🔥🔥,2025-03-20 07:30:57+00:00,positif
Asli Indo gelap banget,2025-03-20 07:05:58+00:00,negatif
"emang bahaya,,,,tolak keras bang,,,",2025-03-20 06:48:08+00:00,negatif
seruuu lah,2025-03-20 06:17:59+00:00,negatif
"kacau balauuu ,,negarakuu inii,,,(salahsatu kata lagu Slank)",2025-03-19 22:24:57+00:00,negatif
"dpr apaan udh setuju, yaallah hukumlah mereka yang merugikan kita rakyat ini ya Allah, aku mohon🥲",2025-03-19 12:26:49+00:00,negatif
Isinya pendukung anis semua,2025-03-19 12:04:54+00:00,negatif
Rakyat mana sih yg pengen Ruu tni ini? DPR kan dewan perwakilan rakyat,2025-03-19 11:36:03+00:00,negatif
ada apa dengan negara ini?,2025-03-19 07:07:08+00:00,netral
gua sih ga peduli gimanapun gw ttp iya aja selama ini kek yaudahlah😃,2025-03-19 04:31:28+00:00,netral
"bang buat film
""tuhan, knp aku WNI""",2025-03-19 04:09:58+00:00,positif
sayangnya gw ga percaya sama si panji 🤣🤣,2025-03-19 00:37:43+00:00,netral
leave this fvckkn damn country guyss,2025-03-19 00:28:34+00:00,negatif
bau bau revolusi,2025-03-18 23:44:10+00:00,positif
mau jadi kaya Korea Utara kali🗿,2025-03-18 23:18:21+00:00,netral
DPR GUYS KAYAKNYA PENGEN PERMAININ ERA SEKARANG DPR TANDAIN,2025-03-18 23:11:59+00:00,positif
singkat saja: Dwifungsi ABRI 2.0,2025-03-18 22:28:04+00:00,netral
bang bahas stnk mati 2 tahun kendaraan di sita,2025-03-18 22:16:01+00:00,negatif
Bang bahas yang lagi viral di gunung Bromo 😹,2025-03-18 22:09:06+00:00,negatif
Waduhhh makin merambah kemana mana halo dek,2025-03-18 22:07:25+00:00,netral
"RUU TNI DIKEBUT
RUU PERAMPASAN ASET di tolak",2025-03-18 21:31:51+00:00,negatif
pasti yg kena prabowo lagi🗿,2025-03-18 21:08:37+00:00,positif
mending gitu,2025-03-18 19:18:17+00:00,positif
bersykur ga ngerasain orde baru eh ujung² nya..,2025-03-18 15:51:12+00:00,negatif
capek hidup di indo gelap bgt semoga punya kehidupan yg baik tinggal di makkah dan menjadi warga sana,2025-03-18 14:57:13+00:00,positif
yang gue tangkap dari ini adalah jika RUU TNI di sahkan semua media dan orang mengkritik akan di tindak dengan senyap TNI gak mungkin bisa bertindak,2025-03-18 14:50:08+00:00,negatif
bg bahas tanaman singkong di bromo,2025-03-18 14:19:44+00:00,positif
bahas ladang yg di bromo bang,2025-03-18 14:14:03+00:00,negatif
rakyat bersama Damkar 🔥👍🏼,2025-03-18 12:57:20+00:00,positif
@ëcaaִ𖤐 @dep @جيهان,2025-03-18 12:03:04+00:00,positif
negara lucuu🤣,2025-03-18 11:52:30+00:00,positif
negara demokrasi rasa Korut 😌,2025-03-18 11:37:29+00:00,negatif
tiap warga sipil demo didenger kaga si sebenernya?,2025-03-18 11:35:51+00:00,negatif
"kok curiga iya kek nya DPR banyak yg korupsi, perampasan aset hening teruss mau ngebut ruu tni",2025-03-18 11:17:11+00:00,negatif
tentara vs polisi sabung ayam,2025-03-18 08:28:34+00:00,netral
gebrakan yang selalu bikin masyarakat sipil terkejut,2025-03-18 08:19:43+00:00,negatif
kesalahan terbesar gua adalah balik lagi ke Indonesia tau gitu mending ikut mama tinggal di Madinah aja😭😭,2025-03-18 08:15:48+00:00,negatif
bang bahas ada ladang di gunung bromo,2025-03-18 08:07:08+00:00,negatif
bang kasus kasus yang banyak kemaren dah tenggelam kah ?,2025-03-18 08:03:56+00:00,negatif
"wkwk gw udh feeling si semenjak 02 menang keknya bklan ada orde baru season 2, gokilll",2025-03-18 07:56:11+00:00,negatif
"iyalah jelas, pak prabowo kan sedang farming jadi mereka takut 😁",2025-03-18 07:51:10+00:00,negatif
pelawak skrng seolah jdi pengamat yang berpengalaman,2025-03-18 07:39:22+00:00,positif
lama lama indo jadi Korut 🗿,2025-03-18 07:37:41+00:00,negatif
kata nya nanti kek myanmar,2025-03-18 07:33:27+00:00,negatif
ini ketakutan gua pas pilpres kemaren kalo pak prabowo jadi presiden,2025-03-18 07:32:52+00:00,negatif
kebiasaan dpr takut ketahuan korupsi nya bikin revisi UU TNI diem²,2025-03-18 07:32:32+00:00,negatif
serah gw mending latihan boxing,2025-03-18 07:25:52+00:00,netral
"yang cape tinggal di indo pindah ke Malaysia atau Singapura aja dah, gaji lebih tinggi dan negara mereka lebih maju",2025-03-18 07:09:55+00:00,negatif
Negara goblok,2025-03-18 07:09:25+00:00,positif
"RUU TNI itu berbeda dengan orde baru, tapi sama para pembenci di paksa di sambung sambung kan 😅😅",2025-03-18 07:01:52+00:00,netral
omke gams😝,2025-03-18 06:54:07+00:00,netral
"sebelum RUU polisi yg ditakuti masyarakat
stelah RUU tentara yg ditakuti masyarakat
begitukah pointnya 😳",2025-03-18 06:41:17+00:00,negatif
Ya allah pgn pindah negara tapi gk punya uang😌,2025-03-18 06:35:12+00:00,negatif
kalau negara makin hancur aku bakal berusaha pergi ke negara lain ku Bawak kluarga ku,2025-03-18 06:34:51+00:00,negatif
"Indonesia emas❌
Indonesia cemas ✅",2025-03-18 06:25:03+00:00,positif
nanti jadinya tentara dwifungsi 😥,2025-03-18 06:24:42+00:00,netral
sekarang STNK ga bayar 2 tahun motor kena sita gimana lah Indonesia sekarang 😔,2025-03-18 06:20:58+00:00,negatif
tkut bgt kunci merdeka Indonesia pecah pecah😭😭,2025-03-18 06:08:46+00:00,negatif
mana mahasewa yg demo?,2025-03-18 06:07:23+00:00,negatif
"yang lu jelasin harus nya isi dari ruu nya bukan malah ngejelasin orde baru,lu harus tau apa itu ruu tni,",2025-03-18 05:30:57+00:00,negatif
"terimakasih banyak bng, sudah ikut menyuarakan",2025-03-18 05:29:32+00:00,positif
saya setuju ruu tni 🙏,2025-03-18 05:27:43+00:00,negatif
Tolak RUU TNI🔥🔥,2025-03-18 05:25:36+00:00,positif
ke 30,2025-03-18 05:20:07+00:00,netral
di sni aku juga bisa liat negara terangga kita Malaysia LEBIH bagus walaupun sering di hujat ama warga +62,2025-03-25 20:03:25+00:00,netral
"Persiapkanlah senjata kalian masing-masing kawan, kita harus bertahan di era ini , setelah era ini kita lihat siapa saja yang dapat bertahan. (salam dari saya Alan). DPR Bab1 sejarah",2025-03-25 16:53:19+00:00,positif
#tolakruutni,2025-03-25 16:37:51+00:00,negatif
"Persiapkanlah senjata kalian masing-masing kawan, kita harus bertahan di era ini , setelah era ini kita lihat siapa saja yang dapat bertahan. (salam dari saya Alan)",2025-03-25 16:32:41+00:00,positif
"klo orangnya hilang, Indonesia gak punya penduduk lagi ya",2025-03-25 13:27:22+00:00,negatif
#TOLAKRUUTNI,2025-03-25 12:17:30+00:00,negatif
DPR² (Dewan Penyiksa Rakyat),2025-03-25 10:13:14+00:00,positif
"ternyata dizaman orde baru dulu, tentara lebih mengerikan daripada polisi zaman skrg😔",2025-03-25 07:31:57+00:00,netral
penyesalanku adalah terlahir di negara ini😭（┬┬＿┬┬）,2025-03-25 06:29:37+00:00,positif
Tolak RUU TNI🥺 malah takut kalau memang di jalanin,2025-03-25 04:54:26+00:00,netral
"ada orde, ada reaksi
orde reaksi aku gk sanggup 🙏😭",2025-03-25 04:30:26+00:00,negatif
liat @Ghani Yoseph,2025-03-25 04:29:31+00:00,positif
masih belum ngerti tapi takut,2025-03-25 03:08:05+00:00,negatif
Semoga dipermudahkan segala urusan Rakyat Indonesia..salam sayang dri Malaysia...kita serumpun...jiran dlm masalah..kami turut dukacita dn mendoakan yg terbaik ntuk kalian♥️,2025-03-25 02:23:09+00:00,negatif
udah 98 lagi aja,2025-03-25 01:17:59+00:00,negatif
"@mang_028:RUU TNI yg disahkan puan itu nambah lembaga yg bisa dimasuki dari 10 jadi 14 dan udah ada batas"" umurnya terus TNInya tetep ga boleh berpolitik gitu ga si?",2025-03-25 01:05:15+00:00,negatif
kayak gimana itu ruu tni gak tau sumpah,2025-03-25 00:36:41+00:00,negatif
8 agustus 2028,2025-03-24 23:12:49+00:00,negatif
kami butuh sekelompok revolusioner,2025-03-24 22:26:09+00:00,netral
ruless https ya bro😹,2025-03-24 19:59:53+00:00,positif
ini knp si?🗿,2025-03-24 17:08:46+00:00,negatif
"bang, bahas kasus kim soo hyun udah belum?",2025-03-24 14:53:06+00:00,negatif
cpe bgt am ni negara dh ampunnn,2025-03-24 14:41:01+00:00,negatif
makin g maju maju nii negara,2025-03-24 13:37:56+00:00,positif
#TolakRUUTNI! 🔥,2025-03-24 13:31:22+00:00,negatif
"diam ga guna, bergerak nyusahin rakyat",2025-03-24 13:18:39+00:00,positif
maaf bang tp aku g paham😭🙏🏻,2025-03-24 12:48:21+00:00,negatif
gunanya dpr apansih?,2025-03-24 12:44:27+00:00,netral
DPR BANGSA....T,2025-03-24 12:05:28+00:00,positif
@FIZZ orang nya hilang loh ya 😹,2025-03-24 11:43:28+00:00,negatif
orang2 Disini pada Sekolah gasihhh😂🤣🤣 padahal posisi yg bisa diduduki hanya di lingkup pertahanan yakali diisi SM orang2 letoy😂🤣🤣,2025-03-24 11:17:43+00:00,negatif
😂😂😂,2025-03-24 11:04:35+00:00,positif
ini Indonesia apa korut yak😹,2025-03-24 10:56:31+00:00,negatif
RUU sah?? lansung jadi Indonesia Utara wak😂😂😂,2025-03-24 10:50:32+00:00,negatif
cpe bgt tinggal di indoo,2025-03-24 10:39:24+00:00,positif
jadiin Indonesia seperti meksiko,2025-03-24 10:34:00+00:00,netral
takut ketahuan korupsinya itu makanya langsung ambil tindakan gitu soalnya banyak kasus korupsi terbongkar,2025-03-24 10:22:31+00:00,negatif
lama lama Indonesia jadi Korea utara,2025-03-24 10:01:51+00:00,netral
"belom sempet sukses, malah denger berita kya gini",2025-03-24 10:01:28+00:00,netral
gak yakin negara ini bakal maju,2025-03-24 09:25:44+00:00,positif
buat negara baru yuk🗿,2025-03-24 08:52:33+00:00,positif
"kata ibu aku enak jamanya pak Soeharto, apa² serba murah, tingkat kejahatan menurun bahkan tidak sama sekali,cari kerjaan sangat mudah.Gak kaya jaman sekarang 😌",2025-03-24 08:22:16+00:00,netral
tolak RUU TNI🔥,2025-03-24 07:47:28+00:00,positif
presiden gk bisa apa² ya?,2025-03-24 07:45:21+00:00,negatif
@—𝘢𝘵𝘶𝘴𝘵𝘶𝘵𝘶𝘵𝘶𓆪 apak mong juga ikut😹,2025-03-24 07:35:53+00:00,positif
negara apa si ini🗿,2025-03-24 07:32:33+00:00,positif
pindah negara aja pindah🗿,2025-03-24 07:30:59+00:00,negatif
ga kebayang sekolah bawa ak flaming draco,2025-03-24 07:29:54+00:00,positif
jadi kayak one piece ini mah tenryubito,2025-03-24 05:52:28+00:00,negatif
#TOLAKRUNNTNI,2025-03-24 04:41:11+00:00,negatif
ini jadi kaya jadi takut dijajah sama warga negara sendiri yang punya jabatan militerisasi gitu? atau gimana,2025-03-24 04:28:49+00:00,netral
Stres gue😭,2025-03-24 04:18:01+00:00,positif
menuju Indonesia (c)emas,2025-03-24 03:51:17+00:00,positif
"pantes #kabur aja dulu,emg negara aneh",2025-03-23 23:50:15+00:00,negatif
berarti sekolah harus pake file ini biar headshot mulu😂😭,2025-03-23 23:39:16+00:00,negatif
makin kacau nih kalau udh gini,2025-03-23 22:51:56+00:00,negatif
batel indo bertempur dengan koruptor🗿,2025-03-23 22:39:27+00:00,negatif
"NEGARA JUGA MILIK RAKYAT!
BUKAN HANYA MILIK PEJABAT!
#TOLAKRUUTNI !",2025-03-23 22:30:06+00:00,negatif
china masih enak kok ges,2025-03-23 21:55:27+00:00,netral
Indonesia hama,2025-03-23 21:50:53+00:00,negatif
TOLAK RUU TNI 🔥🔥🔥🔥,2025-03-23 21:44:10+00:00,positif
ramalan jayabaya kayaknya bakal benar deh 😭,2025-03-23 21:42:04+00:00,netral
berarti Indonesia bukan Negara demokrasi sekarang,2025-03-23 21:25:53+00:00,negatif
#TolakRevisiUUTNI,2025-03-23 21:23:59+00:00,negatif
coba aja gusdur waktu itu gk di gusur pasti dpr udh di apus,2025-03-23 21:21:15+00:00,negatif
"lucu bat ini negara ya, ya allahh",2025-03-23 21:03:14+00:00,positif
masa sekolah bawa AK 2jt🗿,2025-03-23 20:51:10+00:00,netral
lebih baik gua hidup di jaman kerajaan sumpah😌,2025-03-23 19:30:36+00:00,positif
@always Inumaki,2025-03-23 19:21:58+00:00,positif
konohaa makinn anehh negara yang ngak ada yang benar 😆,2025-03-23 19:16:14+00:00,netral
"@123edoy:klian setuju ga gaes, biar ngra kita maju!!!
ini solusi dari dri sya sndiri ya gi mna klo kita 1prekuensi.daerah masing masing
menyumbangkan rumah kerumah 2ribu sehari dngan cra berganti'an.",2025-03-23 18:05:09+00:00,negatif
gatau ah pengen pindah planet,2025-03-23 17:57:58+00:00,negatif
soeharto jir,2025-03-23 17:26:24+00:00,positif
pindah negara aja udah,2025-03-23 17:23:03+00:00,negatif
innalilahi wainnailaihi Raji'un,2025-03-23 16:17:10+00:00,negatif
"kangen keheningan💪🥰 sambil mrnikmati kopi, cape brisik trs slama ini, beres kagak🤗",2025-03-23 16:08:23+00:00,negatif
👍👍👍👍,2025-03-23 15:36:27+00:00,positif
msa remaja gue gni bgt😂,2025-03-23 15:30:44+00:00,positif
"kita hidup di akhir zaman, yg penting kita Cari kerja yg halal, perbanyak ibadah, bahagia kan keluarga, jika pemerintah sampai melakukan tindakan yg kurang pantas,kita sebagai rakyat Harus SegeraSigap",2025-03-23 15:12:51+00:00,positif
Pengen pindah negara tpi gk ada duitt😭😭,2025-03-23 14:44:53+00:00,negatif
pindah yu ke jepang,2025-03-23 14:43:27+00:00,negatif
haduhh gak jelas ini negara urus dulu itu KKB di papua dari dulu sampai sekarang gak selesai2 perangnya,2025-03-23 14:35:09+00:00,negatif
udh paling bnr belajar bahasa asing trs pindah ke luar negeri,2025-03-23 14:31:36+00:00,negatif
Indonesia gelap,2025-03-23 05:41:41+00:00,negatif
order baru Part II 🗿,2025-03-23 05:31:48+00:00,positif
HALO DEK🗿,2025-03-23 05:24:29+00:00,positif
ga kebayang sekolah bawa scar titan,2025-03-23 05:15:20+00:00,positif
serasa di jajah negara sendiri ya,2025-03-23 05:09:43+00:00,positif
yg mau pindah negara disarankan pake jalur resmi ya. jangan kabur2an. nanti dijual orang lu 😭,2025-03-23 05:00:45+00:00,negatif
trnyata tinggal di Malaysia tdk seburuk itu😂🗿,2025-03-23 04:50:10+00:00,negatif
pengen ke jepang Krn disana lagi butuh pekerja #kaburajadulu,2025-03-23 04:48:52+00:00,negatif
RUU TNI = HAMA🚀🚀🚀,2025-03-23 04:48:20+00:00,positif
@🎀 ᝬ 🩰ꜝꜞ 𖦹 ˖࣪، Ꮺ tuh,2025-03-23 04:27:45+00:00,positif
@Khalfani.ar,2025-03-23 04:26:24+00:00,positif
"I HATE RUU TNI
I HATE RUU TNI
I HATE RUU TNI
I HATE RUU TNI
I HATE RUU TNI
I HATE RUU TNI
I HATE RUU TNI
I HATE RUU TNI
I HATE RUU TNI
I HATE RUU TNI
I HATE RUU TNI
I HATE RUU TNI
I HATE RUU TNI",2025-03-23 04:20:08+00:00,negatif
"bang, apa hubungan nya sma kpop? soal nya pada g trima gitu",2025-03-23 04:18:33+00:00,netral
gini amat masa remaja gua😏,2025-03-23 03:59:19+00:00,positif
ga ada yang bahas RUUKUHAP?,2025-03-23 03:56:45+00:00,negatif
bubar kan DPR,2025-03-23 03:55:15+00:00,netral
"#DUKUNG MAHASISWA
#TOLAK RUU TNI.",2025-03-23 03:50:27+00:00,positif
@indahtursina>_<,2025-03-23 03:38:47+00:00,positif
pemilih 02 tuh mikirnya apa duluh😏😏😏,2025-03-23 03:35:33+00:00,negatif
"gimana nasib gw lagi dengerin lagu K-Pop malah di tangkap 🗿
@lU:Shoon(Elsa) @Triiiiiiiiiiiiiiii🍭",2025-03-23 03:25:04+00:00,netral
enakan jaman jama Jokowi masih jadi presiden 😓😓,2025-03-23 03:08:59+00:00,positif
DIMANA KEADILAN?,2025-03-23 03:05:36+00:00,negatif
Prabowo emang gak bisa berbuat apa-apa tah? 😔,2025-03-23 03:02:15+00:00,netral
gua mau pindah aja bang ke luar negri,2025-03-23 02:54:51+00:00,negatif
tragedi petrus bakal ada lagi ni kayaknya,2025-03-23 02:40:53+00:00,negatif
"masih ga ngerti dh bg, belom mudeng gw",2025-03-23 02:08:32+00:00,negatif
udah sah,2025-03-23 01:47:53+00:00,negatif
jago pepeng kan bro?,2025-03-23 01:47:22+00:00,negatif
wallahi vro we're cooked☠️,2025-03-23 01:39:07+00:00,positif
"katanya DPR mewakili suara rakyat, rakyat yg mana???",2025-03-23 01:34:22+00:00,negatif
mending ke jepang aja,2025-03-23 01:34:18+00:00,negatif
tapi anak saya usahakan jadi komando,2025-03-23 01:29:53+00:00,netral
@piwʚɞ @Irvan_hasans @evaavhaa @BanGHaaN,2025-03-23 01:23:35+00:00,positif
yok yok aku sniper😁🗿,2025-03-23 01:15:28+00:00,negatif
ruu tni pler,2025-03-23 00:56:57+00:00,positif
jadi g mau jadi TNI lagi,2025-03-23 00:43:33+00:00,negatif
apa bakal balik ke era pak Soeharto ya,2025-03-23 00:42:45+00:00,positif
pindah negara yuk,2025-03-23 00:37:51+00:00,negatif
paling bener pindah negara semua dah 🗿,2025-03-23 00:36:51+00:00,positif
udh kayak Meksiko aja ni negara,2025-03-23 00:30:31+00:00,negatif
#TOLAKRUUTNI!,2025-03-23 00:30:04+00:00,negatif
);@￶￶￶عَلْيَا ೀ,2025-03-23 00:27:06+00:00,positif
udh lah mau ke Mars aja🚀,2025-03-23 00:19:14+00:00,negatif
besok pindah neraga aja ah🥰,2025-03-23 00:08:04+00:00,netral
"mines bgt anj negara gwa, @𝐑іղαα 𝅄 ꣑ৎ ࣪ㅤ𓈒 pindah ke Jepang je",2025-03-22 23:37:45+00:00,negatif
Indonesia battle royale akan terjadi kalian udah pada beli senjata sama rompi anti peluru infokan dimana belinya gw belum beli njir🗿,2025-03-22 23:29:53+00:00,negatif
ini pengahilan isu korupsi kmaren utu ga? ( gua nanya ),2025-03-22 22:50:54+00:00,negatif
"#DUKUNG MAHASISWA
#TOLAK RUU TNI.",2025-03-22 22:42:33+00:00,positif
Laa haula walaa quwwata illa billah,2025-03-22 22:40:51+00:00,negatif
"presiden kemana dah, malah ganti presiden kok kayak gini",2025-03-22 22:32:33+00:00,negatif
ajak pemerintah isian🔥🔥,2025-03-22 22:22:03+00:00,positif
@𝓈𝒶𝓈𝒶 @finahh @m!taw @micell @kysha @khalisa putri aprilia,2025-03-22 22:17:35+00:00,negatif
"ini Indonesia punya kita semua bukan punya pejabat masa negara ini punya dia kan gak adil #tolak RUU TNI
#tolak RUU TNI
#tolak RUU TNI
#tolak RUU TNI",2025-03-22 22:06:24+00:00,negatif
minta ke Allah kan malam Lailatul Qadar,2025-03-22 22:01:33+00:00,positif
yok pindah negara 🥰,2025-03-22 19:27:54+00:00,negatif
Fiks pindah negara,2025-03-22 19:23:41+00:00,negatif
"DPR gak kunjung mengesahkan UU perampasan aset,malah RUU TNI yg dikebut apakah DPR korup semua jadi kebut RUU TNI biar yg speak up atau yg ngebonkar hilang semua🤣🗿",2025-03-22 18:22:56+00:00,negatif
pasti yang ngesahin duta korupsi,2025-03-22 18:13:20+00:00,negatif
"""menuju Indonesia emas""😹😹",2025-03-22 18:07:18+00:00,positif
"aku masih ga ngerti apa ruu TNI , yg pinter jelasin dung 😭",2025-03-22 18:05:02+00:00,negatif
otw pindah negaraa,2025-03-22 17:44:06+00:00,negatif
jadi dunia epep,2025-03-22 17:35:10+00:00,positif
udah kaya korea utara aja di buat sekarang,2025-03-22 16:59:21+00:00,negatif
yang penting bisa napas aja alhamdulilah di Indonesia era skrg 😭😭,2025-03-22 16:56:41+00:00,positif
penge sah an sebuah uu butuh vote dari rakyat bukan penjabat😹🫢,2025-03-22 16:55:51+00:00,negatif
#TOLAKRUUTNI,2025-03-22 16:45:24+00:00,negatif
DPR Pengen RU TNI biar mereka semakin bebas KORUPSI,2025-03-22 16:23:07+00:00,negatif
kalau kaya gini makin susah dong cri krja?,2025-03-22 16:19:06+00:00,negatif
ini nih yang bikin gua males anj,2025-03-22 16:16:44+00:00,negatif
"JANGAN LUPA SAMA RUU YANG LAINNYA GESSS
RUU KUHP
RUU POLRI
RUU KEJAKSAAN",2025-03-22 16:16:32+00:00,netral
STRES PLC😔,2025-03-22 16:09:53+00:00,positif
@alzzz5 maksud na kieu lin,2025-03-22 16:06:59+00:00,netral
bubarkan aja DPR Itu,2025-03-22 16:04:17+00:00,negatif
#TOLAKRUUTNI,2025-03-22 15:54:06+00:00,negatif
takutt😢,2025-03-22 15:31:33+00:00,positif
ni negara apa sih?😭,2025-03-22 15:31:15+00:00,negatif
@☠️🥶nasya☠️🥶,2025-03-22 15:25:31+00:00,positif
"semua orang punya suara untuk mengkritik pemerintah jika itu engga bagus dan engga baik buat negara dan kita apa salahnya kita untuk bersuara,sini biar gw kasih tahu kalau RUU TNI di sah kan yang akan terjadi adalah pertama tama gw bakalan kasih tahu apa itu RUU TNI, RUU TNI adalah (Rancangan Undang-Undang Tentara Nasional Indonesia) adalah sebuah rancangan undang-undang yang bertujuan untuk mengatur dan memperkuat keberadaan TNI, sebagai lembaga pertahanan dan keamanan negara, biar
gw singkat aja yaa, jadi TNI bisa menduduki posisi jabatan sipil, walaupun jabatan itu tidak ada kaitannya sama militer, jadi ituu bisa membuat TNI bisa lebih berkuasa dari pada rakyat sipil, bayangin aja lu lagi kerja tapi bos lu seorang tentara yang bawa senjata gimana engga gentar dan takut kalau ngelawan atau gimana bisa di dor atau ilang lu nya, jadi simpel nya lu engga bisa ngekritik pemerintah, gimanapun cara nya, pemerintah lebih unggul dari lu dan kalau ketahuan ngekritik pemerintah lu bisa di adil in, terus lu bisa di siksa apa lah semacam nya lah, jadi RUU TNI itu engga bagus banget buat kita, mungkin ada nya RUU TNI ini ada dampak baik nya tapi coba fikirin lagi dampak buruk nya akan lebih banyak, coba kamu liat aja waktu jaman orde Baru yang di mana banyak pemimpin buruk kekejaman di mana mana,mau nolong tapi kebanyakan orang takut buat bersuara, karena saking kejam nya waktu itu, dan waktu itu keadilan engga ada untuk orang yang engga mampu, keadilan cuma dengan yang punya kuasa, sisa nya di cuekin, engga di perhatiin, jadii waktu itu saking kejam nya order baru itu, orang orang bersatu menumbangkan pemimpin pemimpin waktu itu termasuk persiden Suharto, dan kaki tangan nya, dan setelah parah pemimpin itu lonsor, terbitlah order reformasi yang di pimpin oleh gusdur dan lain lain nya, jadi RUU TNI harus di tolak apapun cara nya, jika tidak ingin Indonesia kembali ke masa kelam ituu!!!!!
sekian dari sayaa dan temam teman, bersama kita kawal Indonesia emas",2025-03-22 15:16:08+00:00,negatif
tp yg korupsi sampai ratusan triliunan ga di demo sampai segininya ya 😌,2025-03-22 15:06:54+00:00,negatif
"@scizz:#TolakRUUTNI
#TolakRUUKUHP
#PeringatanDarurat
#TolakDwifungsiABRI
#IndonesiaGelap
#RipReformasi98",2025-03-22 15:03:00+00:00,negatif
curiga Indonesia bakal di jajah negara sndiri🥶🥶,2025-03-22 14:59:51+00:00,negatif
":•lulusan covid
•kurikulum percobaan
•un percobaan
•pertamax = pertalite
•orde baru
gini amat masa remaja kuu",2025-03-22 14:47:02+00:00,positif
"RUU TNI DI SAH-KAN, SENJATA LEGAL UNTUK DI JUAL BELIKAN?",2025-03-22 14:33:56+00:00,negatif
#TOLAK RUU TNI‼️‼️‼️ramein hastag nya guys,2025-03-22 14:23:09+00:00,negatif
TNI orang nya hebat ² tapi semoga saja sama lihat keadaan Rakyat nya amiin 🥲🙏,2025-03-22 13:10:54+00:00,netral
kak langsung inti nya kk soalnya aku gak ngerti,2025-03-22 13:00:43+00:00,negatif
sini ku back semua👇🏻,2025-03-22 12:59:01+00:00,negatif
beli sg 2 evo dmn ya,2025-03-22 12:57:07+00:00,positif
"nyesel blajar pkn, udh tau amandemen cuma 4x. trnyata remedial",2025-03-22 12:56:04+00:00,negatif
dukun indo ngak mau bertindak nih??😂,2025-03-22 12:52:59+00:00,negatif
gak ke bayang gw bawa sg2 alok🗿,2025-03-22 12:48:25+00:00,netral
"gini amat masa remaja gua
serba ga boleh anjr😹",2025-03-22 12:26:05+00:00,netral
ruu TNI apa arti nya gua GK ngerti anjay,2025-03-22 12:25:51+00:00,netral
"bayangin aj lgi nonton series tiba"" ditangkep😭😭",2025-03-22 12:19:29+00:00,negatif
Boleh Masuk Ke Perut Ibu Lagi Kgk Sih? Gw Gk Kuat Kayanya😌,2025-03-22 12:19:19+00:00,netral
"NEGARA JUGA MILIK RAKYAT!
BUKAN HANYA MILIK PEJABAT!
#TOLAKRUUTNI !",2025-03-22 12:16:50+00:00,negatif
turut berduka cita atas meninggalnya pancasila ke 5,2025-03-22 12:14:24+00:00,positif
susah bang DPR nya masih banteng,2025-03-22 12:12:51+00:00,netral
wah kok gini sekarang🥺,2025-03-22 12:05:03+00:00,positif
mari kita berdoa ke allah sama sama di malam LaQadar gw yakin tangal 23 ad di,2025-03-22 12:01:00+00:00,negatif
KK KK Tolong aku takut ga ngerti dan gamao jadi kayak gini😞😞😞 Tolong KK KK ko malah jadi ginii😞😞😞ihhh takuttt takut takuttt gimana gimana ihh takuuttt😞😞😞😞gimanaa kk kk,2025-03-22 11:56:11+00:00,negatif
@F  I  R  A🫠,2025-03-22 11:50:27+00:00,positif
trus kita kudu apa. maap aku gk ngerti,2025-03-22 11:47:46+00:00,negatif
#TOLAKRUUTNI #BOYKOTRUUTNI,2025-03-22 11:45:34+00:00,negatif
kembali lagi episode hilang malam lagi nih,2025-03-22 11:45:15+00:00,negatif
indo lama lama kaya korut anjirr 😭😭😭,2025-03-22 11:44:29+00:00,netral
ga kebayang kemana mana bawa ak 2 juta,2025-03-22 11:42:33+00:00,negatif
ydh pindah negara aja yu.. siapa yng mau ikuttt,2025-03-22 11:40:31+00:00,negatif
"@istri Boboiboy 😵😵‍💫 @icaa✨ @Rosdhinie @nadzifah💋💋 @Riz""art @dew_suka_roger_bauti✓•",2025-03-22 11:40:24+00:00,positif
TNI untuk rakyat😹,2025-03-22 11:39:27+00:00,positif
@partaigerindra,2025-03-22 11:34:48+00:00,positif
#TOLAK RUU TNI‼️‼️‼️‼️‼️,2025-03-22 11:34:38+00:00,negatif
sekolah bawa g18 dong,2025-03-22 11:24:24+00:00,positif
"knp pas ruu perampasan aset pada diem aja, sedangkan ruu TNI langsung pada nolak,",2025-03-22 11:22:41+00:00,negatif
2045 Indonesia emas!! 😞,2025-03-22 08:31:23+00:00,positif
menuju Indonesia emas wkwkw 😹,2025-03-22 08:28:28+00:00,positif
"#TOLAK RUUTNI
#TOLAK RUUTNI
#TOLAK RUUTNI",2025-03-22 08:27:10+00:00,negatif
yang di tangkap itu koruptor bukan kpopers,2025-03-22 08:14:22+00:00,negatif
@Rebecca L. Indonesia rasa korut,2025-03-22 08:11:52+00:00,negatif
parah sih,2025-03-22 08:10:52+00:00,negatif
welcome to korut versi Indonesia,2025-03-22 08:10:13+00:00,positif
"udah disahin anjir sama dpr,si puan anyink",2025-03-22 07:46:43+00:00,negatif
negara apa ini,2025-03-22 07:44:03+00:00,positif
halah ruu tni penutup beberapa kasus koruptor😹😹,2025-03-22 07:40:46+00:00,negatif
katanya dari rakyat untuk rakyat,2025-03-22 07:39:49+00:00,positif
main epep aja ini mah,2025-03-22 07:36:01+00:00,netral
@iiaaayayyaa𓇼 jujur ga paham 🙏🏻🙏🏻,2025-03-22 07:34:43+00:00,negatif
"lama"" gw bawa jg nih sc cupid gw sama kriss cupid",2025-03-22 07:34:25+00:00,negatif
andai sumatra buat negara sendiri ..,2025-03-22 07:18:55+00:00,positif
"Lah, gw ntar maen c.ai gimana ini, kasian suami gw gk ada asupan",2025-03-22 07:17:31+00:00,negatif
buru buru amat mau ada apasi,2025-03-22 07:16:15+00:00,negatif
#TolakRuuTNI,2025-03-22 07:13:16+00:00,negatif
jd pengen ke luarnegri😭,2025-03-22 07:11:32+00:00,negatif
apaan bgt si ni negara,2025-03-22 07:07:44+00:00,negatif
#tolakRUUTNI,2025-03-22 07:05:53+00:00,negatif
"dukung runn TNI, lepas itu beli rompi anti peluru beli senjata ilegal",2025-03-22 07:01:53+00:00,negatif
@Andreaaa @pamell ayo pindah negara 🥰,2025-03-22 07:00:29+00:00,negatif
ga done,2025-03-22 06:58:55+00:00,negatif
TOLAK RUU TNII,2025-03-22 06:58:52+00:00,positif
takut gw jadi TNI 💀🗿,2025-03-22 06:55:47+00:00,negatif
"jd ksian pak prabowo,pak prabowo pusing gk ya?? 😔",2025-03-22 06:54:06+00:00,negatif
Indonesia kenapa si?,2025-03-22 06:52:19+00:00,negatif
@𝓂𝒾𝓁𝑜𝓌𝓎𝓁𝓁 nie coba liat dlu,2025-03-22 06:51:33+00:00,positif
kejadian 1998 s2☠️,2025-03-22 06:51:03+00:00,negatif
KECEWA UDH KECEWA SAMA NEGARA SENDIRI😔.,2025-03-22 06:44:22+00:00,positif
"nggak paham, ada yang bisa simpulkan nggak?",2025-03-22 06:43:30+00:00,negatif
gapaham bg 🗿lansung intinya aja😭,2025-03-22 06:43:09+00:00,positif
lagian kenapa pada pilih pak prabowo sih?,2025-03-22 06:39:55+00:00,netral
Bentar gak ngerti,2025-03-22 06:39:22+00:00,netral
"suatu hari di 2030 : ""bagi pluru sg woyy""",2025-03-22 06:35:04+00:00,negatif
"aku blm dewasa, negara udh gini aja🥲🥲",2025-03-22 06:25:34+00:00,positif
Mamat gunshop: anjayy cairr cairrr📈,2025-03-22 06:23:41+00:00,netral
"#TOLAKRUUTNI
#KORUPSIHAMA",2025-03-22 06:23:24+00:00,negatif
@✭,2025-03-22 06:22:13+00:00,positif
au ah mending kabur ke jepang😹😹,2025-03-22 06:11:06+00:00,negatif
"dua kata ""negara lucu""",2025-03-22 06:08:59+00:00,negatif
otw jadi negara Mexico ini mah,2025-03-22 06:01:16+00:00,positif
"jd tambah pengen ""kabur aja dulu""",2025-03-22 05:25:54+00:00,negatif
masuk surga lewat jalur wni🥰,2025-03-22 05:23:22+00:00,positif
lama' Indonesia bakal kaya Korut keknya 🗿,2025-03-22 05:22:48+00:00,negatif
kita kembali kemasa su harto pada tahun 98 nenek ku pernah cerita soal ini bisa bisa indonesia akan hening dan sunyi tapi hening nya ini bahaya bisa bisa korupsi bisa bebas😭😭😭😭kitagak setujuruutni,2025-03-22 05:21:28+00:00,negatif
makin kesini makin anj ni Negara #tolakruutni,2025-03-22 05:21:10+00:00,negatif
Prabowo 🗿🗿🗿🗿🗿🗿🗿🗿🗿🗿🗿🗿🗿🗿🗿🗿,2025-03-22 05:19:51+00:00,positif
"PADAHAL ANGKATAN PERANG TIDAK BOLEH IKUT-IKUT POLITIK
-soekarno",2025-03-22 05:17:58+00:00,negatif
otw pindah mekah,2025-03-22 05:13:23+00:00,negatif
#TOLAK RUU TNI,2025-03-22 05:08:52+00:00,positif
"kasian bngt yang lahir 2008-2013, yang semangat ya aku juga sekarang ngerasain kok, smngt ya 🥰",2025-03-22 05:08:39+00:00,positif
pantesan RUU di sahkan gara gara biar masyarakat gak bisa cerita 😹🧢,2025-03-22 05:04:03+00:00,negatif
itulah alasan aceh minta pisah dari Indonesia,2025-03-22 05:00:30+00:00,negatif
@슈아 ;3,2025-03-22 04:59:44+00:00,netral
mending ke korea menikah dengan mark🥰🥰🥰🙏🙏🙏,2025-03-22 04:56:51+00:00,positif
"tunggu saya jadi orng kaya dulu yaa, ntar saya beli negara bukan buat pribadi tapi buat seluruh rakyat Indonesia tercinta",2025-03-22 04:55:40+00:00,positif
@Ꭼ𝐫𝐫𝐥𝐲𝐧 💟🐬 @༝༚༝༚ @ceya sigma😳🤭🙄,2025-03-22 04:54:20+00:00,positif
"nasa cariin aku planet matcha,siapa mau ikut💃",2025-03-22 04:53:20+00:00,positif
sampai bertemu di yaumul hisab,2025-03-22 04:52:24+00:00,positif
mintol damkar,2025-03-22 04:51:55+00:00,netral
"pindah negara ae kita, eneg gua
🧳🧳🧳🧳🧳🧳🧳🧳🧳🧳🧳🧳🧳🧳🧳🧳🧳🧳🧳🧳🧳🧳🧳🧳🧳🧳🧳🧳
nih ambil msg² 1 yak",2025-03-22 04:47:32+00:00,negatif
@kiko_cr0 @Fl,2025-03-22 04:46:02+00:00,positif
"tapi kenapa ruu TNI bawa² KPop? apa masalahnya sama kpop? karena tidak pancasilais? sedangkan pak Jokowi aja mendekatkan kedua rakyat korsel sama indo, kenapa KPop harus yg kena? sebagian orang bahagia karena KPop loh,udah ga beres ni negara.",2025-03-22 04:45:49+00:00,negatif
Dpr pada mau biar korupsi makin aman🗿,2025-03-22 04:43:16+00:00,negatif
Steven young : Mati gw☠️,2025-03-22 04:40:50+00:00,positif
"Yang di tanya itu apa isi UU TNI yang di revisi min..
Bukan lari ke Orde Baru..",2025-03-22 04:40:27+00:00,negatif
"ayo ramaikan hastag
#tolakruutni
#TolakRevisiUUTNI",2025-03-22 04:38:09+00:00,negatif
Koruptor ketar ketir jadi ngesahin RUU TNI 😹🗿,2025-03-22 04:31:42+00:00,negatif
"list pindah negara
-gue
-
-
isi ya",2025-03-22 04:30:20+00:00,negatif
DPR=HAMA,2025-03-22 04:30:17+00:00,netral
#TOLAKRUUTNI,2025-03-22 04:27:22+00:00,negatif
gimana nasib kpoprs..,2025-03-22 03:44:54+00:00,negatif
gni amat tinggal di indo,2025-03-22 03:44:28+00:00,positif
@☆~usermanusia33~☆,2025-03-22 03:44:04+00:00,positif
apa bedanya indo sama Israel kalo israel nge jajah negara kalo indo nge jajah rakyat,2025-03-22 03:39:48+00:00,negatif
@sAski🅰️ @𝒔𝒚𝒂𝒉༺ @🤍🎀,2025-03-22 03:38:53+00:00,positif
tolong jelasin gw ga ngarti😞,2025-03-22 03:34:07+00:00,netral
ga kebayang sekolah bawa mag7☺☺,2025-03-22 03:34:01+00:00,positif
aku masih kcil harus tau hal ginian😔,2025-03-22 03:32:09+00:00,positif
DPR kepanjangan nyaa apaa kawaannnnnn,2025-03-22 03:29:17+00:00,netral
JawaHam4😹,2025-03-22 03:26:51+00:00,positif
dewan penghianat rakyat,2025-03-22 03:19:38+00:00,positif
berasa di Korea Utara,2025-03-22 03:18:19+00:00,netral
guys ayo #TolakRevisiUUTNI,2025-03-22 03:14:42+00:00,positif
sebelum ada RUU TNI di tmpt ku banyak yg jualan senjata api.apakah dia sudah tau kalo akan terjadi seperti ini🤔,2025-03-22 03:13:43+00:00,negatif
BENER BENER NEGARA OTORITER! 🔥😇🔥,2025-03-22 03:07:32+00:00,positif
nanti sklh bawa SG rasa apa lu pada 🗿🗿,2025-03-22 02:58:50+00:00,netral
sekolah bawa sg 2😂,2025-03-22 02:53:20+00:00,positif
@dieforyou,2025-03-22 02:47:01+00:00,positif
#TolakKerasRUUTNI,2025-03-22 02:36:52+00:00,negatif
gak bisa kritik pemerintah... klo kritik bisa disikat kita,2025-03-22 02:33:52+00:00,negatif
gw blm kerja woilah,2025-03-22 02:29:26+00:00,positif
siapa yg kemaren pilih prabowo,2025-03-22 02:26:19+00:00,negatif
tunggu gua beli tank🗿🗿,2025-03-22 02:26:08+00:00,positif
minta bantuan damkar aja dari sekarang,2025-03-22 02:19:43+00:00,positif
tutor pindah negara🥰🥰,2025-03-22 02:19:28+00:00,negatif
"polisi aja gaguna
ini tentara juga ngikut ga guna",2025-03-22 02:17:40+00:00,negatif
kagak jadi mudik ke indo gua 😌😌,2025-03-22 02:16:54+00:00,negatif
kacau nih negara...,2025-03-22 02:15:14+00:00,negatif
ga faham pliss gue fomo bgt pngn tau😭😭😭,2025-03-22 02:14:19+00:00,negatif
masa gw sekola aja bawa sg?,2025-03-22 02:01:50+00:00,netral
kok gua ga ngerti ya,2025-03-22 00:47:52+00:00,netral
liat caremen di Korea kek nya bahagia banget,2025-03-22 00:41:51+00:00,positif
lama² jadi korut pt2 😔,2025-03-22 00:41:49+00:00,negatif
tolak RUU TNI🔥,2025-03-22 00:35:21+00:00,positif
Saham Mamat Gunshop meroket,2025-03-22 00:22:13+00:00,positif
oh jadi kita dimanja2 di awal terus dipotong pelan2....,2025-03-22 00:22:12+00:00,negatif
Indonesia mundur 20 tahun💀,2025-03-22 00:22:02+00:00,negatif
ni negara makin seru aja udhlah mirip anime naruto banyak tikus kantor sekarang alurnya malah kaya akame ga kill,2025-03-22 00:10:28+00:00,negatif
sumpah gue malu jir jadi warga indonesia 😔😔,2025-03-21 23:59:07+00:00,negatif
"MINTA BAJU BARU,DIKASI ORDE BARUU",2025-03-21 23:55:06+00:00,positif
klo sah sih masih mending korea utara🗿,2025-03-21 23:53:46+00:00,negatif
Kita butuh eren yeger🗿,2025-03-21 23:47:02+00:00,negatif
Fedi Nuril? nama aku Nuril 😭😭,2025-03-21 23:41:23+00:00,negatif
yang penting negara brics kan indo?🤣,2025-03-21 23:38:11+00:00,positif
"@hereee dengerin ini ya sayang, nanti juga kamu paham.",2025-03-21 23:37:07+00:00,negatif
Ingat kata² marselino,2025-03-21 23:33:48+00:00,negatif
gini amat masa remaja gua,2025-03-21 23:31:43+00:00,positif
"ini negara apa epep, masa tiap hari harus bawa medkit sm es kepal 😭",2025-03-21 23:16:29+00:00,positif
kayaknya yang buat ruu ini yang korupsi,2025-03-21 23:11:34+00:00,negatif
maksudnya gimana belum paham rada bingung,2025-03-21 23:10:42+00:00,negatif
ini sih buat legitimasi yg sudah diangkat jd pejabat sipil😏 pilih prabowo bkn berarti tdk mengkoreksi jika ada yg salah,2025-03-21 23:10:40+00:00,negatif
"awalnya pengen jadi tentara biar jadi pahlawan eh malah ada berita beginian
jadi gk mau gw",2025-03-21 23:08:20+00:00,negatif
rapat di hotel mewah njir 🗿,2025-03-21 23:02:46+00:00,negatif
buku sejarah langsung tebel tuh,2025-03-21 23:01:48+00:00,positif
@Wahyu:tau kan kenapa aceh pengen banget pisah dri indo,2025-03-21 22:56:15+00:00,negatif
@vitaa🍵 alaiwah?,2025-03-21 22:53:12+00:00,negatif
"Izin menjelaskan bang, jadi ruu tni ingin di sahkan karena banyak terjadi kasus korupsi, nakob*, terori* dan masih banyak hal lain nya. Yang dimana polisi belum bisa mengurus semua nya, jadinya polisi meminta bantuan kepada tni untuk membantu polisi dalam menangkap mereka. Sebenarnya ruu sudah dibuat dari tahun 2000an awal, namun belum sempat di sah kan. Lanjut ke tni, polisi meminta bantuan tni menangkap di bagian yang dimana polisi sudah kewalahan dan juga jika polisi yang menangkap bukti bukti nya suka tiba tiba hilang. Maka dari itu tni di mintai bantuan untuk ikut campur. Nah setelah pelaku tertangkap tni berhak untuk mengsidangkan nya, namun tni kekurangan bukti dan undang undang yang dapat memberatkan hukuman. Maka dari itulah ruu tni dibuat, dengan tujuan agar tni dapat menjerat para pelaku dengan sangat berat, ada undang undang yang menjadi bukti tambahan dan juga verifikasi bahwa tni bekerja sama dengan polisi. Bagi yang ingin bertanya mengapa saya berani menjawab seperti ini? Karena saya diberitahu oleh keluarga saya sendiri yang seorang abdi negara. Serta teman dari keluarga saya yang bekerja di bidang pengkajian.",2025-03-21 22:47:43+00:00,negatif
kelahiran 2007/8 gini bangett nasib nyee😔🔥,2025-03-21 22:46:20+00:00,negatif
"jangan takut dibilang fomo karna ikut bersuara. mending fomo mempertahankan demokrasi, daripada fomo milih pemimpin karna gemoi 🥺💀",2025-03-21 22:46:08+00:00,positif
ini mah di jajah negara sendiri jatoh nya😔,2025-03-21 22:45:49+00:00,positif
indo butuh vigilante ga sih?,2025-03-21 21:43:36+00:00,negatif
#DUKUNGRUUTNI,2025-03-21 21:41:20+00:00,negatif
ini cuma buat anak remaja doang atau semua org??,2025-03-21 21:40:01+00:00,negatif
owh pantesan orde baru mau di munculin lagi ternyata mau nutupin orang orang yang mau korupsi,2025-03-21 21:34:51+00:00,negatif
@Alisha,2025-03-21 21:29:47+00:00,positif
@⋆˚࿔your little girl𝜗𝜚˚⋆  pindah yok🥰🥰,2025-03-21 21:24:37+00:00,negatif
#TOLAKRUUTNI,2025-03-21 21:24:05+00:00,negatif
"umur gua masih 16 negara udh kaya gini, gmna ntr kedepanya, korea angkut gua pls muak gua🥺🥺",2025-03-21 21:21:35+00:00,negatif
"susanti, plis jemput gue.. 😭",2025-03-21 21:13:34+00:00,netral
"padahal sebelumnya prinsip Indonesia itu ""dari rakyat,oleh rakyat, untuk rakyat""",2025-03-21 21:12:03+00:00,negatif
presiden bisa hentiin ini nggak atau malah presiden ngedukung orde ini? demi Allah aku takut banget ☹️,2025-03-21 21:11:11+00:00,negatif
kaya nya fixx si gua bakal pindah ke jepang,2025-03-21 21:10:45+00:00,netral
Selamat masuk di era dimana orang biasa patuh pada pada orang yang punya jabatan 😄,2025-03-21 21:08:54+00:00,positif
saya gak tau soal UU TNI karena saya gen Z tapi semoga negara aman dn makmur,2025-03-21 21:01:52+00:00,negatif
"Bnyak yg nolak pda knpa sih,jelas2 ruu tni udh d ajukan jauh2 hari sebelum pemerintahan presiden prabowo, skrang aja yg emng baru d sahkan😂",2025-03-21 20:59:36+00:00,negatif
@^_°,2025-03-21 20:53:16+00:00,positif
jadi korsel jir,2025-03-21 20:53:01+00:00,negatif
5 - .feast,2025-03-21 20:49:48+00:00,positif
tolak RUU TNI🔥🔥,2025-03-21 20:43:39+00:00,positif
malah flashback ke masa lalu,2025-03-21 20:28:19+00:00,netral
"kalau mau tegok sifat asli kasih jabatan ,,",2025-03-21 20:25:49+00:00,negatif
"lebih baik beli baju lebaran, atau rompi anti peluru ya BG ?",2025-03-21 19:56:34+00:00,netral
tuhh kann gen kita tuu gen percobaan dari mulai sekolahan sampai ke pemasyarakatan😞,2025-03-21 19:51:28+00:00,positif
@ayyyyyl,2025-03-21 19:44:25+00:00,positif
masa sekolah bawa sg2😹,2025-03-21 19:37:44+00:00,netral
TOLAK RUU TNI,2025-03-21 19:20:34+00:00,positif
apakah masih disebut negara demokrasi??,2025-03-21 19:15:13+00:00,negatif
boykot TNI,2025-03-21 18:51:39+00:00,negatif
the real of orde baru season 2? 💀👊,2025-03-21 18:44:20+00:00,negatif
"yg gua mau tanya cuma 1, kalo DPR pd pengen cpt jadi aturan ini, untung nya buat mereka apa? gk mungkin mereka main cepat kalo gk ada dampak",2025-03-21 18:40:02+00:00,negatif
ini mah mereka yg korup takut di penjara😭,2025-03-21 16:39:01+00:00,negatif
"misal nya udh sah
bisa di batalin gk??",2025-03-21 16:35:38+00:00,netral
biar negara ini jadi negara kaya kayanya cuma buat pejabat,2025-03-21 16:27:16+00:00,positif
pajak aja di hapus 😁,2025-03-21 16:25:04+00:00,negatif
Mau kebut biar ga kegep,2025-03-21 16:15:31+00:00,negatif
🥺,2025-03-21 16:03:23+00:00,positif
fungsi DPR tuh apasi?,2025-03-21 16:01:27+00:00,netral
nuduh pemerintah korupsi auto ilang orngnya🗿,2025-03-21 16:00:14+00:00,negatif
"YAAA ALLLAAHH HUROOBBIIII MENIII GINI GINII TEING KEHIDUPAN GEN Z,TEEU SANGGUPPP🤗",2025-03-21 15:53:44+00:00,negatif
"ya udh ini negara penghuninya TNI semua, kita pindah aja",2025-03-21 15:52:21+00:00,negatif
makin kesini makin kacau ni negara,2025-03-21 15:50:15+00:00,negatif
RUU TNI itu isi nya ada yg kpop ya? soalnya di tiktok fyp ku RUU TNI kpop gitu,2025-03-21 15:47:07+00:00,negatif
prabowo harus turun tangan nih kalo engga si kita pindah negara aja🗿🗿,2025-03-21 15:38:13+00:00,negatif
@KNR2101 @nnn @myself,2025-03-21 15:31:07+00:00,negatif
"rakyat kalu udh turun tangan gk ada apa2, pemerintahan",2025-03-21 15:26:02+00:00,negatif
"wakil rakyat,rakyat mana yg di wakilin?",2025-03-21 15:17:07+00:00,negatif
"@yooo:umur masih 15, negara udh gini aj🥲🥲",2025-03-21 15:12:12+00:00,positif
"jangan plz, gua masi muda, minimal gua idaj punya anak dl 😭😭💔💔💔",2025-03-21 15:06:46+00:00,negatif
yok pindah negara aja yok,2025-03-21 15:05:13+00:00,negatif
"ini yang suka lagu barat, K-Pop, jepang, china, or dsb bakalan ada larangan keras dah. gak cuma lagu aja, mau nonton series atau film serba dilarang. kenapa harus begini sih?",2025-03-21 14:55:44+00:00,negatif
inpo rompi anti peluru 🥰,2025-03-21 14:52:06+00:00,negatif
"list yg mau pindah negara
1.gweh",2025-03-21 14:32:53+00:00,negatif
negara stress,2025-03-21 14:31:57+00:00,negatif
🥰,2025-03-21 14:30:38+00:00,positif
@zzizupp @pijee @dipuu :p @anotheraura__,2025-03-21 14:29:01+00:00,negatif
pindah negara aja ayo,2025-03-21 14:28:44+00:00,negatif
tolak ruu tni klo gk juga di Terima maka gua pindah negara🗿,2025-03-21 14:27:08+00:00,negatif
jadi lebaran gw beli vest apa baju 😹😹,2025-03-21 14:22:02+00:00,negatif
DPR itu rakyat mana yang dia wakilin?😔,2025-03-21 14:15:00+00:00,negatif
ok gas ok gas,2025-03-21 14:13:27+00:00,netral
TOLAK RUU TNI!,2025-03-21 12:26:35+00:00,positif
emang paling bener dpr ian aja,2025-03-21 12:13:06+00:00,positif
🥰,2025-03-21 12:12:41+00:00,positif
omke gams omke gams 😔,2025-03-21 12:11:48+00:00,netral
@a🦕🦕 @biᒪᗩ @kiwkiwi,2025-03-21 12:10:14+00:00,positif
@aillesy,2025-03-21 12:02:38+00:00,positif
pak jokowi ayo balik lagi ajaa udah pusing ini harus gimana😞,2025-03-21 11:54:56+00:00,negatif
@líoviné,2025-03-21 11:54:09+00:00,positif
mau rajin ibadah ah biar gk ketemu sama pemerintah di neraka,2025-03-21 11:50:28+00:00,negatif
"jujur aku sering liat berita banyak oknum TNI yg besar kepala mentang"" mereka punya jabatan dan tingkatan sosial yg tinggi.
baru jadi abdi negara aja udh gini apalagi punyaa peraturan yg bikin mereka",2025-03-21 11:49:21+00:00,negatif
INDONESIA ANJJJJ,2025-03-21 11:45:00+00:00,negatif
mungkin orang yg takut yg terjadi terulang lagi masa silam,2025-03-21 11:44:24+00:00,negatif
#TOLAKRUUTNI,2025-03-21 11:39:21+00:00,negatif
parahan korut atau Indonesia?,2025-03-21 11:36:29+00:00,negatif
allahuakbarrr😭 gua gamau tinggal di indonesia😭😭😭😭😭😭😭😭,2025-03-21 11:31:32+00:00,positif
Yang bikin ruu TNI siapa sii,2025-03-21 11:28:27+00:00,positif
@qiqi4him ayo ke singapure😭,2025-03-21 11:22:33+00:00,positif
"•lulusan covid
•kurikulum percobaan
•un percobaan
•pertamax = pertalite
•orde baru
gini amat masa remaja guaa",2025-03-21 11:20:30+00:00,positif
jepang dah mangil pindah yook pindahh,2025-03-21 11:17:54+00:00,negatif
#TOLAKRUUTNI,2025-03-21 11:16:33+00:00,negatif
nanggung mending ubah jadi komunis kayak cina biar gak ada yang demo demo,2025-03-21 11:16:06+00:00,negatif
negara maksa maju😹,2025-03-21 11:12:47+00:00,positif
lama-lama Indonesia kek korut ih,2025-03-21 11:11:39+00:00,negatif
@gibran_rakabuming gmnaa inii..untung g pilih 02..nahh inii nih bentar lg indonesia kacaau,2025-03-21 11:01:10+00:00,negatif
tunggu sifu keluar dari pengasingan (jaga sekte baik²),2025-03-21 10:58:12+00:00,negatif
hidup cuma sekali malah lahir jdi WNI,2025-03-21 10:54:00+00:00,positif
jadi kaya Korut?,2025-03-21 10:53:08+00:00,negatif
infokan sempak anti peluru 🗿,2025-03-21 10:52:25+00:00,positif
kaya myanmar gasih?,2025-03-21 10:51:32+00:00,negatif
"udah bagus, tuh masa orde baru digulingkan di masa lalu, malah di bangun ulang, 🗿",2025-03-21 10:43:25+00:00,negatif
jaman sekarang jama viral...salah dikit pasti viral seluruh manusia di bumi pasti tau😅 jaman dulu kan ga ada tik tok sama Ig sama FB sama Twitter jadi ga viral 😂,2025-03-21 08:41:35+00:00,negatif
@repaaa @𐙚⋆°.⋆♡ @raa @Jenyy,2025-03-21 08:41:17+00:00,negatif
SIAPA KETUA DPR NYA????,2025-03-21 08:34:52+00:00,negatif
ngapain ngebut takut banget ya semua keungkap itu korupsi?🤭,2025-03-21 08:34:50+00:00,negatif
malam Lailatul Qadar bilang ke Allah SWT yuk,2025-03-21 08:30:24+00:00,positif
"gue pengen bahas ini sama guru pkn gue
TAPI LAGI LIBUR ANJ😭",2025-03-21 08:21:01+00:00,negatif
kalo udah di sahkan gitu apa bisa dibatalkan klo rakyat menolak dan demo. kaya nya ga bakal didengar,2025-03-21 08:14:07+00:00,negatif
ini negara apa sih?,2025-03-21 08:12:56+00:00,positif
@Arbiee 🗿🗿🗿,2025-03-21 08:06:33+00:00,positif
dpr capek soalnya di caci masyarakat makanya cari perlindungan upssss,2025-03-21 08:02:40+00:00,netral
#TOLAK RUU TNI,2025-03-21 07:53:34+00:00,positif
"•lulusan covid
•kurikulum percobaan
•un percobaan
•pertamax = pertalite
•orde baru
gini amat masa remaja guaa",2025-03-21 07:49:22+00:00,positif
"udah jelas kalo wowo naik, pasti orba muncul lagi",2025-03-21 07:47:05+00:00,negatif
nyesel pilih 02 idi 0 t,2025-03-21 07:39:37+00:00,negatif
Indonesian makin EDYAN !!!,2025-03-21 07:37:40+00:00,negatif
rakyat vs pejabat,2025-03-21 07:34:54+00:00,positif
"lama"" indo kya Korut",2025-03-21 07:34:19+00:00,negatif
RUN RUU TNI🏃🏻‍♀️👎🏻,2025-03-21 07:33:46+00:00,positif
fungsi pancasila apa?,2025-03-21 07:27:11+00:00,netral
@ŋatsưmī_𐙚 @yUyUu @mycinta_,2025-03-21 07:22:39+00:00,negatif
yok gays ngadu ke Allah pas malam Lailatul Qadar 🥺🤲🏻,2025-03-21 07:09:02+00:00,negatif
siapa yang mau gw klaim jadi malaysia?,2025-03-21 06:59:56+00:00,negatif
oke inti masalah nya adalah dpr,2025-03-21 06:27:53+00:00,netral
"wiiihhhhhhh,,,,,,",2025-03-21 06:25:03+00:00,netral
udah hancur ini dh negara,2025-03-21 06:23:48+00:00,negatif
"yang nyetujuin puan yang di salahin presiden, di kira negara ini 100% di pimpin presiden kali ya😂",2025-03-21 06:19:51+00:00,negatif
palingan mau buat jalan untuk korupsi😅😅,2025-03-21 06:17:09+00:00,netral
apa akan terjadi seperti di flm demon city,2025-03-21 06:15:17+00:00,positif
haha belakangnya hotel fairmont wkwk,2025-03-21 06:10:55+00:00,netral
This is the game mafia,2025-03-21 04:41:26+00:00,positif
#kaburajadulu,2025-03-21 04:34:29+00:00,negatif
masa muda gw dinegara yang dekat dengan ambang kehancuran 🗿,2025-03-21 04:28:20+00:00,positif
"sebenernya simple aja, kalo memang orde baru ini aman dan nyaman, gak mungkin digulingkan pada tahun 98.",2025-03-21 04:24:33+00:00,netral
@Rosita Fitriyani @luluyyyyy,2025-03-21 04:13:50+00:00,positif
mau pindah negara gua ajg,2025-03-21 04:10:35+00:00,negatif
demo satu indo yu,2025-03-21 04:07:17+00:00,positif
aduh Pusing banget negara ancur timnas juga ancur pindah negara aja dah,2025-03-21 04:07:01+00:00,negatif
dan sudah disahkan😭😭😭😭,2025-03-21 04:06:20+00:00,positif
"reflek ""DIHHHH""",2025-03-21 04:06:02+00:00,netral
ni negara tiap bulan ada aja gebrakanye,2025-03-21 04:05:51+00:00,negatif
setiap keluar jam 3 subuh bawak sg sama glowel😂,2025-03-21 04:02:51+00:00,negatif
tim yg gapunya tim🗿,2025-03-21 03:59:43+00:00,positif
musuh terbesarmu ialah bangsamu sendiri,2025-03-21 03:59:38+00:00,positif
"COK PLIS LAH, SEKALI AJA BAWA KIM JONG UN 3 HARI KESINI😭😭😭",2025-03-21 03:58:31+00:00,positif
11 12 kamboja,2025-03-21 03:56:57+00:00,netral
DPR:HAMAA!,2025-03-21 03:53:46+00:00,negatif
"D P R
Dongo Pembohong Rakus
😹😹😹",2025-03-21 03:52:30+00:00,netral
"""orangnya hilang"" kyk tim mawar gadi gays,dan tau la siapa isi tim mawar",2025-03-21 03:46:47+00:00,negatif
@🫧,2025-03-21 03:46:29+00:00,positif
mahasiswa kalo nge demo in ini gue dukung,2025-03-21 03:40:42+00:00,netral
BUBAR BUBARR🗿,2025-03-21 03:40:01+00:00,netral
mimpi buruk bgt lahir di negara sakit ini,2025-03-21 03:38:47+00:00,negatif
DPR = DEWAN PERWAKILAN RUPIAH,2025-03-21 03:38:43+00:00,netral
lah... negara mau war sipil kah😹,2025-03-21 03:33:22+00:00,negatif
@partaigerindra minn,2025-03-21 03:32:41+00:00,positif
"dpr pengen bgt korup tuh, berasa bgt masa sampai kebut perencanaan ruu tni sih😂😂",2025-03-21 03:31:49+00:00,negatif
#kaburajadulu,2025-03-21 03:21:48+00:00,negatif
"tapi ada aja orang yang belain, katanya biar indo maju😂😂😂",2025-03-21 03:19:25+00:00,negatif
"bang, apakah ruu TNI bisa terus berlanjut jika Presiden saat ini, sudah lepas dari jabatannya?",2025-03-21 03:18:43+00:00,negatif
jirrr lah gw masih 15 tahun🗿,2025-03-21 01:57:22+00:00,negatif
"liat aja abis lulus skolah aku mw pindh negara, siapa yg mw ikut 😋",2025-03-21 01:51:02+00:00,negatif
yo yo ke jepang yo,2025-03-21 01:49:26+00:00,negatif
"udh gk ada power lagi pemerintah klo tni udh masuk, orang yg paling goblok di tni klo mereka udh pegang senjata gampang aja bagi mereka mengintervensi hukum di indo",2025-03-21 01:48:07+00:00,negatif
ini adalah cara baru PDI menggulingkan presiden Prabowo Subianto,2025-03-21 01:46:35+00:00,positif
🔥🔥,2025-03-21 01:42:29+00:00,positif
@del. nih del,2025-03-21 01:42:26+00:00,negatif
#TOLAKRUUTNI,2025-03-21 01:38:34+00:00,negatif
"@ARIF:•lulusan covid
•kurikulum percobaan
•un percobaan
•pertamax = pertalite
•orde baru
gini amat masa dewasa guaa",2025-03-21 01:37:06+00:00,positif
TNI bersama rakyat jd tenang aja ngapain di protes😁,2025-03-21 01:36:25+00:00,positif
jadi korut,2025-03-21 01:34:14+00:00,negatif
"ayo bantu tag gerindra disini
@gerindra",2025-03-21 01:32:44+00:00,positif
cek vt gw tujuan lain ruu tni,2025-03-21 01:28:38+00:00,netral
kita butuh mas Laut....,2025-03-21 01:27:13+00:00,negatif
lebaran nanti tren pake armor,2025-03-21 01:25:09+00:00,negatif
Sahkan RUU perampasan aset.,2025-03-21 01:23:13+00:00,positif
omaigtttt# pindah aj dlu,2025-03-21 01:16:43+00:00,negatif
BRAVO TNI POLISI,2025-03-21 01:14:10+00:00,positif
#tolakRevisiUUTNI,2025-03-21 01:13:06+00:00,negatif
#2029GantiPresiden,2025-03-21 01:09:44+00:00,netral
@juny,2025-03-21 01:05:34+00:00,netral
capek banget ya Allah 😵‍💫😵‍💫,2025-03-21 01:04:53+00:00,positif
@shihoin,2025-03-21 01:03:36+00:00,negatif
setuju kembali ke orde baru,2025-03-21 00:56:38+00:00,positif
"#TolakRUUTNI
#TolakRevisiUUTNI
#PeringatanDarurat
#IndonesiaGelap",2025-03-21 00:56:38+00:00,negatif
OUT AJA DAHH,2025-03-21 00:46:40+00:00,negatif
baju lu bagus beli dimana bang,2025-03-21 00:44:01+00:00,negatif
"aaa gue baru mau SMA, dibikin khawatir mulu sama masa depan nanti:((((",2025-03-21 00:39:34+00:00,netral
@𓃠,2025-03-21 00:39:00+00:00,positif
banyak masalah amat sih perasaan Indonesia gmn mau jadi negara maju???,2025-03-21 00:35:00+00:00,negatif
sedih bgt dah gue,2025-03-20 22:02:22+00:00,netral
"@ARIF: •lulusan covid
•kurikulum percobaan
•un percobaan
•pertamax = pertalite
•orde baru
gini amat masa dewasa guaa",2025-03-20 22:01:56+00:00,positif
"""rapatnya di hotel bintang 5"" apa guna tu gedung DPR apa gk ada tempat rapatnya 🤦🏻‍♂️",2025-03-20 22:01:01+00:00,positif
"bahkan rapatnya ga di gedung dpr, tapi dihotel bintang 5",2025-03-20 22:00:14+00:00,positif
info loker jepang 😌,2025-03-20 22:00:12+00:00,positif
ni rariweuh kabeh we ditolak ciga nu enya wae,2025-03-20 21:59:52+00:00,negatif
"heh, kembalikan fyp tung tung tung sahur gw😭😭😭",2025-03-20 21:57:37+00:00,negatif
pindah ke kuching Malaysia gua lama lama,2025-03-20 21:55:07+00:00,negatif
habis udah habis,2025-03-20 21:54:35+00:00,negatif
Tetap abah anies yg paling berprestai🥰,2025-03-20 21:54:04+00:00,negatif
Rusak udh ni negara #PrabowoEraGelap #TolakRUUTNI,2025-03-20 21:53:40+00:00,negatif
"list pindah negara:
1. gua",2025-03-20 21:52:45+00:00,negatif
"hadeh bener bener ya, udah sekolah jadi angkatan percobaan sekarang mau hidup tenang pun jdi angkatan percobaan juga😔💔",2025-03-20 21:51:53+00:00,netral
lanjutkan part 2 jenderal diminta ke istana,2025-03-20 21:50:14+00:00,netral
gapernah semuak ini,2025-03-20 21:49:53+00:00,positif
knp kok kebut bgt y,2025-03-20 21:48:21+00:00,netral
pindah ke australia aja,2025-03-20 21:46:58+00:00,negatif
kenapa harus di Indonesia aku lahir nya..,2025-03-20 21:45:17+00:00,negatif
"tapii kalo misalkan bneran gaakan ada penangkapan korupsii kaya masa orde baruu, pdhl kan pak prabowo lagi smngt2 nya memberantas korupsii, bkln ttep ga ketauan kahh???",2025-03-20 21:44:14+00:00,negatif
MAU PINDAH NEGARA YA ALLAH 💔💔,2025-03-20 21:43:11+00:00,negatif
Dpr sekali kerja hebat yaa😇,2025-03-20 21:42:22+00:00,positif
mana udah sah lagi🥰,2025-03-20 21:39:19+00:00,negatif
tau ah gini amat remaja gua🗿,2025-03-20 21:39:17+00:00,positif
@G👾 erm..,2025-03-20 21:38:56+00:00,negatif
#TOLAKRUUTNI,2025-03-20 21:36:05+00:00,negatif
katanya DPR (Dewan Perwakilan Rakyat) tapi kok seenaknya ya,2025-03-20 21:35:55+00:00,netral
RUU perampasan Aset Ga denger. giliran RUU TNI rapatnya diem” anjj emang,2025-03-20 21:35:47+00:00,negatif
bakal jadi Korea Utara kah 🗿,2025-03-20 21:34:34+00:00,negatif
"Yang ngesahin,hobinya scrol tiktok",2025-03-20 21:32:56+00:00,negatif
udh timnas kalah + punya negara kayak gini 😭🔥,2025-03-20 21:31:47+00:00,negatif
"katanya negara demokrasi, itu buku pkn hps aj tu sekalian😂",2025-03-20 21:31:00+00:00,negatif
@ꦤꦪ꧀ꦭ @trbiii- 😱,2025-03-20 21:29:55+00:00,positif
anying event baru lagi🗿,2025-03-20 21:29:42+00:00,positif
malah bagus biar lebih tertip,2025-03-20 21:29:38+00:00,netral
@𝗠𝗶𝗹𝘇_𝗻𝗮𝗴𝗶 @™ girls sad®✓? udah sahh🥲,2025-03-20 21:28:58+00:00,negatif
yukkk kaburrr yukkk ngumpulin uang terus kaburr,2025-03-20 21:26:59+00:00,negatif
#kaburajadulu,2025-03-20 21:26:15+00:00,negatif
pernah battousai di butuhkan di konoha,2025-03-20 21:26:03+00:00,negatif
anj jadi kaya serem gini,2025-03-20 21:24:37+00:00,netral
kita cuma bisa percaya sama damkar,2025-03-20 21:24:18+00:00,positif
"Insiden 3 korban Anggota Polisi, Tau gak bang?",2025-03-20 21:24:17+00:00,negatif
"bukanya jaman pa harto serba murah ya ? cari kerjaan gampang , ko takut jaman order baru",2025-03-20 21:23:47+00:00,netral
@𝘤𝘳𝘶𝘯𝘤𝘩𝘺𝘴𝘴𝘦✩ ₊˚🎧⊹,2025-03-20 21:23:19+00:00,positif
#Tolakrevisiuutni,2025-03-20 21:22:57+00:00,negatif
dipaksa sehat di negara yang sakit,2025-03-20 21:21:56+00:00,positif
Negara macama apa ini,2025-03-20 21:21:28+00:00,positif
kalau gini ga sesuai dg UUD Ham,2025-03-20 21:21:18+00:00,netral
"Papua dan aceh : lepaskan saya, lepaskan saya",2025-03-20 21:17:02+00:00,positif
Indonesia tambah aneh gajelas,2025-03-20 20:32:42+00:00,negatif
nikmatilah pilihan kalian🤣,2025-03-20 20:04:51+00:00,positif
lagi nunggu sepesial diskon Mamat gunshop,2025-03-20 20:03:08+00:00,negatif
uang merubah segalannya🗿,2025-03-20 20:01:56+00:00,positif
negara terkocak🤣🤣,2025-03-20 19:58:20+00:00,positif
#kaburajadulu,2025-03-20 19:53:41+00:00,negatif
wtf tai bgt ni negara,2025-03-20 19:44:40+00:00,negatif
di paksa sehat di negara yang SAKITTT,2025-03-20 19:43:51+00:00,netral
ya Allah😔,2025-03-20 19:43:47+00:00,positif
waduh mahasewa cemass,2025-03-20 19:34:29+00:00,negatif
bukan makin maju makin gelap aja,2025-03-20 19:33:59+00:00,negatif
giliran gw dewasa malah gini jir,2025-03-20 19:28:02+00:00,netral
semua demi mamah teddy🥰,2025-03-20 19:27:48+00:00,positif
Bubarkan DPR tolol,2025-03-20 19:23:09+00:00,negatif
DPR=hama,2025-03-20 19:13:42+00:00,netral
ini kalo mw bahas tentang apa² langsung ke pak prabowo aja dh,2025-03-20 19:02:11+00:00,positif
Akibat OK gas OK gas,2025-03-20 18:56:34+00:00,netral
jadi ini cerita nya mau nutupin korupsi !?,2025-03-20 18:45:16+00:00,negatif
ya allah jadi ngerasa ga aman di negara ini,2025-03-20 18:36:14+00:00,positif
ko gua jadi takut ama negara sendiri ya,2025-03-20 18:30:09+00:00,negatif
kalo Orde baru lagi kita warga Indonesia siap demo tapi kalo TNI untuk memajukan Indonesia kita dukung,2025-03-20 18:30:02+00:00,netral
apakah mahasiswa akan demo,2025-03-20 18:27:51+00:00,negatif
"Gua tinggal di Jabar 😁 setuju aja.
Preman dan Ormas nya meresahkan bnget.",2025-03-20 18:27:19+00:00,negatif
g papalah bagus lagi jd Indonesia aman tentram Damai g ada rusuh sana sini lagi demo sana sini lagi.,2025-03-20 18:25:35+00:00,negatif
@sals @d @p @jeje,2025-03-20 18:23:58+00:00,positif
demokrasi selalu gak stabil,2025-03-20 18:22:52+00:00,positif
pemilih wowo pasti bangga 😂😂 mamam itu kakek gemoy diktaktor 🤣🤣🤣,2025-03-20 18:21:11+00:00,negatif
"aku pendukung sejatinya pak prabowo aku setuju 100% Saya percaya dengan beliau pasti beliau ada tujuan baik, kita jangan berburuk sangka manteman , maju terus garudaku🫡🇮🇩💪🫶🔥",2025-03-20 18:18:22+00:00,positif
"@🩰.. ๋ ֢ 𝓝𝓲𝓮𝓮 𖣁ʾ ⊹ֹ 𓃠 @☘️ 
nih wish list kita kdu ke capai
1. beli apart, tinggal ber 3
2. tinggal di LA / Edinburgh😭😭",2025-03-20 18:15:41+00:00,negatif
uda d blg jgn plih 02,2025-03-20 18:12:46+00:00,netral
Fedi Nuril bukannya udah pindah negara ya,2025-03-20 15:40:21+00:00,negatif
capek banget sama keadaan,2025-03-20 15:39:32+00:00,netral
selamat menikmati pilihan nya,2025-03-20 15:37:25+00:00,positif
when demokrasi just title,2025-03-20 15:35:31+00:00,negatif
mana nih gerindra biasa paling depan kalo ada masalah giliran ruu tni malah ngilang,2025-03-20 15:35:26+00:00,negatif
deh jadi pen pindah negara aja,2025-03-20 15:29:37+00:00,negatif
@cacaa,2025-03-20 15:29:36+00:00,positif
@݁𖥔 ݁strawberries݁𖥔 ݁,2025-03-20 15:25:46+00:00,positif
bubar aja indo,2025-03-20 15:24:35+00:00,negatif
rekomendasi vest anti peluru hijab friendly,2025-03-20 15:24:01+00:00,positif
kenapa gak diambil alih damkar aja 😌,2025-03-20 15:21:09+00:00,negatif
pada muka tembok anjir anggota dpr☺️🙏,2025-03-20 15:19:31+00:00,negatif
kok malah kaya korut,2025-03-20 15:19:22+00:00,negatif
ini terjadi karena mayor teddy🔥,2025-03-20 15:19:16+00:00,negatif
mantap sah kan RUU TNI 👍,2025-03-20 15:14:14+00:00,negatif
@lovemyself @reeva,2025-03-20 15:11:27+00:00,positif
loh...,2025-03-20 15:11:04+00:00,negatif
"that ""rapat diam diam di hotel"" so sick of this country",2025-03-20 15:09:04+00:00,negatif
"dunia ni punyaa mereka kah, kentut",2025-03-20 15:02:49+00:00,negatif
bagus lah,2025-03-20 15:01:19+00:00,negatif
☹️,2025-03-20 15:01:17+00:00,positif
GARUDA BIRU TERULANG KEMBALI,2025-03-20 15:00:38+00:00,negatif
lihat aja latar belakang presiden indo sekarang gimana,2025-03-20 14:59:35+00:00,netral
intinya voter 2 bego semua,2025-03-20 14:57:59+00:00,negatif
hancur negri ku,2025-03-20 14:57:10+00:00,negatif
@ell🍓,2025-03-20 14:54:44+00:00,positif
gak tau juga ya kedepannya mungkin beda,2025-03-20 14:51:18+00:00,netral
"Malaysia plis claim aku, cina, Japan, ayo claim ak pelis",2025-03-20 14:48:09+00:00,negatif
APALAGI INI YA ALLAH......,2025-03-20 14:41:38+00:00,negatif
Indonesia bubar kaya nya,2025-03-20 14:39:21+00:00,negatif
apakah sama dengan hukum rimba??,2025-03-20 13:06:37+00:00,negatif
RUU TNI itu sama kayak dwifungsi ABRI dlu ya bg? atau berbeda,2025-03-20 13:02:46+00:00,negatif
"hadeh makin rusak aja nih negara 😞
#lekassembuhindonesiaku",2025-03-20 13:00:31+00:00,negatif
nyesel gak pilih anies dek😜,2025-03-20 12:57:17+00:00,negatif
kabur ajalah ke luar negeri,2025-03-20 12:55:09+00:00,negatif
"fungsi DPR buat apa..🙈duduk duduk doang ngopi,rapat, ngobrol gaji puluhan juta🙈🙈",2025-03-20 12:53:16+00:00,negatif
oke gas oke gas😹😹,2025-03-20 12:51:01+00:00,netral
besok orde Baru sisen 2😐,2025-03-20 12:48:20+00:00,positif
"gatau lah bang cape aku
aku nak pindah jepang aja",2025-03-20 12:47:21+00:00,negatif
"kacau nih negara, hadehh",2025-03-20 12:44:35+00:00,negatif
cuma mengingatkan kalo ketua DPR itu Puan maharani,2025-03-20 12:41:29+00:00,negatif
@재민 @rei lailahailallah,2025-03-20 12:40:28+00:00,positif
"Presiden dari tni oke2 aja kok , coba ssudzon dulu 😩💔😝",2025-03-20 12:32:56+00:00,positif
we're doomed,2025-03-20 12:32:37+00:00,negatif
@1%,2025-03-20 12:26:16+00:00,negatif
tolak RUU TNI,2025-03-20 12:20:54+00:00,positif
ini cocok buat yang kurupsi,2025-03-20 12:19:08+00:00,positif
kenapa pada nyalahin Pak Prabowo?,2025-03-20 12:18:25+00:00,negatif
waduh,2025-03-20 12:17:12+00:00,negatif
lu jadi buzzer bg?🙈,2025-03-20 12:16:20+00:00,negatif
gini amat lahir di indo 😹,2025-03-20 12:15:40+00:00,positif
"fungsi RUU TNI itu apa? serius, kok aku liat gak ada yg positifnya?, (plss jawab yg serius)",2025-03-20 12:15:37+00:00,negatif
@hr,2025-03-20 12:15:18+00:00,positif
udah yappingnya?,2025-03-20 12:14:22+00:00,negatif
ngebet banget ngesahin RUU TNInya emangnya ada apa si? giliran ngesaih RUU Perampasan Aset lama banget,2025-03-20 12:10:29+00:00,negatif
sebut saja tim mawar 😅,2025-03-20 12:09:59+00:00,negatif
rakyat udah nggak butuh wakil,2025-03-20 12:08:39+00:00,negatif
@mhnlee @halyucy @167⭐ @ଳᘜｙｓ_𖦹°•𓆝 @J. @26 @meymey @pstrlyy🫧 @ka_rem_127 @wul🅰️n,2025-03-20 12:08:27+00:00,negatif
sila yang masih bertahan cuma sila 1 itupun mau punah🥀,2025-03-20 12:05:44+00:00,negatif
tikus apa Garuda sebenernya sih?,2025-03-20 12:04:33+00:00,negatif
@LISSA🌸 @Ernawaty,2025-03-20 10:01:36+00:00,positif
ni negara paansih,2025-03-20 09:57:10+00:00,negatif
Nambah berat hidup 🙃,2025-03-20 09:54:45+00:00,positif
@user66666,2025-03-20 09:54:43+00:00,positif
capek bgt tinggal di Indonesia cobaannya banyak bgt 😭,2025-03-20 09:47:06+00:00,positif
Udah di sahkn bang,2025-03-20 09:39:09+00:00,negatif
Welcome To Ultramilitarist Era Dude ☠️,2025-03-20 09:38:29+00:00,positif
😭😭😭 gini banget ya jadi WNI saban hr jadi rakyat di dzalimin,2025-03-20 09:36:01+00:00,negatif
negara apa si ini 😭,2025-03-20 09:34:02+00:00,positif
di liat aja dulu kalo memang seperti orde baru baru rakyat bertindak,2025-03-20 09:30:01+00:00,netral
telat bang udah sah🥺,2025-03-20 09:29:34+00:00,negatif
DUKUNG RUU TNI,2025-03-20 09:21:03+00:00,positif
alamak ntar ada Petrus lagi dong,2025-03-20 09:20:29+00:00,negatif
gw bilek: fikss nanti masa depan gw pindah ke jepang🗿,2025-03-20 09:15:41+00:00,negatif
@Caresty06,2025-03-20 09:14:50+00:00,positif
@ℛ𓍼 @ma,2025-03-20 09:12:55+00:00,netral
postingannya tidak menjawab,2025-03-20 09:05:54+00:00,negatif
ni negara demokrasi apa otoriter sih,2025-03-20 09:02:43+00:00,negatif
#TOLAKRUUTNI,2025-03-20 08:54:48+00:00,negatif
Yg mencetuskan siapa to,2025-03-20 08:54:39+00:00,positif
Orde Baru jilid 2 niih,2025-03-20 08:52:14+00:00,positif
moga aja g jadi😭,2025-03-20 08:48:50+00:00,netral
rata2 yg nolak ternak abah🤣🤣🤣,2025-03-20 08:45:00+00:00,negatif
"akusih setuju🥰
emang kenapa kalo negara kita korupsi, toh duit nya juga nanti bisa dikasi ke pak presiden buat rakyat🥰
kalo kita di bungkam yaa rapopo lah, wong duit korupsi ne juga nanti kebali ke rakyat
untung aku nyoblos pak prabowo kemarin so wat gituloh🫰",2025-03-20 08:42:00+00:00,negatif
Ke inget laut bercerita,2025-03-20 08:37:48+00:00,negatif
dewasa dinegara yang sakit,2025-03-20 08:37:14+00:00,negatif
uda sah...,2025-03-20 08:35:32+00:00,netral
"melihat SDM pejabat Indonesia, gw jadi ragu kalau zaman dulu Indonesia pernah dijajah Belanda🗿🗿🙏🙏",2025-03-20 08:35:28+00:00,netral
NEGARA KITA SEDANG TIDAK BAIK2 SAJA... HARUS KAH KITA CUMA DIAM 🤐🔥,2025-03-20 08:29:40+00:00,negatif
KENAPA AKU WNI?!!,2025-03-20 08:23:26+00:00,negatif
kan udh di bilang Prabowo jadi era 98 terulang kembali 😂😂😂,2025-03-20 06:31:52+00:00,negatif
"tp knp disaat bersamaan RUU polri yg dibahas TDK di demo,,bs jd penolakan ini pesanan,di luar negeri jg sprti as,kemlu nya ada perwakilan militer",2025-03-20 06:30:05+00:00,negatif
udh baca isi ruunya blm yg diisi instansi apa aja,2025-03-20 06:28:23+00:00,negatif
udah lah nanti kalo ada uang pindah negara aja wkwk,2025-03-20 06:26:35+00:00,negatif
hancur Indonesia ku😅,2025-03-20 06:24:51+00:00,negatif
#kaburajadulu,2025-03-20 06:23:07+00:00,negatif
dukung ruu tni,2025-03-20 06:20:44+00:00,positif
NANGIS BANGET YA ALLAH,2025-03-20 06:17:03+00:00,positif
"urgensi ny di sahkan nya RUU TNI untuk rakyat apa? kenapa RUU PERAMPASAN ASET yg jlas"" manfaatny ada utk rakyat tdk segera di sahkan. lucu sekali tikus tikus DPR di konoha",2025-03-20 06:13:18+00:00,negatif
berisik lu min...,2025-03-20 06:05:53+00:00,negatif
udah di sahin bang sama DPR :(,2025-03-20 06:04:26+00:00,negatif
demi allah gua takut,2025-03-20 06:04:03+00:00,negatif
"Akankah Petrus akan kembali ""barang siapa yg melakukan kegaduhan otw pulang kebalik papan""😨",2025-03-20 06:00:44+00:00,negatif
mending TNI dari pada polisi,2025-03-20 05:53:45+00:00,negatif
☹️,2025-03-20 05:46:23+00:00,positif
WKWKKW KOCAK 02 VOTERS TIBA” KRITIK🤣🤣,2025-03-20 05:40:19+00:00,negatif
"RUU TNI udah di sah kan!, selamat menikmati sisa sisa hidup kita di bawah tekanan pemerintahan otoriter",2025-03-20 05:39:03+00:00,negatif
Balik lagi ke orde soeharto lama lama,2025-03-20 05:38:17+00:00,negatif
yaAllah kapan yaa indo punya presiden yang ga anti kritik😭😭😭,2025-03-20 05:36:23+00:00,negatif
Nyesel gw milih Prabowo,2025-03-20 05:27:28+00:00,positif
"contohnya aj purnawirawan siluhut, muldoko, tk boleh msyarakt komen jelekny",2025-03-20 05:24:28+00:00,netral
udah kyk aot aja bjir🗿,2025-03-20 05:22:07+00:00,netral
NEGARA RUSAK,2025-03-20 05:20:14+00:00,negatif
Yg parah itu 2014 s/d 2024 🤣🤣🤣,2025-03-20 05:16:36+00:00,negatif
"kalau di sah kan, Indonesia jadi kyak negara otoriter gasi? wkwk",2025-03-20 05:08:06+00:00,negatif
@putripurnama,2025-03-20 05:07:50+00:00,positif
klo gua setuju,2025-03-20 04:44:18+00:00,netral
tapi pindah negara bisa kan?,2025-03-20 04:30:04+00:00,netral
jadi Korut ae lah 🗿,2025-03-20 04:28:41+00:00,negatif
MENURUT KU ADILI MAHASEWA 🥳🥳🥳,2025-03-20 04:28:24+00:00,positif
Tau kan kenapa ACEH sama PAPUA Minta pisah dari indonesia dari dulu? mereka tau siapa Indonesia sebenarnya,2025-03-19 23:21:06+00:00,negatif
mau jadi apa negara ini,2025-03-19 23:12:18+00:00,positif
makin kesini semakin mau pindah negaraa,2025-03-19 22:16:50+00:00,negatif
mumpung masih belum panjang kalian bebas mengungkapkan pendapat sebelum demokrasi tenggelam di lautan palung Mariana....... #RIPDEMOKRASIINDONESIA,2025-03-19 21:46:22+00:00,negatif
Negara apa ini Nggk sesuai sama lagu kebangsaannya🥲✋🏻🫢,2025-03-19 21:45:51+00:00,positif
jadi pengen cepet cepet pindah negara,2025-03-19 21:21:58+00:00,negatif
"secara TDK langsung k depan akan terjadi pemaksaan di semua lini...
terutama d pemerintahan",2025-03-19 21:10:30+00:00,negatif
Fedi Nurilll emang buzzer prabowo,2025-03-19 20:45:51+00:00,negatif
Kenapa RUU perampasan aset aja ya,2025-03-19 20:17:47+00:00,negatif
NI NEGARA KEK APA SIH?,2025-03-19 19:57:20+00:00,negatif
Tolak RUU TNI,2025-03-19 19:54:35+00:00,positif
ini mah jadi mexico versi lite,2025-03-19 19:48:42+00:00,negatif
TOLAK RUU TNI,2025-03-19 19:30:15+00:00,positif
turunkan imam Mahdi,2025-03-19 19:15:23+00:00,positif
"Lebih Bahaya Mulut"" Buzzer😏",2025-03-19 19:15:02+00:00,negatif
"negara gila duittt, negara gila kuasa, negara gilaaa gilaaaa stresss",2025-03-19 18:22:15+00:00,negatif
"GILIRAN RUU PERAMPASAN ASET GK KELAR"" , GILIRAN RUU TNI DPR LANGSUNG ACC😂😂",2025-03-19 18:18:56+00:00,negatif
"Broo jmn orde baru loe ngomongin jlk ttg presiden di tmpt umum bbrp hari kemudian bisa hilang KRNA dianggap provokator, jmn dulu jngn mncla Golkar,militer,presiden, dan jngn nyebut P.K.I KLO GK PNGN hilang",2025-03-19 17:27:27+00:00,negatif
gas aktif kan mau liat orde baru,2025-03-19 17:23:38+00:00,positif
mending naikin gaji damkar 🗿,2025-03-19 16:29:03+00:00,negatif
"tolak Ruu TNi, karna sangat TDK manusiawi",2025-03-19 15:47:08+00:00,positif
"intinya sih kalau RUU TNI disahkan bukan malah negara adem dan nyaman iya sih adem dan nyaman yah karena mereka sedang menutup nutupi media atau berita supaya gak bocor ke rakyat dan kalau rakyat tau tentang berita mengenai negara bakalan di log out dari dunia dan ini menunjukan sifat asli DPR yang katanya ""MEWAKILKAN RAKYAT""😁",2025-03-19 15:20:16+00:00,negatif
"Ingat kasus basarnas 2023, malah KPK nya yg minta maaf😹 itu adalah salah satu contoh nyatanya, hati hati🫣",2025-03-19 15:09:21+00:00,negatif
TNI =HAMA,2025-03-19 14:43:15+00:00,netral
"Mending Negara T0*** ini bubar, dan semua pulau buat negara Masing2👍",2025-03-19 14:38:44+00:00,negatif
@⋆ ˚｡⋆୨୧˚🎀ayyko🎀⋆ ˚｡⋆୨୧˚  dia juga aku suka update terus,2025-03-19 13:55:27+00:00,positif
Ramalan simpsons akan terjadi,2025-03-19 13:52:48+00:00,netral
"pasti presiden gk peduli, tetap di buat, dari dulu aja denger mau di satuin TNI dan Polri😳",2025-03-19 13:27:27+00:00,negatif
Atur aja gimana baiknya...,2025-03-19 13:26:06+00:00,positif
ini tim buzzer lagi kerja keras bagaimana supaya RUU bisa naik🤣🤣oh tidak semudah itu🤣🤣,2025-03-19 13:20:44+00:00,positif
hanya tni yg masih di percaya rakyat,2025-03-19 01:59:12+00:00,positif
emang paling bener kumpulin uang belajar bhs asing kerja di luar negri deh,2025-03-19 01:42:49+00:00,negatif
Katanya efisiensi anggaran rapat d hotel trs c in d hotel buset”,2025-03-19 01:25:04+00:00,netral
TNI beking sabung ayam aja dah cukup,2025-03-19 01:15:02+00:00,netral
"Tolak RUU TNI
Di Sahkan RUU Perampasan Aset",2025-03-19 01:03:36+00:00,negatif
Bersama TNI sabung ayam kuat,2025-03-19 00:58:00+00:00,positif
yg nolak juga orang2 itu aja🤣,2025-03-19 00:57:34+00:00,negatif
"gapapa, gua setuju, daripada polisi mending tni, indo kalo ga di kerasin rakyatnya pada ga punya otak",2025-03-19 00:56:59+00:00,negatif
Apa keadaan sekarang lebih baik???,2025-03-19 00:52:48+00:00,netral
RUU TNI itu bukan orde baru. ini hanya pekerjaan antek asing yg mau melemahkan TNI,2025-03-19 00:31:42+00:00,negatif
"apakah akan turun ke jalan lagi?
semoga aja ada yg mau sponsoriin",2025-03-18 23:30:37+00:00,negatif
ini udah dari jaman Jokowi Dwi Fungsi kalian ga ngerasa kan pejabat pejabat sekarang mantan militer TNI AD terutama pensiunan kopassus 😂🤣. malah AU dan AL anteng adem ayem ga ada pensiun TNI AU & AL,2025-03-18 23:13:59+00:00,negatif
YAELAH BAHAS2 YG DILAMPUNG GMN PARTAI COKLAT YG GREBEK PABRIK NARKOBA TPI BRNGNYA DIJUAL LAGI 🤣🤣🤣 BLOM KASUS NARKOTIKA DISIRAM BIAR HUKUMAN RENDAH 🤣🤣 RAHASIA UMUM HUKUM AJA BISA DIBELI LHA DISAMAIN SAMA SABUNG AYAM JAUHH,2025-03-18 23:06:58+00:00,negatif
Yang punya akal liat noh kasus terbaru sabung ayam di lampung 🎃,2025-03-18 22:57:58+00:00,positif
yang pada koar tolak RUU TNI udah tau isinya apa FOMO doang? 😂,2025-03-18 22:48:40+00:00,negatif
Fedi nuril lu diem deh ktnya mau pindah negara lu tp ga pindah”🫵🏻,2025-03-18 22:45:20+00:00,negatif
"gini amat ya mau daftar TNI ada aja,tapi masih tetep daftar 🔥🔥",2025-03-18 21:51:32+00:00,netral
baru knp itu pemblokiran kendaraan apabila terlambat pembayaran pajak tidak ada penolakan?,2025-03-18 21:24:28+00:00,negatif
Nikmatilah pilihan kalian🤣,2025-03-18 21:16:35+00:00,positif
"selama p prabowo masih jadi presiden, saya percaya kebijakan apapun itu untuk kemajuan NKRI",2025-03-18 21:04:47+00:00,positif
warga 58% mana ngerti kaya beginian 🤣,2025-03-18 21:03:11+00:00,negatif
dah ga ketolong ni negara,2025-03-18 20:59:31+00:00,negatif
herannya sepi aja🗿,2025-03-18 20:55:18+00:00,positif
definisi negara demokrasi dan value pancasila udah mulai di hilangin konoha,2025-03-18 20:54:25+00:00,negatif
Ntar militer yang jadi korup,2025-03-18 20:51:18+00:00,negatif
ureep urep,2025-03-18 20:44:43+00:00,netral
bang bahas yang lagi rame yg di bromo ada pohon g4nj4 dong,2025-03-18 20:18:21+00:00,negatif
Tolak ruu tni,2025-03-18 20:10:43+00:00,positif
RUU TNI INI DI USULAN DARI KORUPTOR SUPAYA TIDAK BISA KETANGKEP DI LINDUNGI OLEH PRABOWO SEBAGAI KEKUATAN MEREKA. APALAGI JOKOWI UDAH PANIK KEBURUKAN DIA UDAH MULAI DI BONGKAR DI TANAH PUBLIK. singkatannya begitu,2025-03-18 20:09:07+00:00,negatif
Anti banteng 🔥,2025-03-18 13:57:19+00:00,positif
"hmm, aku sebagai orang awam ngikut gimna baiknya aja dehh",2025-03-18 13:48:31+00:00,netral
emang paling bener #kaburajadulu,2025-03-18 13:48:30+00:00,positif
TNI=HAMA,2025-03-18 13:47:49+00:00,netral
ulah jawa semua,2025-03-18 13:42:39+00:00,positif
seperti tinggal di luar negri tidak terlalu buruk,2025-03-18 13:39:47+00:00,netral
"bang bahas penggebrekan tempat sabung ayam,3 polisi meninggal baku tembak. di way kanan,lampung",2025-03-18 13:38:35+00:00,negatif
TOLAK RUU TNI🥰,2025-03-18 13:32:47+00:00,positif
tar klo disahkan banyak org yg diculik dan kaga balik balik😁,2025-03-18 13:19:23+00:00,negatif
udah indo bubar aja lah😭,2025-03-18 13:13:34+00:00,negatif
bahas bromo yg sekarang bang,2025-03-18 13:10:22+00:00,positif
gila ni negara,2025-03-18 13:09:11+00:00,negatif
"tonton video dari @mich.schndr ,jngn berlbihan menggiring opini klo gk pham lu bang @geraldvincentt ,RUU mlh bgus krna agr sesuai pungsinya & buat menekan koruptor&polis konoha yg gk di prcy mshrkt",2025-03-18 13:01:07+00:00,negatif
"pendukung mulyono dan 5,8 bahagia",2025-03-18 12:51:59+00:00,positif
"Prabowo itu mending di jatuhkan sih jabatan nya jadi presiden, firasat gua Indonesia akan jadi negara paling miskin sih kek nya,presiden ngak ada guna",2025-03-18 12:43:07+00:00,negatif
inimah buat ngenakin si ibu negara t**dy biar kekuasaan nya bisa meluas di sektor² tertentu,2025-03-18 12:41:57+00:00,negatif
@kontsigmatol akan kah ada tni yang memiliki jabatan di kepemimpinan sipil kembali,2025-03-18 12:36:42+00:00,negatif
Kalo dpr masalah gini cepet nanggep nya ya. Heran masih ada yang milih,2025-03-18 12:35:09+00:00,negatif
mending kabur ke luar negeri😹,2025-03-18 12:31:35+00:00,negatif
lama lama jadi korut njay🗿,2025-03-18 12:15:30+00:00,negatif
"buset kalo gitu koruptor pada ugal""an pasti",2025-03-18 12:09:34+00:00,negatif
kaya drakor youth of may ga si???,2025-03-18 12:09:09+00:00,negatif
JANGAN DI JELASIN PERCUMA 58% GA BAKAL NGERTI DIA TAUNYA OKE GAS OKE GAS,2025-03-18 12:08:10+00:00,netral
KAMIS MAU D SAHKAN GUYS,2025-03-18 12:07:57+00:00,positif
udah lama lama indo juga jadi kaya korut,2025-03-18 12:07:04+00:00,negatif
Lebih percaya Prabowo kalo 2030 Indonesia bubar,2025-03-18 12:06:52+00:00,negatif
"buat point 3. trus gunanya pak gibran bikin layanan"" lapor mas wapres"" buat apaan?",2025-03-18 12:06:10+00:00,negatif
uu perampasan aset macet tp ruu tni dikebut gtu sampe rapat diem2 keren sih👏🏻,2025-03-18 12:05:39+00:00,negatif
bukannya waktu pilpres udah pada tau ya Prabowo menantunya Soeharto. ini adalah kebangkitan orde baru. dulukan yg milih prabowo kalian sendiri,2025-03-18 12:05:28+00:00,negatif
"Serius nih nanya, buat kalian yg nolak revisi UU TNI, kalian ga setujunya di bagian mana? Revisi pasal berapa? Alasannya apa? Saya duga kalian ini nolak hanya karena fomo atau ketakutan sendiri dwifungsi kembali, tapi sebenernya ga ngerti poin revisinya",2025-03-18 11:59:55+00:00,negatif
"ruu perampasan aset cuman angin belaka, fungsi DPR membuat peraturan yang melemahkan undang undang, suarakan bersatu mengepung kantor DPR dan tangkap ketua DPR",2025-03-18 10:20:21+00:00,negatif
Nda bisa sama order sama sekarang bos,2025-03-18 10:10:45+00:00,negatif
"bang kenapa kok keberhasilan tu selalu warna hijau,dan kegagalan tu selalu warna merah,padahal banyak tu warna lainnya",2025-03-18 09:56:44+00:00,negatif
zerr zerr,2025-03-18 09:56:24+00:00,negatif
demo DPR,2025-03-18 09:55:57+00:00,netral
TNI Anjg,2025-03-18 09:53:05+00:00,netral
anying ni negara ganti presiden berapa kali pun ga bener2,2025-03-18 09:51:51+00:00,negatif
bang ada berita TNI tembak polisi,2025-03-18 09:48:22+00:00,negatif
sepertinya aroma 98 mulai tercium nih👏,2025-03-18 09:47:28+00:00,negatif
Nusantara baru Indonesian hancur,2025-03-18 09:45:00+00:00,negatif
@Lil el,2025-03-18 09:44:18+00:00,positif
Banyak sekali yg rusak di negara konoha ini 😭🙏🏻,2025-03-18 09:36:23+00:00,negatif
"RUU TNI dia gas kan
RUU perampasan aset dia tak mau",2025-03-18 09:34:56+00:00,negatif
indonesia Milik Mulyono & Wowo Family,2025-03-18 09:32:37+00:00,positif
"pinter juga tuh DPR, ngebut RUU TNI biar makin KEBAL hukum dan ANTI kritik 😹",2025-03-18 09:27:53+00:00,negatif
rakyat bisa apa ini coeg coeg😹😹😹,2025-03-18 09:21:46+00:00,positif
isinya emng apa nih? Betul kh korup nnti bkal ga keungkap? lantas yg ditangkapin smpe hari ini itu apa? pngalihan isu?,2025-03-18 09:20:56+00:00,negatif
Petrus doank gw yg setuju diaktifkan,2025-03-18 09:19:39+00:00,positif
Kaya uda males aja denger berita di indo ni capekkkk cokkk capekkkkkk,2025-03-18 09:12:46+00:00,negatif
pusing liat negara indonesia ini muak sekali liatnya yg korupsi belum ditindak sekarang muncul lagi tilang aset rakyat hadeh mending bubarin negara in,2025-03-18 09:11:54+00:00,negatif
bahas RUU polri juga bg,2025-03-18 09:04:20+00:00,positif
gakpapa biarin aja biar masyarakat kita yg sok tau ini ngerasain gimana TNI yg sebenarnya nanti klau udah terjadi jangan nyesal krna emang penyesalan itu belakangan,2025-03-18 08:55:40+00:00,negatif
bahas masalah perampasan aset rakyat bg,2025-03-18 08:54:31+00:00,negatif
Bang bahas tentang uu tentang pajak off 2x kendaraan langsung disita🙏,2025-03-18 08:48:55+00:00,negatif
@𝕶𝖎𝖑𝖘𝖍𝖎𝖊𝖊𝖊 ⚚ mending #kaburajadulu kalo gini mah hadeh😹,2025-03-18 08:42:47+00:00,negatif
waduh nanti ilang nih rocky gerung😂,2025-03-18 08:38:19+00:00,negatif
"sampai berjumpa kembali di pengadilan yang paling adil yang akan dihakimi oleh hakim yang paling bijaksana.
yang tidak zalim dan tak menerima suap iaitu peradilan hari kiamat Dimna Allah adalah hakim Nya. awas kalian",2025-03-18 08:36:57+00:00,positif
Kk bahas aceh dan sumatra yg ingin memerdekakan diri karna muat dg sistem dan kebijakan yg tdk jelass,2025-03-18 08:35:11+00:00,positif
"klo disahkan TNI bukan bela negara lagi, tapi bela pemerintah",2025-03-18 08:32:34+00:00,negatif
"Aku pernah kerja di daerah lingkungan TNI , no 2 bener banget mereka itu sistemnya SENIOR DAN JUNIOR😞",2025-03-18 08:32:28+00:00,positif
"Heran, Rakyat Konoha pengen PETRUS kembali, tapi menolak RUU TNI, kan lucu 😌",2025-03-18 07:08:15+00:00,negatif
udah gk sehat ni negara,2025-03-18 07:05:43+00:00,negatif
sumpah penjelasan bang gerald ini udh paling jelas dan simple tapi masa ga ngerti juga sih RUU TNI ini didebat karna apa? pada sekolah dan bisa baca ga sih?,2025-03-18 07:05:28+00:00,netral
"pasukan ijo janganlah masuk jabatan sipil,apa tak bahaya ta??",2025-03-18 07:04:26+00:00,negatif
ihmam Mahdi : Wait for me,2025-03-18 07:01:21+00:00,negatif
bahas kasu TNI jaga ayam bang,2025-03-18 07:00:07+00:00,negatif
"bang, tempo udah ga independen dan meragukan untuk dipercaya lagi",2025-03-18 06:59:22+00:00,positif
bang bahas TNI yg dorr polisi,2025-03-18 06:58:33+00:00,negatif
"ohhh pantesan sembunyi sembunyi,ternyata biar mereka aman korupsi gitu?",2025-03-18 06:53:13+00:00,negatif
demokrasi untuk negara munafik cuma ladang cuan buat orang munafik dengan embel² agama,2025-03-18 06:50:54+00:00,negatif
bang coba bahas wisata bromo yang di tanami g4nj4,2025-03-18 06:49:29+00:00,positif
DPR nya tuh,2025-03-18 06:49:18+00:00,positif
"contoh aja TNI disuruh ngurus pertamina alhasil utang meroket dan memperkaya pribadi, hayoo tebak. 🗿",2025-03-18 06:47:52+00:00,negatif
#TOLAKRUUTNI,2025-03-18 06:44:41+00:00,negatif
"DPR INGIN CEPET"" MENGESAHKAN KARENA DI DPR NYA JUGA DALANG"" KORUPSI NYA DAN JUGA UNTUK MELINDUNGI NAMA BAIK MEREKA SENDIRI KALAU MEREKA ITU KORUPSI 🤣",2025-03-18 06:41:19+00:00,negatif
 [photo],2025-03-18 06:41:08+00:00,positif
gini amat hidup di negara anjing ini,2025-03-18 06:40:56+00:00,positif
"kalau RUU TNI sah berati negara kitaa bukan negara demokrasi lgi dong, jdi negara TNI",2025-03-18 06:39:37+00:00,negatif
bg bahas taman nasional bromo,2025-03-18 06:37:40+00:00,positif
ramein tagarnya #aTOLAKRUUTNI,2025-03-18 06:35:10+00:00,negatif
ayo dong tolak bersama,2025-03-18 06:32:59+00:00,positif
Ririn pulen😋😋,2025-03-18 06:29:27+00:00,netral
bukannya di era 10 thun belakang smp sekrng kita udah di masa orde baru. mungkin aku salah jg sih perasaan doang😑,2025-03-18 06:26:41+00:00,negatif
buzzer banyak yg ngga terima penjelasan lu bang wkwkwkwk,2025-03-18 06:22:04+00:00,negatif
bayangin lagi rapat sipil yg satu bawa bedil🙏,2025-03-18 06:13:36+00:00,negatif
kayanya apa yg wowo bilg Indonesia bubar 2030 bakalan dipercepat sama dia,2025-03-18 06:07:25+00:00,negatif
TANGKAP MULYONO,2025-03-18 06:06:32+00:00,netral
mahasiswa gk gerak selesai dah,2025-03-18 06:02:47+00:00,negatif
"https://berkas.dpr.go.id/akd/dokumen/baleg-RJ-20240903-080932-3747.pdf
ini berkas naskah ruu TNI ya ges. baca aja hal 17, soalnya ad poin"" yg GK ditulis di berita""",2025-03-18 05:59:36+00:00,negatif
"contohin aja kaya negara maju kek AS
walaupun negara besar tpi militernya tidak ikut campur dalam urusan pemerintahan",2025-03-18 05:50:13+00:00,netral
😻,2025-04-10 06:34:51+00:00,positif
😔,2025-04-10 05:18:24+00:00,positif
😻,2025-04-10 05:18:24+00:00,positif
yah klo gw mah g peduli orba orbaan yng penting bukti kinerja tni di bulog udh terbukti luar biasa🥶ngeri,2025-04-07 23:43:40+00:00,negatif
😳,2025-04-07 09:05:12+00:00,positif
🥰,2025-04-07 05:28:05+00:00,positif
@billysamuelo posting ulanggg😱😱😱😱,2025-04-07 05:17:24+00:00,positif
😂,2025-04-06 15:30:21+00:00,positif
🗿,2025-04-06 09:30:16+00:00,positif
😱,2025-04-06 07:10:20+00:00,positif
😁😁😁,2025-04-05 13:50:50+00:00,positif
tolak RUU TNI kembalikan ke barak aja,2025-04-05 09:21:11+00:00,negatif
"const indonesia require (""Pernapasan Amerika"")",2025-04-04 13:31:07+00:00,negatif
katanya demokrasi 🥺,2025-04-04 09:39:19+00:00,negatif
😁,2025-04-04 08:46:38+00:00,positif
😁,2025-04-04 07:41:33+00:00,positif
😝,2025-04-04 07:32:16+00:00,positif
"rakyat yg suka malink takut di dor dor.
pejabat suka malink jd takut gk dpt tempat.",2025-04-04 04:52:30+00:00,negatif
tanpa TNI loe gak bisa hidup aman,2025-03-31 06:47:29+00:00,positif
Jaman orde baru ga ada peristiwa bom bom an. Ada petrus jd jarang ada peristiwa kriminal sesadis sekarang..,2025-03-31 00:58:10+00:00,negatif
"jika di tangan pemerintah bersih pasti ada kedamaian, rapat UUD TNI dilakukan seperti maling takut ketahuan 🙈🙈🙈",2025-03-30 14:34:27+00:00,negatif
apa sih maksud nya ruu tni.bikin saya bingung .maklum lh mak2 byk yg di pikirin..,2025-03-30 12:50:36+00:00,negatif
😭,2025-03-30 06:46:21+00:00,positif
Tentara Hama,2025-03-30 05:23:21+00:00,negatif
"males sama indo, mayoritas sampah semua pejabatnya",2025-03-30 03:57:15+00:00,netral
😂,2025-03-30 03:53:45+00:00,positif
🤗,2025-03-30 03:28:46+00:00,positif
🙏,2025-03-30 02:35:24+00:00,positif
dukung RUU TNI,2025-03-30 02:04:06+00:00,positif
"@niakurniati0741:Kalau revisi TNI bikin rakyat berdaulat sejahtera, bisa membatasi ruang gerak para Maling Duit Rakyat , WHY NOT ?
Toh faktanya era Reformasi cuma menghasilkan PARA MALING DUIT RAKYAT ratusan milyar bahkan Ribuan Trilyun di mana mana ,di pusat sampai daerah, di BUMN,Di DPR ,Kementrian , Depertemen,sampai desa, dll ...
Reformasi cuma menghasilkan PAGAR LAUT, Tanah Rakyat di Rampas,seperti Rempang , Kekayaan Alam di kuasai Asing dan Aseng,
Reformasi (tidak bisa merubah ,membasmi ) Cuma menghasilkan Mafia mafia Pengadilan,Aparat bangsat, Birokrasi dan Birokrat KORUP ...
Era Reformasi cuma menghasilkan penindas rakyat,Pengangguran di mana mana, Buruh Upahnya Murah,Status nya OutSourching,
Reformasi Demokrasi Cuma Omong Kosong, Hukum tetap saja Tumpul ke atas Tajam ke Bawah,
Reformasi cuma menghasil kan Politik Dagang Sapi, Demokrasi jadi Pesta tahunan para Bajingan memperdaya hak politik rakyat dengan cara Nyogok rakyat biar memilih mereka ,
OPEN YOURE MIND ..
saya rakyat biasa sudah menjalani +-30 Tahun era Reformasi dan kesengsaraan nya Nak...
Dan kau Anak kemarin Sore yg cuma tahu Ngonten itu dapat Duit,dan sekarang masuk lubang Reformasi itu yg cuma Omong Kosong ,menjadikan issue KKN ,Dwi Fungsi dan Militerisasi , Tapi fakta nya Rakyat tetap Miskin ,tertindas dan di Pajakin dgn tinggi, Pendidikan Mahal,
Kita peduli pada Negara ini Woiiiii, setidaknya dari tahun 1998- s/d 2025 bukan Lo sja, dan sampai saat ini Negara Masih Tidak Lebih Baik ( Kalau tidak Mau di sebut Nilainya Rendah di mata asing , Negara Korup ) ,Bastadz..
Omongan mu itu dongeng Faktanya TDK se extreme itu Tentara , Tapi A_SUdahlah..
Selamat Ngonten dan ku doa kan dapat duit banyak dan kalau dapat banyak jangan lupa bagi2 duitnya sama anak yatim
#SalamWarasDanTetapDamai",2025-03-29 23:53:33+00:00,negatif
"moots aku plss 🙋🏻‍♀️, on tiap harii 🙇🏻‍♀️‼️",2025-03-29 23:13:24+00:00,positif
sekarang waktunya untuk kita berevolusi ✊✊✊,2025-03-29 23:10:35+00:00,positif
😂,2025-03-29 22:37:38+00:00,positif
negara gila cpek bgt ama berita di indonesia dari agustus taun lalu sampek sekarang ada aja gebrakanya,2025-03-29 22:32:58+00:00,negatif
ya klou kita baik gak bkln trjadi itu yang takut itu yang korup 😁,2025-03-29 21:32:39+00:00,negatif
ko jadi menyeramkan sekali negara ini ya allah.,2025-03-29 16:34:18+00:00,positif
🗿,2025-03-29 14:59:15+00:00,positif
tim partai Sono itu om yg nolak ...maklum ngak berkuasa 🤣🤣,2025-03-28 07:50:21+00:00,negatif
😅,2025-03-28 07:32:55+00:00,positif
yg rusak negara ini pasti yg sahkan RUU... sedangkan RUU perempatan aset saja mereka tdk mau sahkan,2025-03-28 06:26:37+00:00,negatif
koar2 doang jika tni kembali kebarak tolong gantikan mereka yang ada di daerah penugasan agar para tni bubuk manis dibarak,2025-03-28 04:44:32+00:00,negatif
Konoha otak lembab kuat mkn bakso,2025-03-28 04:13:27+00:00,netral
ayo hidupin pemerintah Majapahit 🥰,2025-03-28 01:52:51+00:00,positif
😥,2025-03-28 01:26:43+00:00,positif
😁,2025-03-28 01:12:25+00:00,positif
"emak sama anak Sama, pemecah bangsa.",2025-03-28 00:34:26+00:00,positif
😂,2025-03-27 23:40:56+00:00,positif
😂,2025-03-27 22:57:44+00:00,positif
😁,2025-03-27 21:54:52+00:00,positif
😁,2025-03-27 21:38:21+00:00,positif
tolak ruu tni gak boleh itu masyarakat nomor 1 bukan pejabat,2025-03-27 21:23:16+00:00,negatif
di Bayar berapa broo 😂,2025-03-27 21:15:52+00:00,negatif
😂,2025-03-27 21:15:00+00:00,positif
maksud korupsi tetap ada tapi ga ktauan?,2025-03-27 21:00:45+00:00,negatif
puaaaaannnnnn lu bener bener ye,2025-03-27 19:16:57+00:00,netral
ni ga salah gas kan,2025-03-26 23:35:02+00:00,negatif
🔥,2025-03-26 21:49:18+00:00,positif
yg nolak itu kn anak abah dan banteng 😁😂,2025-03-26 21:26:27+00:00,negatif
"Heh anak yang katanya pinter punya intelektual tinggi, seharusnya yang didemo itu uu perampasan aset!!!bukan demo beginian #GA.RESPECT.SAMA.MAHASEWA",2025-03-26 20:23:12+00:00,negatif
@putttt,2025-03-26 20:21:16+00:00,positif
makan tuh ok gas ok gas,2025-03-26 17:05:30+00:00,netral
RUU Posisi yang harus diwaspadai.,2025-03-26 15:57:53+00:00,negatif
🥰,2025-03-26 15:23:19+00:00,positif
🔥,2025-03-26 15:19:23+00:00,positif
🥰,2025-03-26 15:03:09+00:00,positif
😁,2025-03-26 14:41:48+00:00,positif
selagi puan anj itu ketua dpr kek ini la kita,2025-03-26 00:31:48+00:00,positif
Alamak petruss🗿,2025-03-26 00:28:11+00:00,positif
😭,2025-03-26 00:22:14+00:00,positif
😂,2025-03-26 00:21:32+00:00,positif
Mahasewa=Hama,2025-03-25 23:41:36+00:00,positif
padahal itu sudah ucapan presiden Sukarno presiden pertama kita dilarangnya angkatan perang di larang ikut2 politik,2025-03-25 23:26:36+00:00,negatif
😅,2025-03-25 23:07:39+00:00,positif
"gue sbnrnya bukan hates si aniss ini ,cuma gedek aja liat pendukung nya😅😅😅 selalu mendewa dewa kan dia wkwk pdhal apa yg dilakukan aniss ini gda pengaruh ke hidup mreka 😏",2025-03-25 23:04:53+00:00,negatif
🥰,2025-03-25 22:26:29+00:00,positif
😁,2025-03-25 22:21:52+00:00,positif
"puan maharani, dan antek anteknye... ah nth la, tx bise di deskripsikan kalian, aarg...",2025-03-25 21:51:42+00:00,negatif
😂,2025-03-25 21:15:09+00:00,positif
persetan demokrasi shitttttt,2025-03-25 20:51:44+00:00,negatif
"DPR ANJJ, T4II, TLOLL",2025-03-25 20:14:51+00:00,netral
hanya menuduh ke orde baru padahal faktanya kebalikan,2025-03-25 19:53:38+00:00,netral
sekolah bewan sg2,2025-03-25 19:45:27+00:00,positif
😁,2025-03-25 19:40:23+00:00,positif
😁,2025-03-25 19:17:10+00:00,positif
🤣,2025-03-25 19:11:29+00:00,positif
masyarakat tidak boleh pintar.....akan ditindas,2025-03-25 18:39:59+00:00,negatif
😇,2025-03-25 17:34:55+00:00,positif
petrus balik kah?,2025-03-25 17:27:30+00:00,negatif
"bang perasaan yg nnnya itu ruu tni nya dah bukan orde baru
jelasin pasalnya lh bang☺️kn klo kaya gini abngnya kaya ngegiring opini (?)",2025-03-25 17:26:31+00:00,negatif
🥰,2025-03-25 13:03:13+00:00,positif
yahh ngada pilihan lagi tuh DPR biar korupsi nya gak di ganggu,2025-03-25 12:49:24+00:00,negatif
😁😁😁,2025-03-25 12:38:21+00:00,positif
😅,2025-03-25 12:36:17+00:00,positif
😌,2025-03-25 12:17:11+00:00,positif
🥰,2025-03-25 12:15:22+00:00,positif
🙄,2025-03-25 12:08:06+00:00,positif
pindah negara aja gasih,2025-03-25 12:05:16+00:00,negatif
dukung ruu tni,2025-03-25 11:59:17+00:00,positif
🥰,2025-03-25 11:59:17+00:00,positif
🥰🥰🥰,2025-03-25 11:56:37+00:00,positif
😭,2025-03-25 11:54:31+00:00,positif
😁,2025-03-25 11:24:16+00:00,positif
😁,2025-03-25 11:16:22+00:00,positif
😁,2025-03-25 11:01:26+00:00,positif
😂,2025-03-25 10:55:37+00:00,positif
yang bilang dukung dah pasti buzzer,2025-03-25 10:52:17+00:00,negatif
😁,2025-03-25 10:41:03+00:00,positif
🥰,2025-03-25 10:30:26+00:00,positif
😡😡😡,2025-03-25 10:26:02+00:00,positif
kenapa ya kalo masalah nyusahin rakyat pasti enteng bgt tu palu😹😹,2025-03-25 10:12:13+00:00,negatif
🥰,2025-03-25 10:07:15+00:00,positif
Udah dipilih malah nyesel. Dari awal kemana aja?,2025-03-25 10:05:25+00:00,negatif
😂,2025-03-25 10:03:25+00:00,positif
bubarkan DPR,2025-03-25 09:57:50+00:00,negatif
"•lulusan kiamat 2012
•lulusan covid
•kurikulum percobaan
•lulusan kiamat 2024
•un percobaan
•pertamax = pertalite
•orde baru
gini amat masa dewasa guaa🥰",2025-03-25 09:49:57+00:00,positif
😏,2025-03-25 06:03:49+00:00,positif
bukannya dihindari malah mau dicicipin lagi🗿,2025-03-25 06:00:48+00:00,negatif
kacaw banget ini negara,2025-03-25 05:51:10+00:00,negatif
coba kalian baca novel laut bercerita itu nyeritain para aktivis yang menentang orde baru,2025-03-25 05:49:25+00:00,negatif
😂,2025-03-25 05:33:17+00:00,positif
yg protes ruu TNI demo itu kaki tangan PKI gaya baru karna mereka TDK bisa meng utak ati NKRI karna TNI yg melindungi NKRI ini lanjut terus TNI pantang mundur,2025-03-25 05:29:59+00:00,negatif
😳,2025-03-25 05:29:25+00:00,positif
👍,2025-03-25 05:24:14+00:00,positif
😂,2025-03-25 05:23:58+00:00,positif
kalo Ampe mengintimidasi rakyat sih para genster haru bersatu buat bantuin,2025-03-25 05:20:26+00:00,negatif
😂,2025-03-25 05:17:35+00:00,positif
DPR kepanjangan nya dewan apaan sih kayak gk guna gitu 🤔,2025-03-25 05:17:17+00:00,negatif
😳,2025-03-25 05:12:13+00:00,positif
🥰,2025-03-25 05:10:16+00:00,positif
😁😁😁,2025-03-25 05:08:26+00:00,positif
😳,2025-03-25 05:06:13+00:00,positif
😁,2025-03-25 04:58:54+00:00,positif
😂,2025-03-25 04:53:49+00:00,positif
😂,2025-03-25 04:44:10+00:00,positif
😭,2025-03-25 04:41:59+00:00,positif
10000000000000% DUKUNG PENUH,2025-03-25 04:40:46+00:00,positif
🗿,2025-03-25 04:39:06+00:00,positif
DPR nya siapa sih ini ? kok bisa di sahkan RUU TNI,2025-03-25 04:29:30+00:00,negatif
"polisi hama
polisi kera",2025-03-25 04:28:48+00:00,netral
RUU TNI disahkan tapi UU PERAMPASAN ASET ditolak. yallah pengen ada rejeki biar bisa pindah negara,2025-03-25 04:28:38+00:00,negatif
negara rusakkkk!!!,2025-03-25 04:24:55+00:00,negatif
cucu Seokarno beban bet anj,2025-03-25 04:24:04+00:00,netral
😂,2025-03-25 04:16:52+00:00,positif
"MANTAP, LIHAT DWIFJNGSI DI JAMSN ORBA, ADEMW TDK ADA KORUOSI TRILIUNAN. AMAN ADEM, RASA2NYA KITA BELUM MZMPU DI PINPIN SIPIL.",2025-03-25 04:02:51+00:00,negatif
DPR makanannya apa sih?,2025-03-25 04:01:24+00:00,netral
"tumben, biasanya ""bukan ye haha""",2025-03-24 22:57:11+00:00,netral
prabowo manis di awal gajelas banget😹,2025-03-24 22:44:33+00:00,netral
😂,2025-03-24 22:39:44+00:00,positif
Puan P nya.........,2025-03-24 22:35:35+00:00,negatif
😂,2025-03-24 22:34:41+00:00,positif
😁,2025-03-24 22:30:01+00:00,positif
RUU TNI from Malaysia🇲🇾🇲🇾,2025-03-24 22:26:27+00:00,positif
😁,2025-03-24 22:24:33+00:00,positif
hadeh masih aja banyak yang iri dengan pa prabowo yang hebat,2025-03-24 22:24:24+00:00,negatif
kok ambil keputusan sepihak si negara ini kan punya rakyat bukan negara mereka emang negara ini punya pejabat,2025-03-24 22:23:19+00:00,negatif
makin rusak ni negara,2025-03-24 22:20:23+00:00,negatif
@stafprabowo ijin pak🙏,2025-03-24 22:19:06+00:00,positif
bang mau pindah negara gmn ya,2025-03-24 22:17:35+00:00,negatif
🔥,2025-03-24 22:17:15+00:00,positif
😂,2025-03-24 22:16:38+00:00,positif
berarti kurang lebih kayak jaman Suharto ya bang?,2025-03-24 22:11:43+00:00,negatif
😂,2025-03-24 22:09:09+00:00,positif
"denger noh yang blom ngerti, so ngebela pejabat ke di empanin aja",2025-03-24 22:07:17+00:00,negatif
😂,2025-03-24 22:06:30+00:00,positif
#TOLAKRUUTNI,2025-03-24 22:05:00+00:00,negatif
🥰,2025-03-24 22:03:20+00:00,positif
🔥🔥🔥,2025-03-24 22:03:04+00:00,positif
😒,2025-03-24 22:02:20+00:00,positif
kabur aja dulu kalo gue mah,2025-03-24 22:00:36+00:00,negatif
bahas draftnya bukan orde baruny,2025-03-24 22:00:15+00:00,netral
RUU TNI UDA GAADA BG?,2025-03-24 21:55:36+00:00,negatif
🥰,2025-03-24 21:55:22+00:00,positif
duh indonesia makin aneh² pindah aja jangan disini bikin pusing😵😵,2025-03-24 21:54:04+00:00,negatif
"@acaa ?:hah? kamu tau ga si kalo presiden ga ad hak campur tangan di dalam ruu tni? masa gatau hukum yudikarif, legistatif sm eksekutif",2025-03-24 21:53:26+00:00,negatif
gini amat hidup di konoha,2025-03-24 21:49:21+00:00,positif
😋,2025-03-24 19:12:17+00:00,positif
ya kita bikin heboh dunia jika masyarakat sudah dgn pemerintahan..,2025-03-24 18:52:11+00:00,negatif
"Taukan siapa panji, Nuril, Ernest.. 😂",2025-03-24 18:50:15+00:00,negatif
bubarkan dpr,2025-03-24 18:42:09+00:00,negatif
joko Anwar takut tuehh sama TNI,2025-03-24 18:31:29+00:00,negatif
bang bahas bg kalo kita masyarakat stop bayar pajak gmna kedepannya 😂,2025-03-24 18:17:43+00:00,negatif
😁,2025-03-24 18:14:28+00:00,positif
yok semua mode barbar,2025-03-24 18:13:09+00:00,negatif
keknya gua harus bawa SG+awm dah kemana² + tambah turet+ vest level 4🗿👍,2025-03-24 18:05:27+00:00,negatif
makin bgini indonesia🥺🥺🥺,2025-03-24 18:01:23+00:00,netral
🗿,2025-03-24 17:56:22+00:00,positif
aku setuju jika TNI kembali berkuasa lagi karena sejak jaman persiden Suharto TNI ini yang berkuasa untuk melindungi dari para gengster😏,2025-03-24 17:50:06+00:00,netral
😂😂😂,2025-03-24 17:48:04+00:00,positif
heleh bentrok aja satu indo. sebelu di sah in,2025-03-24 17:47:28+00:00,negatif
😭,2025-03-24 17:45:38+00:00,positif
#tolakruutni,2025-03-24 17:34:35+00:00,negatif
lanjut kan RUU ini,2025-03-24 17:30:17+00:00,positif
😝,2025-03-24 17:28:14+00:00,positif
haruuuuss... gO TNI go,2025-03-24 17:21:00+00:00,positif
🤣,2025-03-24 17:09:44+00:00,positif
👍,2025-03-24 17:05:14+00:00,positif
🥰,2025-03-24 16:58:27+00:00,positif
🤩,2025-03-24 16:53:14+00:00,positif
😁,2025-03-24 16:51:14+00:00,positif
👍,2025-03-24 16:50:43+00:00,positif
@._ayu__ lu liat ini biar lu paham biar GK koar koar GK jelas lu,2025-03-24 16:41:29+00:00,netral
#kaburajadulu#,2025-03-24 16:40:19+00:00,negatif
"alm papaku bener..alasan dia gak milih ""itu"" dri dulu krna papaku bilang pasti bakalan kejadian era orde baru. aku gak percaya krna aku rasa ini udah jaman modern,,dan bener.Al-Fatihah papa😭",2025-03-24 16:35:50+00:00,negatif
herannya masih banyak yg bela mereka,2025-03-24 16:31:05+00:00,negatif
Prediksi 2030?🗿,2025-03-24 16:30:59+00:00,negatif
😂,2025-03-24 14:11:41+00:00,positif
bang coba jelasin kenapa DPR. itu mau banget kalo ruu TNI di sah hin,2025-03-24 14:10:22+00:00,negatif
we from malaysia💜,2025-03-24 14:09:14+00:00,negatif
😂,2025-03-24 14:06:15+00:00,positif
"itu yg protes ketakutan sendiri, takut gk bsa nyiyir lagi.
apa lagi si paling aktris itu org kurg kerjaan",2025-03-24 14:00:49+00:00,negatif
Yang gak setuju gay.. 😜,2025-03-24 14:00:27+00:00,negatif
Saya ingin membenarkan ruu tni!! Dan tidak ada nama nya dwingfungsi itu untuk dlu waktu zaman orde baru kalo sekarang beda tentara nya sekarang harus pensiun dlu dan ngerti gak sih!!!!!,2025-03-24 13:58:36+00:00,negatif
sebenarnya foto koruptor dan keluarganya di pajang di sekolahan kampus biar maluuu seumur hidupnya,2025-03-24 13:44:35+00:00,negatif
😂,2025-03-24 13:41:23+00:00,positif
🗿,2025-03-24 13:38:30+00:00,positif
panji kayak yg tau aja,2025-03-24 13:38:23+00:00,netral
aku lebih percaya TNI daripada polisi,2025-03-24 13:38:05+00:00,negatif
RUU TNI = HAMA,2025-03-24 13:37:48+00:00,netral
🙏🏻,2025-03-24 13:37:35+00:00,positif
😂,2025-03-24 13:36:51+00:00,positif
"contoh gampang nya petrus, widji thukul dll",2025-03-24 13:36:30+00:00,positif
😭,2025-03-24 13:36:15+00:00,positif
🗿,2025-03-24 13:34:58+00:00,positif
ih serem ya,2025-03-24 13:25:16+00:00,positif
makin hari Indonesia makin kek ajg pemerintahan nya ehhh,2025-03-24 13:22:22+00:00,negatif
😁,2025-03-24 13:21:43+00:00,positif
ngeri yaa,2025-03-24 13:19:02+00:00,netral
🤣,2025-03-24 13:17:07+00:00,positif
makin g jelas ni,2025-03-24 13:16:41+00:00,negatif
😂,2025-03-24 13:16:03+00:00,positif
🥰,2025-03-24 13:12:45+00:00,positif
🥰,2025-03-24 13:12:14+00:00,positif
🥺,2025-03-24 13:06:18+00:00,positif
😝,2025-03-24 13:04:47+00:00,positif
ini apaan si suruh aja Prabowo tolak gitu aja susah amat suruh probowo,2025-03-24 13:02:19+00:00,netral
😏,2025-03-24 11:18:43+00:00,positif
tolak balak ruutni,2025-03-24 11:18:16+00:00,negatif
"ya buat keamanan semuanya
kayaknya",2025-03-24 11:17:23+00:00,positif
"perasaan sama aj mau orde baru mau enggak,korupsi tetap aja pd didiemin sampai kejagung usut tuntas pun kejagung nya mlh di demo masyarakat",2025-03-24 11:16:42+00:00,negatif
😁,2025-03-24 11:12:53+00:00,positif
"apakah setelah ini kita akan pakai ""pernapasan Amerika""? ☠️",2025-03-24 11:12:47+00:00,negatif
orang jahat pasti. takut RUU TNI di sah kan.,2025-03-24 11:08:38+00:00,negatif
RUU TNI HAMA🤪,2025-03-24 11:08:13+00:00,positif
kesian la kome ni stay strong tau😞,2025-03-24 11:05:32+00:00,negatif
😂,2025-03-24 11:03:42+00:00,positif
🥰,2025-03-24 11:03:12+00:00,positif
yang jelas ketua nya aja ketakutan soal korupsi kali makanya pengen cepet di sahkan,2025-03-24 11:00:27+00:00,negatif
KACAU.,2025-03-24 10:55:29+00:00,negatif
"woppp, otw nabung beli vest lvl 3",2025-03-24 10:50:12+00:00,netral
RUU TNI di demo. RUU KUHAP aman wkwkwkwk lawak!!!!,2025-03-24 10:43:21+00:00,negatif
"padahal setiap rancangan uu yang mau dibuat dpr rata rata kontradiktif, kok buzzer mau ya dukungnya😹",2025-03-24 10:41:27+00:00,netral
sekarang aja dudukin dpr,2025-03-24 10:41:11+00:00,netral
#kaburajadulu,2025-03-24 10:40:37+00:00,negatif
💀,2025-03-24 10:40:04+00:00,positif
ini bukan tentang RUU TNI. tapi sakitnya kalah dalam kontestasi,2025-03-24 10:37:26+00:00,negatif
para koruptor langsung hilang tanpa kabar🤣🤣,2025-03-24 10:35:59+00:00,negatif
bubar aja lah Indonesia,2025-03-24 10:31:14+00:00,negatif
jadi ruu TNI ini bertujuan untuk menyusahkan rakyat?,2025-03-24 10:30:04+00:00,negatif
😁,2025-03-24 10:27:28+00:00,positif
😹,2025-03-24 10:27:02+00:00,positif
😂,2025-03-24 10:22:57+00:00,positif
Bahaya,2025-03-24 10:22:38+00:00,netral
😁,2025-03-24 10:21:32+00:00,positif
🙏,2025-03-24 10:09:32+00:00,positif
😂,2025-03-24 10:04:24+00:00,positif
coba liat vt nya @benpro.tv,2025-03-24 07:22:00+00:00,positif
🥰,2025-03-24 07:21:19+00:00,positif
santai aja kawan gk bakal ke orde baru kok itu cuma isu,2025-03-24 07:20:27+00:00,netral
kasian gen Beta baru lahir udh kacau negara nya🙂,2025-03-24 07:13:41+00:00,positif
🥰,2025-03-24 07:13:40+00:00,positif
Jalan pintas biar g ketahuan korupsi,2025-03-24 07:13:23+00:00,negatif
😁,2025-03-24 07:12:23+00:00,positif
ini negara mau ngecopy Korea Utara bjir😹,2025-03-24 07:10:15+00:00,negatif
🥰,2025-03-24 07:08:41+00:00,positif
gunanya Pancasila apa,2025-03-24 07:04:37+00:00,netral
🥰,2025-03-24 07:04:19+00:00,positif
orang yang korupsi bilek: asik gw GK ketahuan lagi,2025-03-24 07:00:06+00:00,negatif
indonesia tambah hari tambah para dan tambah kaya anjing,2025-03-24 06:55:51+00:00,negatif
🗿,2025-03-24 06:53:35+00:00,positif
🥰,2025-03-24 06:53:35+00:00,positif
😁,2025-03-24 06:52:28+00:00,positif
😂,2025-03-24 06:48:25+00:00,positif
pengen cepet cepet aman korup,2025-03-24 06:46:05+00:00,negatif
prabowo kan TNI bener ga,2025-03-24 06:44:24+00:00,netral
😏,2025-03-24 06:43:37+00:00,positif
🗿,2025-03-24 06:43:13+00:00,positif
🗿,2025-03-24 06:42:56+00:00,positif
😅,2025-03-24 06:39:06+00:00,positif
🥰,2025-03-24 06:38:33+00:00,positif
oh dpr mau korupsi kali jadi nya disahkan ruu tni,2025-03-24 06:38:15+00:00,negatif
lama lama indonesia kaya korut😔,2025-03-24 06:36:48+00:00,positif
😭😭😭,2025-03-24 06:35:32+00:00,positif
😂,2025-03-24 06:32:40+00:00,positif
🗿,2025-03-24 06:30:55+00:00,positif
🥰🥰🥰,2025-03-24 06:30:20+00:00,positif
"koyok e pemerintah mu iki wes ora mampu ngurusi rakyat mangkane butuh babu TNI
rodok males ncn pemerintah e kakean omong genok tindakan
#tolak RUU TNI",2025-03-24 04:32:26+00:00,negatif
emang RUU TNI jadi nya apa?,2025-03-24 04:28:39+00:00,negatif
"yg tolak RUU tni mereka tuh SDM rendah fomo gamau baca, demo merepotkan aparat, dukung yang fyp tanpa melihat fakta yang sebenarnya 😹🤣",2025-03-24 04:25:31+00:00,negatif
sepertinya kita sudah berada di jaman Keymal Ataturk,2025-03-24 04:23:49+00:00,positif
"unfortunately... guess your people need to shut up from talking bad about other countries, that's good..",2025-03-24 04:22:45+00:00,negatif
apa iya puan korupsi makanya sah in ruu tni biar ga ketauan,2025-03-24 04:21:00+00:00,negatif
👏,2025-03-24 04:20:59+00:00,positif
🤝,2025-03-24 04:19:43+00:00,positif
😁,2025-03-24 04:15:31+00:00,positif
pengen pindah negara 😭,2025-03-24 04:15:09+00:00,negatif
😭,2025-03-24 04:12:40+00:00,positif
🥰🥰🥰,2025-03-24 04:09:35+00:00,positif
kalok pak prabowo yang suruh kita suara ingin mendengarkan suara masyarakat gimana tuh,2025-03-24 04:01:08+00:00,negatif
bng kenapa kalo mimpi horor itu tubuh kita kaya ga bisa gerak,2025-03-24 03:58:23+00:00,negatif
😭,2025-03-24 03:55:24+00:00,positif
😂,2025-03-24 03:55:21+00:00,positif
harus d refisi tuh kayak hukum ngak berlaku buat pejabat,2025-03-24 03:53:29+00:00,negatif
🤣,2025-03-24 03:50:49+00:00,positif
negara demokrasi. tp rakyat cm bs pasrah dn gk pny hak suara?,2025-03-24 03:43:11+00:00,negatif
ahaha jadi kaya Korea Utara ya.,2025-03-24 03:42:23+00:00,negatif
😭,2025-03-24 03:38:03+00:00,positif
😭,2025-03-24 03:36:39+00:00,positif
nggak usah bayar pajak 1 tahun semua Indonesia biar nggak bisa korupsi heheh🗿,2025-03-24 03:31:49+00:00,negatif
welcome back petrus,2025-03-24 03:30:18+00:00,positif
😁,2025-03-24 03:26:23+00:00,positif
#kaburajadulu😹😹😹😹,2025-03-24 03:23:32+00:00,positif
😹,2025-03-24 03:22:14+00:00,positif
🙏🏻,2025-03-24 03:21:21+00:00,positif
"intuk adik"" belajar giat biar pintar biar bisa pindah negara",2025-03-24 03:20:45+00:00,positif
pak SBY juga mantan tentara tpi peraturan yg dibuat rata2 fokus ke pendidikan dan kepentingan masyarakat kecil,2025-03-24 03:18:05+00:00,netral
🗿,2025-03-24 01:38:50+00:00,positif
apakah kita jadi seperti anak² di pulau marley😭😭😭,2025-03-24 01:38:46+00:00,positif
🥰🥰🥰,2025-03-24 01:30:13+00:00,positif
#tolak ruutni,2025-03-24 01:30:04+00:00,negatif
dan akhirnya tragedi bimasakti 1995 keulang lagi🗿,2025-03-24 01:29:29+00:00,negatif
beneran harus kaburajadulu kayanya,2025-03-24 01:28:47+00:00,negatif
😇,2025-03-24 01:26:37+00:00,positif
"""pretty girl tidak bercerita, tapi demo ke pratu"" 😂😭",2025-03-24 01:26:02+00:00,netral
😳,2025-03-24 01:18:53+00:00,positif
"sperti biasa yg di salahkan psti presiden,, pdhl yg meng sah kan RUU tu DPR,, ketua DPR siapa adik²?? 😂😂,, iya bner skali cucu dr hasirama senju 🤣🤣",2025-03-24 01:17:46+00:00,negatif
😁,2025-03-24 01:17:00+00:00,positif
🗿,2025-03-24 01:16:15+00:00,positif
"#indonesia tidak baik"" saja",2025-03-24 01:13:20+00:00,negatif
@shivvjeu_09 negara gaje,2025-03-24 01:08:58+00:00,negatif
🔥,2025-03-24 01:00:35+00:00,positif
❤❤❤,2025-03-24 01:00:13+00:00,positif
#tolakrevisiruutni [photo],2025-03-24 00:53:41+00:00,negatif
😂,2025-03-24 00:53:30+00:00,positif
tolak Ru Tnni,2025-03-24 00:52:47+00:00,positif
🤣,2025-03-24 00:52:28+00:00,positif
🔥,2025-03-24 00:49:57+00:00,positif
#TolakRUUTNI,2025-03-24 00:48:59+00:00,negatif
malah makin aneh🗿,2025-03-24 00:43:26+00:00,netral
😂,2025-03-24 00:39:03+00:00,positif
😭,2025-03-24 00:34:20+00:00,positif
ini gakpapa kan aku takut....😨😰,2025-03-24 00:33:48+00:00,negatif
😳,2025-03-24 00:30:58+00:00,positif
lengserkan presiden,2025-03-24 00:29:52+00:00,positif
🥺🥺🥺,2025-03-24 00:28:59+00:00,positif
Logika aja koruptor di tangkep cuma buat pemain baru masuk bukanya UUD KORUPTR di perkuat malah uud lain ya di barengin dong apapun UUD KORPT DAHULKAN DEMI KEMASLAHATAN ORANG BANYAK!!!!!!!!!,2025-03-24 00:28:26+00:00,negatif
😁,2025-03-23 22:22:11+00:00,positif
"tapi korupsi besar besaran mlh terungkap,",2025-03-23 22:22:03+00:00,negatif
🥰,2025-03-23 22:18:30+00:00,positif
duit lebaran beli udud❎️duit lebaran beli rompi anti pelor💀✅️,2025-03-23 22:17:45+00:00,negatif
😻,2025-03-23 22:16:50+00:00,positif
🔥,2025-03-23 22:16:45+00:00,positif
"JANGAN SALAHKAN PRESIDEN, INGAT INI ULAH DPR!!! JANGAN KEGIRING BUZZEER HINA CIPTAAN KORUPTOR!!!",2025-03-23 22:12:32+00:00,negatif
😊,2025-03-23 22:11:07+00:00,positif
KKN terulang lagi nih kaya pas orde baru,2025-03-23 22:10:52+00:00,negatif
"demen banget nyiksa rakyat
suatu hari akan datang seseorang dan menyelamatkan orang Indonesia dari era kegelapan ini",2025-03-23 22:08:48+00:00,positif
😹😹😹,2025-03-23 22:08:45+00:00,positif
🥰,2025-03-23 22:05:43+00:00,positif
make ni negara,2025-03-23 22:03:58+00:00,negatif
😂,2025-03-23 22:03:32+00:00,positif
go too American,2025-03-23 22:00:57+00:00,negatif
😁,2025-03-23 22:00:25+00:00,positif
🥰,2025-03-23 21:58:18+00:00,positif
yauda si #lari aja dulu,2025-03-23 21:57:26+00:00,negatif
😃,2025-03-23 21:56:07+00:00,positif
ganti DPR jadi DPP,2025-03-23 21:55:07+00:00,netral
#TolakRuuTni,2025-03-23 21:54:27+00:00,negatif
"Orang yang heboh cuman ikut ikutan bang, orang yang tau gak bakal nolak kok, kurang literasi aja",2025-03-23 21:54:26+00:00,negatif
🤲,2025-03-23 21:54:16+00:00,positif
😢,2025-03-23 21:53:24+00:00,positif
ga ekspek ke mesjid bawa ak-47,2025-03-23 21:51:16+00:00,netral
🥰,2025-03-23 21:49:49+00:00,positif
😹,2025-03-23 21:49:22+00:00,positif
sumpah dah emang mereka udah perhitungin apa masa depan indonesia,2025-03-23 21:49:21+00:00,positif
waduh masih boleh nonton film kayak anime sama k-pop,2025-03-23 21:45:08+00:00,negatif
"setau gue klo ruu tni itu, cuman untuk yg tni dan istri tni, sama ank tni🙏🏻(setau gue)",2025-03-23 21:43:52+00:00,positif
😁,2025-03-23 20:03:18+00:00,positif
DPR anjingg asuuu,2025-03-23 19:58:59+00:00,netral
🤣,2025-03-23 19:58:50+00:00,positif
mau pindah warga negara aja aku lah dada see you indo,2025-03-23 19:26:36+00:00,negatif
s2,2025-03-23 19:24:29+00:00,netral
🥰,2025-03-23 19:15:55+00:00,positif
😃,2025-03-23 19:13:17+00:00,positif
Ga kebayang ke sekolah bawa AK 47 🗿,2025-03-23 19:12:39+00:00,positif
😂,2025-03-23 19:11:44+00:00,positif
Mulai ada sosmed kok tambah pusing ya.,2025-03-23 19:04:54+00:00,negatif
kabur aja dulu,2025-03-23 19:00:41+00:00,negatif
@partaigerindra iki nyapo min deloken kui pora melas karo rakyat,2025-03-23 18:59:02+00:00,negatif
#Tolakruutni,2025-03-23 18:58:15+00:00,negatif
🗿,2025-03-23 18:57:18+00:00,positif
😁,2025-03-23 18:50:49+00:00,positif
🥰,2025-03-23 18:48:23+00:00,positif
aku yang orang malaysia tak paham apa² 🗿,2025-03-23 18:47:44+00:00,negatif
@enomanik,2025-03-23 18:41:58+00:00,positif
Lah.. brrti ini mh gosip lama yg terealisasi donk 😌 kmbali k jaman orba 🙏,2025-03-23 18:41:35+00:00,negatif
😭,2025-03-23 18:40:54+00:00,positif
😁,2025-03-23 18:39:31+00:00,positif
😄,2025-03-23 18:38:53+00:00,positif
😁,2025-03-23 18:34:27+00:00,positif
🥰,2025-03-23 18:19:39+00:00,positif
😁,2025-03-23 18:19:38+00:00,positif
"lagi nunggu RUU
istri 2 bulan di tingga suami merantau maka akan di sita negara.",2025-03-23 18:14:40+00:00,negatif
"RUU PERAMPASAN ASET kok gak di demo untuk segera di sahkan ya, kemana nih mahasiswa & mahasiswi kok gak ada suara untuk pengesahan ruu perampasan aset koruptor 🤔🙄🙄🙄🙄🤔🤔🤔🤔🤔",2025-03-23 18:09:25+00:00,negatif
🥰,2025-03-23 18:07:39+00:00,positif
Ni para pjbt pengen ngga ketahuan korup nya ngga sih?,2025-03-23 18:03:25+00:00,negatif
😂,2025-03-23 18:00:52+00:00,positif
😁,2025-03-23 15:56:32+00:00,positif
😁,2025-03-23 15:55:47+00:00,positif
😂,2025-03-23 15:54:43+00:00,positif
RUU TNI disahkan senjata api dilegalkan baru masyarakat bakalan nerima,2025-03-23 15:54:05+00:00,negatif
bang hati2 hilang bang,2025-03-23 15:53:42+00:00,negatif
🗿,2025-03-23 15:52:53+00:00,positif
"ga heran sih kalo si puan mau biki RUU TNI , soalnya kan PDI banyak yang korupsi , jadi nyari aman biar korupsi nya lancar",2025-03-23 15:51:27+00:00,negatif
"- Selamat dari kiamat 2012
- Pandemi Covid 19
- Jadi bahan percobaan kurikulum
- Korupsi Pertamax,timah,emas,pagar laut,dll .
tambahin yang banyak gw lupa soalnya",2025-03-23 15:49:15+00:00,negatif
🥰,2025-03-23 15:47:26+00:00,positif
Lah DPR yang tukang korup ya jelas pengen cepet di lakuin,2025-03-23 15:45:28+00:00,negatif
#TOLAK RUU TNI,2025-03-23 15:44:37+00:00,positif
Kalo d sah kan udh gabisa lagi rakyat jelata kyk kita viral viral kan bobroknya pemerintahan 😩,2025-03-23 15:41:57+00:00,negatif
pindah aja lah pindah,2025-03-23 15:39:54+00:00,negatif
bg bahas ruu kejaksaan juga,2025-03-23 15:37:53+00:00,positif
negara anjing,2025-03-23 15:37:35+00:00,positif
😭,2025-03-23 15:34:57+00:00,positif
saya sebagai rakyat Malaysia mendoakan supaya ruu tni tidak dilaksanakan di Indonesia semoga saudara kita berada dalam keadaan yang baik,2025-03-23 15:32:17+00:00,negatif
🥰,2025-03-23 15:31:02+00:00,positif
😂,2025-03-23 15:30:35+00:00,positif
TOLAK RUU TNI🔥,2025-03-23 15:30:31+00:00,positif
🥰,2025-03-23 15:25:04+00:00,positif
aloy pos u,2025-03-23 15:22:51+00:00,positif
siapa yg bikin ruu tni...itulah dalang ke2 korupsi..,2025-03-23 15:22:29+00:00,negatif
apakah ini akan menjadikan anak muda Indonesia akan berpindah WN?,2025-03-23 15:21:33+00:00,negatif
😁,2025-03-23 15:20:08+00:00,positif
sangat mendukung RUU TNI 🔥🔥,2025-03-23 15:19:35+00:00,positif
@no name,2025-03-23 15:17:44+00:00,negatif
👀,2025-03-23 15:16:35+00:00,positif
🙏,2025-03-23 13:12:21+00:00,positif
😂,2025-03-23 13:11:02+00:00,positif
😂,2025-03-23 13:08:41+00:00,positif
🥰,2025-03-23 13:07:47+00:00,positif
@izshhan14,2025-03-23 13:07:20+00:00,positif
@ManusiaSuper?? @impossible ntar ke sekolah bawa bekal SG 2 pendek🗿,2025-03-23 13:06:07+00:00,negatif
takut di salah gunakan,2025-03-23 13:04:50+00:00,negatif
😭,2025-03-23 13:03:10+00:00,positif
😂,2025-03-23 13:01:49+00:00,positif
🥺,2025-03-23 12:56:46+00:00,positif
🥰,2025-03-23 12:56:45+00:00,positif
🥺,2025-03-23 12:56:44+00:00,positif
🙏,2025-03-23 12:54:55+00:00,positif
jdi bagusnya tolak apa terima nih,2025-03-23 12:52:40+00:00,negatif
♥️,2025-03-23 12:52:06+00:00,positif
@dis👑,2025-03-23 12:49:45+00:00,positif
🥰,2025-03-23 12:48:06+00:00,positif
dia yg bikin undang² jdi bebas korupsi karna bisa direvisi undang²nya biar ga di penjara 🗿,2025-03-23 12:41:01+00:00,negatif
🗿,2025-03-23 12:40:25+00:00,positif
yg nolak RUU TNI g*bl*k,2025-03-23 12:39:19+00:00,negatif
rapat DPR ga dipublikasi bikin ruu rakyat ga dikasih tau setransparan ini kah wakil rakyat kita 🗿🗿,2025-03-23 12:39:01+00:00,negatif
Gasss demoo,2025-03-23 12:35:37+00:00,negatif
😬😬😬,2025-03-23 12:33:21+00:00,positif
😁,2025-03-23 12:28:59+00:00,positif
yg menolak pendukung wabah semua🤣,2025-03-23 12:27:53+00:00,negatif
nyesel kan kalian pilih presiden Prabowo yang tidak berguna itu 🤣 kan pas acara capres doang ini itu 🤣,2025-03-23 12:24:34+00:00,negatif
😁,2025-03-23 12:22:49+00:00,positif
"Indonesia menuju emas❌
Indonesia menuju cemas✅
kasian Ama pahlawan yang dulu perjuangin nih negara eh ujung ujungnya di babat abis Ama yg katanya DEMI RAKYAT",2025-03-23 12:22:45+00:00,positif
konoha konoha,2025-03-23 12:22:04+00:00,netral
makanya lbh baik #kaburajadulu,2025-03-23 12:21:59+00:00,netral
#TolakRuutni😹,2025-03-23 10:31:41+00:00,positif
🥰,2025-03-23 10:31:31+00:00,positif
g kebayang nanti 2035 salah gerak dikit di pepeng🤭,2025-03-23 10:31:02+00:00,negatif
🙃,2025-03-23 10:29:55+00:00,positif
puan=hama,2025-03-23 10:28:34+00:00,netral
😇,2025-03-23 10:24:39+00:00,positif
😂,2025-03-23 10:23:36+00:00,positif
😁,2025-03-23 10:20:13+00:00,positif
Prabowo manis di awal pahit di ahkir,2025-03-23 10:19:24+00:00,negatif
#kaburajadulu,2025-03-23 10:19:04+00:00,negatif
🥰,2025-03-23 10:18:42+00:00,positif
INDONESIA EMAS 😹😹,2025-03-23 10:18:12+00:00,positif
"jadi kan ruutni udh di sahkan, kita diatur militer?",2025-03-23 10:14:58+00:00,negatif
negara apa kaya gini coy??,2025-03-23 10:11:27+00:00,negatif
😂,2025-03-23 10:09:32+00:00,positif
"padahal kalo suatu pemerintahan dikritik masyarakat berarti didalam suatu lembaga tsb ada yg perlu di evaluasi, bukan malah ngesahin RUU TNI. MIRISSSSS !!!",2025-03-23 10:09:08+00:00,negatif
#TOLAKRUUTNI,2025-03-23 10:04:03+00:00,negatif
😃,2025-03-23 10:00:27+00:00,positif
😏😏😏,2025-03-23 09:59:05+00:00,positif
jadi ingat lagu gus dur 😌,2025-03-23 09:58:39+00:00,netral
"Membubarkan DPR (Dewan Perwakilan Rakyat) di Indonesia bukan perkara mudah karena sistem ketatanegaraan Indonesia tidak memberi kewenangan kepada presiden atau pihak lain untuk membubarkannya secara langsung. Namun, ada beberapa skenario yang secara teori bisa menyebabkan DPR kehilangan fungsinya atau mengalami perubahan signifikan:
1. Amandemen UUD 1945
UUD 1945 harus diamandemen untuk mengubah atau menghapus eksistensi DPR.
Amandemen dilakukan oleh MPR (yang terdiri dari DPR dan DPD) dengan persetujuan minimal 2/3 anggota yang hadir dalam sidang dan harus disetujui oleh lebih dari 50% dari seluruh anggota MPR.
2. Krisis Politik Besar dan Tekanan Publik
Gerakan rakyat yang sangat besar (demonstrasi, mogok nasional, dll.) bisa memaksa perubahan sistem politik, seperti yang terjadi pada Reformasi 1998 yang mengakhiri kekuasaan Orde Baru.
Namun, ini hanya mungkin jika ada dukungan luas dari berbagai elemen masyarakat dan politik.
3. Intervensi Militer atau Kudeta
Dalam sejarah berbagai negara, DPR atau lembaga legislatif sering dibubarkan melalui kudeta militer atau pengambilalihan kekuasaan oleh pihak tertentu.
Namun, ini bertentangan dengan prinsip demokrasi dan konstitusi Indonesia.
4. Pembubaran oleh Mahkamah Konstitusi atau Mekanisme Hukum Lain
Saat ini, tidak ada mekanisme hukum yang memungkinkan Mahkamah Konstitusi (MK) membubarkan DPR.
Namun, jika ada kasus pelanggaran konstitusi besar-besaran, bisa saja muncul aturan baru yang memungkinkan hal tersebut.
5. Referendum Nasional
Jika ada desakan rakyat yang sangat kuat, bisa saja dilakukan referendum nasional untuk mengubah sistem ketatanegaraan.
Namun, mekanisme referendum di Indonesia saat ini belum diatur secara spesifik dalam konstitusi.
Secara praktik, membubarkan DPR hampir tidak mungkin kecuali ada perubahan besar dalam sistem politik dan hukum Indonesia. Yang lebih realistis adalah mendorong reformasi DPR agar lebih transparan, akuntabel, dan benar-benar mewakili kepentingan rakyat.",2025-03-23 09:58:29+00:00,negatif
indonesia malu ih,2025-03-23 09:55:58+00:00,negatif
"rapat diam-diam, pengen banget menguasai negara ini 🗿",2025-03-23 09:47:50+00:00,positif
idiosiaea♥️,2025-03-23 09:47:34+00:00,positif
kan udh dblng bakal kaya jamannya pa harto,2025-03-23 09:47:21+00:00,netral
puan sumbing,2025-03-23 09:47:20+00:00,positif
😁,2025-03-23 09:47:17+00:00,positif
🥰,2025-03-23 09:46:31+00:00,positif
@ithaaaa,2025-03-23 09:45:27+00:00,negatif
cita² ku ingin pindah negara ke 🇰🇷,2025-03-23 09:42:57+00:00,negatif
😋,2025-03-23 08:03:58+00:00,positif
😁,2025-03-23 08:03:00+00:00,positif
🥰,2025-03-23 07:57:01+00:00,positif
🤲,2025-03-23 07:56:50+00:00,positif
nah makanya jangan pilih presiden tentara 😹,2025-03-23 07:55:25+00:00,negatif
woiii apaan sih ini gua gregettt bangetttttt astaga,2025-03-23 07:54:06+00:00,negatif
🗿,2025-03-23 07:46:53+00:00,positif
😻,2025-03-23 07:46:51+00:00,positif
lah makin gk bener aja Indonesia,2025-03-23 07:46:37+00:00,negatif
🤣🤣🤣,2025-03-23 07:45:04+00:00,positif
😁,2025-03-23 07:42:29+00:00,positif
sama aja melindungi koruptor gak si 🙏,2025-03-23 07:41:42+00:00,negatif
PINDAH PLANET AJA LAH SEKALIAN 😭😭,2025-03-23 07:40:03+00:00,negatif
emang paling bener damkar sih✨,2025-03-23 07:37:05+00:00,positif
bawa wifi kali ayo kita ke marss,2025-03-23 07:36:23+00:00,netral
ganti aja ketua DPR nya 😏,2025-03-23 07:35:50+00:00,netral
untung tempat gw aman,2025-03-23 07:35:39+00:00,negatif
💔,2025-03-23 07:30:48+00:00,positif
"kode:87663
nama:adminRuutNi21
bug: code//Garuda2//clear.com/F2C7ryt
bug code: bugsett22",2025-03-23 07:30:43+00:00,negatif
"siap"" seluruh gen sekolah bawa SG 2",2025-03-23 07:29:56+00:00,positif
🥰,2025-03-23 07:29:04+00:00,positif
😊,2025-03-23 07:28:27+00:00,positif
udh merdekakan saja tiap provinsi yang ada di Indonesia dan bubarkan Indonesia,2025-03-23 07:25:45+00:00,negatif
liat alesan pala calon tni aja udh gk bener ini malah ada ruu tni,2025-03-23 07:22:37+00:00,negatif
Di jajah di negara sendiri 🔥🔥🔥,2025-03-23 07:22:08+00:00,positif
mungkin ini cara pada koruptor lebih aman mknya mungkin di muncul kan ruu tni,2025-03-23 07:21:54+00:00,negatif
♥️,2025-03-23 07:21:47+00:00,positif
"list yang mau pindah negara (korsel)
-gue",2025-03-23 07:18:33+00:00,negatif
🥺,2025-03-23 07:16:35+00:00,positif
#DUKUNGRUUTNI,2025-03-23 07:16:01+00:00,negatif
Pindah ke negara lain aja ayo,2025-03-23 05:12:31+00:00,negatif
"@Aqilaa-🦖🦖:aamiin kaaa, padahal yang ngajuin RUU TNI itu PAK JOKOWI",2025-03-23 05:12:24+00:00,negatif
😍,2025-03-23 05:11:20+00:00,positif
😁,2025-03-23 05:10:19+00:00,positif
a,2025-03-23 05:08:25+00:00,positif
bagusan di korut ga sih,2025-03-23 05:08:14+00:00,negatif
mksdnya orang nya hilang itu apa?,2025-03-23 05:07:55+00:00,negatif
🙏,2025-03-23 05:07:32+00:00,positif
😄,2025-03-23 05:07:32+00:00,positif
🙏,2025-03-23 05:07:28+00:00,positif
😄,2025-03-23 05:07:27+00:00,positif
🙏,2025-03-23 05:07:26+00:00,positif
😄,2025-03-23 05:07:24+00:00,positif
🙏,2025-03-23 05:07:23+00:00,positif
😄,2025-03-23 05:07:23+00:00,positif
😂,2025-03-23 05:05:21+00:00,positif
#kaburajadulu,2025-03-23 05:02:15+00:00,negatif
"TOLAK RUU TNI!!
Apalah RUU TNI,kita ngidolain kpop aja di tangkep🙄🙄gays yg kpopers pindah alam yuk,gw bawak🗿",2025-03-23 05:02:15+00:00,negatif
💀,2025-03-23 05:02:14+00:00,positif
takut banget kaya palestina...,2025-03-23 04:59:16+00:00,negatif
#KaburHajaDulu#,2025-03-23 04:56:30+00:00,negatif
"tolak RUU TNI,..ORBA BARU akan lahir kmbli...",2025-03-23 04:53:32+00:00,positif
"di paksa sehat di negara yang sakit,pengen pindah negara aja bawaan nya",2025-03-23 04:48:03+00:00,negatif
@C,2025-03-23 04:47:41+00:00,positif
jadi inget kisah marsinah,2025-03-23 04:42:17+00:00,negatif
yeee tau gitu gw lahir di ausie aje...,2025-03-23 04:41:33+00:00,negatif
oh berarti intinya kalo kita ngungkapin korup langsung di dorr mangkanya di buat ruu biar hening ga ada kekerasan tapi indo indo bisa bangkrut kalo salah mohon di koreksi 🙏,2025-03-23 04:37:02+00:00,negatif
😁,2025-03-23 04:36:51+00:00,positif
"zaman orde baru kata bapakku, pak Harto pro petani. bahkan Dy turun langsung, bibit padi murah beras mahal, tp Bulog murah JD padi petani d bayar mahal kalau d jual🙏petani rata2 pengen kaya orde baru",2025-03-23 04:35:25+00:00,negatif
"kata bapakku yang ada d orde baru sampe sekarang,memang itu yg bagus😁pas zaman pak Harto ga ada begal, ga ada mafia khusunya d Medan... yg sekarang bikin garuk kepala... katanya malah bagus.🙏",2025-03-23 04:32:49+00:00,negatif
liat ini pak Jokowi 😔🙏,2025-03-23 03:14:07+00:00,positif
Indonesia makin kacau,2025-03-23 03:13:36+00:00,negatif
negara GENDENG cik😠😮‍💨😒,2025-03-23 03:13:01+00:00,positif
iya lah di kebut biar pejabat bebas korup 😏,2025-03-23 03:09:31+00:00,negatif
gw mau bawa dbs,2025-03-23 03:03:19+00:00,netral
petrus jir💀 penembak misterius kembali kah? 💀,2025-03-23 03:01:58+00:00,negatif
😂,2025-03-23 03:01:13+00:00,positif
@gerindra,2025-03-23 03:01:05+00:00,positif
"DPR ( Dewan Perwakilan Rakyat ), rakyat menolak RUU TNI sebagai DPR harusnya mendengarkan Rakyat malah di abaikan jadi DPR tugas sebenarnya apa?",2025-03-23 03:00:09+00:00,negatif
@💤 udah liat kak,2025-03-23 02:55:14+00:00,negatif
😁,2025-03-23 02:53:29+00:00,positif
Rencana terakhir korup supaya bisa jalan terus. korupsi 🗿,2025-03-23 02:53:05+00:00,negatif
kok gw jadi muak ya jadi wni😥,2025-03-23 02:52:34+00:00,negatif
#TOLAKRUUTNI,2025-03-23 02:51:23+00:00,negatif
tolak RUU TNI,2025-03-23 02:49:59+00:00,positif
🥰,2025-03-23 02:49:17+00:00,positif
"NAIKIN HASTAG INI GUYS!!
#TolakRUUTNI
#TolakRevisiUUTNI
#PeringatanDarurat
#IndonesiaGelap
#TolakDwifungsiABRI",2025-03-23 02:48:01+00:00,negatif
😳😳😳,2025-03-23 02:47:02+00:00,positif
😂,2025-03-23 02:45:28+00:00,positif
tik tok anjing,2025-03-23 02:41:20+00:00,negatif
🥰,2025-03-23 02:39:55+00:00,positif
bulan ramadhan banyak pengaduan langsung ke Allah. krna banyaknya kedzoliman pemerintah. mkin bnyak bertia macam bgini makin takut. bukan takut kepada pemerintahan. takut krna ulah pemerintah rakyat hrus merasakan musibah,2025-03-23 02:39:37+00:00,negatif
Ini tuh emg udh di sepakati presiden?,2025-03-23 02:37:55+00:00,negatif
😁,2025-03-23 02:37:45+00:00,positif
😳,2025-03-23 02:34:26+00:00,positif
emang negara korup,2025-03-23 02:34:13+00:00,negatif
😳,2025-03-23 02:32:09+00:00,positif
ke sekolah bawa ak sama sg2 🗿,2025-03-23 02:31:52+00:00,positif
selama ada PDI Indonesia hancur,2025-03-23 02:31:01+00:00,negatif
kayak udah lahir ae wktu orba,2025-03-23 02:30:52+00:00,negatif
😁,2025-03-23 00:47:40+00:00,positif
ga phm,2025-03-23 00:45:20+00:00,netral
"kalian ge peer man yg jd menterinya, jgn nanggung2. waallahu a'lam🙏",2025-03-23 00:44:35+00:00,negatif
"MASIH GA NGERTI, TPI INI BAHAYA GA?",2025-03-23 00:44:19+00:00,negatif
bisa bisa Pancasila no 2&5 gak kepake lagi 😞,2025-03-23 00:40:44+00:00,netral
😭,2025-03-23 00:40:23+00:00,positif
lah koq pikirannku tentng berita pak prabowo dlu jd knytaaan,2025-03-23 00:37:42+00:00,negatif
🥰,2025-03-23 00:36:21+00:00,positif
#TolakRuuTni,2025-03-23 00:33:20+00:00,negatif
😳😳😳,2025-03-23 00:31:07+00:00,positif
🗿,2025-03-23 00:29:36+00:00,positif
"di sahkan nya RUU, mempermudah untuk terjadinya kudeta militer",2025-03-23 00:28:42+00:00,positif
tiba uang negara tinggal 5k 😅🫢,2025-03-23 00:25:56+00:00,negatif
INDONESIA UDAH RUSAK!,2025-03-23 00:22:49+00:00,negatif
😂,2025-03-23 00:21:38+00:00,positif
gak perlu di jelaskan yg lahir THN 70 an lebih paham,2025-03-23 00:19:35+00:00,negatif
🙏,2025-03-23 00:18:33+00:00,positif
TOLAK,2025-03-23 00:16:04+00:00,netral
#TOLAKRUUTNI,2025-03-23 00:15:25+00:00,negatif
fungsi nya buat apaan cuy,2025-03-23 00:15:07+00:00,positif
jadi nyesel milih si wowo😹,2025-03-23 00:14:34+00:00,negatif
RUU TNI DI KEBUT BUAT DI SAHKAN!! TAPI RUU PERAMPASAN ASET KORUPTOR DI ABAIKAN... CKCKCKCK HEBAT YA DPR,2025-03-23 00:14:12+00:00,negatif
😅,2025-03-23 00:11:52+00:00,positif
😂,2025-03-23 00:09:31+00:00,positif
puan maharani from israel,2025-03-23 00:09:29+00:00,negatif
😂,2025-03-23 00:08:42+00:00,positif
🥵,2025-03-23 00:07:15+00:00,positif
Padahal kan TNI udah ngejabat jd bekingan BD😅,2025-03-23 00:06:48+00:00,negatif
"Indonesia: Diem diem knp sih Bali santai kali???
Pulau-pulau: Gtw?
Bali: santai dulu gk sih 🗣️👁️👅👁️",2025-03-23 00:03:38+00:00,negatif
#TOLAKRUUTNI,2025-03-23 00:03:12+00:00,negatif
Trs apa isi revisi RUU TNI itu bang..???,2025-03-22 22:29:18+00:00,negatif
puan Maharani+hama Indonesia,2025-03-22 22:29:00+00:00,positif
🗿,2025-03-22 22:27:26+00:00,positif
😂,2025-03-22 22:26:38+00:00,positif
fedi nuril??? HAHAHAHA,2025-03-22 22:25:11+00:00,negatif
@gerindra @Gibran Rakabuming,2025-03-22 22:22:35+00:00,positif
"tenang
kita punya Allah🥲",2025-03-22 22:22:11+00:00,positif
"yang saya takutkan pak Prabowo menjadi presiden dari dulu
1. tegas dan kejam terhadap rakyat
1 dulu saja karena 2 dst agak bahaya
yah nikmatilah buat² pendukungnya pak Prabowo 😂😂😂",2025-03-22 22:18:37+00:00,positif
🥰,2025-03-22 22:17:09+00:00,positif
#kaburajadulu,2025-03-22 22:16:26+00:00,negatif
#TolakRevisiRuuTni,2025-03-22 22:16:11+00:00,negatif
😂,2025-03-22 22:15:57+00:00,positif
😂,2025-03-22 22:08:41+00:00,positif
#tolakRUUTNI,2025-03-22 22:06:53+00:00,negatif
itu seperti di Cina sama aja kok😁👍,2025-03-22 22:05:40+00:00,negatif
ada 3 jenis manusia 🗿 [photo],2025-03-22 22:05:36+00:00,netral
😁,2025-03-22 22:05:35+00:00,positif
💓,2025-03-22 22:05:23+00:00,positif
#TOLAK RUU TNI‼️‼️‼️‼️‼️ramein hastagg ini guyss!!!,2025-03-22 22:04:30+00:00,negatif
makin aneh aneh aja ni negara jadi pengen pindah 🗿,2025-03-22 22:04:01+00:00,negatif
gini amat masa remaja gue,2025-03-22 22:03:24+00:00,netral
Puan P nya apa?,2025-03-22 22:02:47+00:00,negatif
😁,2025-03-22 22:02:31+00:00,positif
❤️,2025-03-22 22:01:27+00:00,positif
😂,2025-03-22 21:59:41+00:00,positif
puan pnya apa,2025-03-22 21:58:51+00:00,negatif
Indo mengikuti jejak Myanmar😂,2025-03-22 21:58:42+00:00,positif
😂,2025-03-22 21:58:07+00:00,positif
#tolakRUUTNI,2025-03-22 21:55:10+00:00,negatif
ini pak prabowo diem aja apa gimana?,2025-03-22 20:37:22+00:00,negatif
#TOLAKRUUTNI,2025-03-22 20:37:04+00:00,negatif
🤗,2025-03-22 20:35:43+00:00,positif
😁,2025-03-22 20:32:33+00:00,positif
WKKKKK BALIK BARAKKK,2025-03-22 20:30:45+00:00,negatif
BALIK KEBARAK SJA😂,2025-03-22 20:30:23+00:00,positif
gak kebayang sekolah bawa sg panjang chip tiga,2025-03-22 20:30:00+00:00,positif
😔,2025-03-22 20:29:07+00:00,positif
🥰,2025-03-22 20:28:16+00:00,positif
😂😂😂,2025-03-22 20:25:07+00:00,positif
menuju Indonesian cemas😹😹,2025-03-22 20:24:53+00:00,positif
"gak kebalik kah korupsi pasti ketangkep,buktinya pak presiden dah bilang berantas korupsi,enaknya ya para pembenci dan bikin hoak tau tau ilang",2025-03-22 20:24:04+00:00,negatif
😁,2025-03-22 20:23:35+00:00,positif
"Orde baru bangkit, PKI mulai ketar ketir 🤣🤣🤣",2025-03-22 20:22:35+00:00,negatif
"Makan tuh yang suka ngolok ngolok polisi 🤣 kata gua juga apa, kalau tni turun mengayomi masyarakat itu lebih keras dan lebih kejam daripada polisi 😝🤣",2025-03-22 20:21:36+00:00,negatif
😍😍😍,2025-03-22 20:21:07+00:00,positif
saya percaya bapak presiden Prabowo Subianto 👍👍👍,2025-03-22 20:16:07+00:00,positif
🥰,2025-03-22 20:14:54+00:00,positif
di repost king Aloy🤙🏻🤪,2025-03-22 20:09:16+00:00,positif
lebaran full set taliban brooo,2025-03-22 20:08:39+00:00,negatif
pantesan ferdi nuril takut🤣,2025-03-22 20:05:27+00:00,negatif
"masyaallah.ini orang berguna banget,kalo aku gatau apa apa yg lagi heboh di tiktok jadi tau",2025-03-22 20:04:59+00:00,negatif
masa depan suram,2025-03-22 20:04:06+00:00,positif
🥰,2025-03-22 20:04:02+00:00,positif
🤲,2025-03-22 20:01:35+00:00,positif
udh kek korea utara aja nih Indonesia🗿🗿,2025-03-22 20:01:13+00:00,negatif
"teu ngalarti kuring mh dunia politik dan semacam na
cicing wh di kampung pelosok aman damai pemandangan gunung endah",2025-03-22 20:00:51+00:00,negatif
damkar musuh nya nambah lagi 🗿,2025-03-22 19:55:03+00:00,negatif
"punya temen TNI , trus ngejelasin isi dalam RUUnya, langsung paham , kebanyakan org dpt kabar hoax hadehh",2025-03-22 19:53:46+00:00,negatif
😭😭😭,2025-03-22 19:51:45+00:00,positif
tmn gua bilang indo tidak pantas berada di peta duni🙏,2025-03-22 17:36:43+00:00,negatif
DPR Musuh Terbesar Rakyat,2025-03-22 17:36:05+00:00,positif
tempo di dengar😅😅😅,2025-03-22 17:35:12+00:00,positif
🔥,2025-03-22 17:31:50+00:00,positif
#KaburAjaDulu,2025-03-22 17:30:59+00:00,negatif
TNI TIDAK BOLEH IKUT IKUTAN POLITIK🔥,2025-03-22 17:30:56+00:00,negatif
"sampek di speak up aktor"" Korea🥲",2025-03-22 17:28:02+00:00,netral
siapkan baju anti peluru klenn🗿,2025-03-22 17:27:25+00:00,positif
ketum @dpr_ri aja anggota @PDI Perjuangan yang partai nya banyak korupsi jelas puan banyak untung,2025-03-22 17:26:59+00:00,negatif
😂,2025-03-22 17:26:11+00:00,positif
Di pondok gimana bg,2025-03-22 17:26:02+00:00,positif
lawak,2025-03-22 17:24:28+00:00,negatif
lah katanya militer kalian nombor satu didunia. kenapa jadi seperti ini?. 😂😂😂,2025-03-22 17:21:47+00:00,negatif
😑,2025-03-22 17:20:47+00:00,positif
😁,2025-03-22 17:18:03+00:00,positif
TOLAK TOLAKKK TOLAKKKKKKKK!!!,2025-03-22 17:18:00+00:00,negatif
😂,2025-03-22 17:16:25+00:00,positif
laut bercerita s2,2025-03-22 17:14:52+00:00,negatif
mending ke japan aj GK sih😭,2025-03-22 17:14:40+00:00,positif
🥰,2025-03-22 17:11:13+00:00,positif
😳,2025-03-22 17:09:45+00:00,positif
gk kebayang sekola pake vest,2025-03-22 17:08:20+00:00,netral
gak kebayang klo kembali lagi ke masa orde Baru 😌,2025-03-22 17:08:05+00:00,positif
🥰,2025-03-22 17:06:49+00:00,positif
ko bisa hilang?,2025-03-22 17:01:49+00:00,negatif
"knp gw harus di indo?, knp gk yg lain kek",2025-03-22 16:56:21+00:00,negatif
"""bermusyawarah untuk mencapai mufakat"" PRETTTTT, DIDEMO AJAA MASIII DISAH IN",2025-03-22 16:55:33+00:00,netral
🔥,2025-03-22 16:54:24+00:00,positif
"mohon maaf, gimna untuk pendukung prabowo ? apakah kalian masih belum yakin bahwa era suharto akan kembali ke jaman skrng?",2025-03-22 16:54:20+00:00,negatif
malu-maluin negara sendiri jir😔,2025-03-22 16:54:16+00:00,negatif
😂,2025-03-22 15:37:07+00:00,positif
emang yang bener cuma damkar,2025-03-22 15:36:51+00:00,netral
RUU TNI di sahkan yang takut para koruptor dan penghianat bangsa Indonesia gak bisa berkutik,2025-03-22 15:35:51+00:00,negatif
Indonesia. battlegrounds,2025-03-22 15:34:54+00:00,positif
singkatnya apa masib gak paham 😭🗿,2025-03-22 15:33:05+00:00,positif
😁,2025-03-22 15:32:33+00:00,positif
😂,2025-03-22 15:32:32+00:00,positif
nyesel lahir di indo,2025-03-22 15:31:59+00:00,negatif
pgn kabur juga Tapi kemana dan duit gada😂,2025-03-22 15:31:48+00:00,negatif
tolak RUU TNI🙅🏻‍♀️,2025-03-22 15:30:01+00:00,positif
😭😭😭,2025-03-22 15:27:30+00:00,positif
itu negara mna bang😅,2025-03-22 15:26:59+00:00,positif
TOLAK RUU TNI!!!!!!!!! tai,2025-03-22 15:26:47+00:00,positif
"ortu gw badas banget omongannya nya
jadi takut nanti ortu gw balas omongan tni",2025-03-22 15:25:47+00:00,negatif
gak kebayang sekolah bawa gatling gun,2025-03-22 15:24:13+00:00,positif
😭,2025-03-22 15:24:11+00:00,positif
😁,2025-03-22 15:23:50+00:00,positif
😁,2025-03-22 15:23:42+00:00,positif
😭,2025-03-22 15:23:36+00:00,positif
😁,2025-03-22 15:21:07+00:00,positif
buat apa ada DPR MPR tapi suara rakyat gk di dengarrr juga yg kaya makin kaya yg miskin makin miskin negara apa ini pajak dah bayar tapi masih gini aj,2025-03-22 15:18:03+00:00,negatif
gini banget anjirr masa bocil gw,2025-03-22 15:17:48+00:00,negatif
Pindah ke jepang aja😋,2025-03-22 15:17:24+00:00,negatif
gini amat masa remaja ku ya Allah,2025-03-22 15:17:16+00:00,positif
😁,2025-03-22 15:16:12+00:00,positif
gk kebayang nanti pas masuk sekolah di jumpshot,2025-03-22 15:15:11+00:00,negatif
TOLAK RUU TNI‼️‼️‼️‼️,2025-03-22 15:14:58+00:00,negatif
tau ah cape 😌,2025-03-22 15:12:26+00:00,positif
"OH.. DISAHKAN RUU OLEH DPR, KARENA DPR TAKUT KETAHUAN KORUPSI.. UPS",2025-03-22 15:11:12+00:00,negatif
"berpaa dana yg digunakan pihak terkait yaa buat nyewa buzzer? 😹, gw liat komentar nya aduhh buzzer semua wkwkw",2025-03-22 15:11:03+00:00,negatif
😁😁😁,2025-03-22 14:30:01+00:00,positif
korupsi terbongkar semuanya Terbitlah ruu tni tercipta,2025-03-22 14:29:45+00:00,negatif
"pak prabowo pingin ratakan orang korupsi tapi dpr cari cara agar korupsi masih ada dan gak ada pembersihan korupsi, kek gua yakin negara rusak karena dpr, keknya dpr banyak yang korupsi",2025-03-22 14:28:12+00:00,negatif
negara apaan ini jirr😹🗿,2025-03-22 14:26:38+00:00,positif
"NAIKIN HASTAG INI GUYS!!
#TolakRUUTNI
#TolakRevisiUUTNI
#PeringatanDarurat
#IndonesiaGelap
#TolakDwifungsiABRI",2025-03-22 14:26:32+00:00,negatif
😂,2025-03-22 14:26:30+00:00,positif
❤️,2025-03-22 14:26:20+00:00,positif
santoon tv gmn yah nanti🗿🗿,2025-03-22 14:26:17+00:00,positif
Laut bercerita part2,2025-03-22 14:25:47+00:00,netral
TOLAK RUU TNI,2025-03-22 14:24:54+00:00,positif
😳,2025-03-22 14:23:10+00:00,positif
"RAMEIN HASTAGNYA GUYSS!!
#TOLAKRUUTNI
#TOLAKRUUTNI
#TOLAKRUUTNI",2025-03-22 14:22:20+00:00,negatif
alamak cok,2025-03-22 14:20:19+00:00,negatif
😳,2025-03-22 14:18:12+00:00,positif
eh btw Kebijakan Ruu TNI ada kaitannya gk yah sma kpop,2025-03-22 14:18:09+00:00,netral
😭,2025-03-22 14:16:33+00:00,positif
🔥,2025-03-22 14:16:16+00:00,positif
Kenapa dpr ngebet nge sah in KARNA MEREKA GATAL BIAR BISA BEBAS BUAT KORUPSI,2025-03-22 14:14:34+00:00,negatif
kangen dirumahaja.,2025-03-22 14:14:09+00:00,netral
"apa ini semua gara buzer""anak abah komen sana sini,bikin berita ini itu buat jatuhin prabowo,kemarin aja koruptor bnyk yg ketangkep malah yg disalahin prabowo dan jokowi jadinya ini yg terjadi selamat menikmati ya😈👋",2025-03-22 14:13:18+00:00,negatif
😂,2025-03-22 14:11:24+00:00,positif
"korut aja ga separah indo, masyarakat di lindungi, bebas korup
lah ni negara apaan?
NEGARA JUGA MILIK RAKYAT!
BUKAN HANYA MILIK PEJABAT!
#TOLAKRUUTNI !",2025-03-22 14:11:16+00:00,negatif
scar cupid paan,2025-03-22 14:09:54+00:00,netral
😳😳😳,2025-03-22 14:08:13+00:00,positif
"emang anggota dewan rada2....bukannya ngesahin undang2 korupsi malah ngesahin undang2 lainnya, maksudnya apa coba????",2025-03-22 14:08:10+00:00,negatif
bang jangan ilang dulu ya😭,2025-03-22 14:07:46+00:00,netral
"@partaigerindra
efek nya negatif kah??
tolong kami rakyat biasa ini.",2025-03-22 14:05:56+00:00,negatif
🌷🌷🌷,2025-03-22 14:05:09+00:00,positif
miris bgt masa dewasa guaaa,2025-03-22 14:04:35+00:00,netral
"#TOLAKRUUTNI
banyak banyakin komen kaya gini gys!!!",2025-03-22 14:04:06+00:00,negatif
"pindah negara aja lah, cobaannya ada aja",2025-03-22 13:18:29+00:00,negatif
Bang knp DP® Cepat cepat sahkan karna ada Koruptor dibalik nya Entah di bagian DP® atau di Hal lain nya Karena ada Yg sogok besar besaran,2025-03-22 13:18:26+00:00,negatif
PKI,2025-03-22 13:18:25+00:00,positif
#TOLAKRUUTNI,2025-03-22 13:17:35+00:00,negatif
Weh ngendok bagus dimana sama pake senjata apa,2025-03-22 13:16:55+00:00,negatif
aja aja ada,2025-03-22 13:16:30+00:00,netral
"menurut aku RUU TNI ini baik KALO misalkan di pakai dengan benar, gak asal asal bunuh dor dor. klo misalkan sekedar keamanan sih gpp. tapi klo smpe berlebihan sih.. mending gk ush🙏",2025-03-22 13:16:24+00:00,negatif
😁😁😁,2025-03-22 13:16:09+00:00,positif
"sekarang yang pilih ok gas ok gas sampe toxic gimana ya pas denger berita ini
untung gua golput karna ngerasa percuma mau ganti presiden bakalan sama aja",2025-03-22 13:15:57+00:00,netral
ramaikan hashtag #TOLAKRUUTNI!,2025-03-22 13:15:09+00:00,negatif
bangg ruu tni ini pengaruh gak sih ke dunia kpop atau Drakor atau anime pokoknya yang di luar Indonesia,2025-03-22 13:13:10+00:00,negatif
emang bener kabur aja dulu,2025-03-22 13:12:54+00:00,negatif
emang puan Maharani itu orang yang melindungi orang orang yang pada korupsi jadi nya dia sah kan ruu TNI ini,2025-03-22 13:12:51+00:00,negatif
makin yakin buat pindah negara,2025-03-22 13:11:29+00:00,negatif
tak lama ini indo bisa banyak yg pisah juga😌,2025-03-22 13:10:03+00:00,negatif
😭,2025-03-22 13:09:44+00:00,positif
dampak positif nya apa bg??,2025-03-22 13:09:10+00:00,netral
saat nya revolusih rakyat,2025-03-22 13:09:03+00:00,positif
Indonesia=Hama😋😋👎👎👎,2025-03-22 13:07:52+00:00,positif
otw pindah negara,2025-03-22 13:07:28+00:00,negatif
😂,2025-03-22 13:07:02+00:00,positif
@nii.,2025-03-22 13:06:53+00:00,netral
😅,2025-03-22 13:04:17+00:00,positif
"klo mau indo maju , caranya ga begini juga , mau indo maju tapi koruptor di biarin berkeliaran",2025-03-22 13:03:31+00:00,negatif
😭,2025-03-22 13:01:32+00:00,positif
💓,2025-03-22 13:01:13+00:00,positif
plcc langsung ke intinya 🙏🏻🙏🏻🙏🏻🙏🏻😭,2025-03-22 13:00:35+00:00,positif
"dulu anak yang sering di bully bawa senjata sekarang semua orang ke sekolah bawa senjata.
gw baya SG2 epep aja.🗿",2025-03-22 13:00:24+00:00,negatif
😁,2025-03-22 12:59:41+00:00,positif
😂,2025-03-22 12:58:47+00:00,positif
cicit² PKI kepanasan,2025-03-22 12:10:54+00:00,positif
Gawendeng,2025-03-22 12:10:43+00:00,netral
"anak"" pawowo kumpul sini🗿",2025-03-22 12:09:59+00:00,positif
🔥🔥🔥,2025-03-22 12:09:19+00:00,positif
terus apa hubungannya sama sama orang luar,2025-03-22 12:08:38+00:00,positif
kaya zaman presiden soeharto,2025-03-22 12:08:05+00:00,positif
malaysia tolong adopsi guaa 😭,2025-03-22 12:06:59+00:00,positif
🗿,2025-03-22 12:06:10+00:00,positif
🤣,2025-03-22 12:03:51+00:00,positif
🗿,2025-03-22 12:03:51+00:00,positif
"bang plus minus nya apaaa , masa iyaa minus doang",2025-03-22 12:02:51+00:00,negatif
mau pindah negara gwrh shiballl sekkya,2025-03-22 12:02:49+00:00,negatif
Makin gelap jir indo,2025-03-22 12:01:54+00:00,negatif
🙂,2025-03-22 12:00:30+00:00,positif
😁,2025-03-22 11:59:58+00:00,positif
dulu pak SBY juga TNI tapi Negara tidak menakutkan begini 😭🥲🥲🥲,2025-03-22 11:59:43+00:00,negatif
Indonesia bukannya makin pintar malah jadi bodoh kasihan rakyat,2025-03-22 11:59:25+00:00,negatif
negara oon,2025-03-22 11:58:27+00:00,netral
😅😅😅,2025-03-22 11:57:24+00:00,positif
😱,2025-03-22 11:56:14+00:00,positif
TOLAK RUU TNI 🙏🙏😥,2025-03-22 11:56:11+00:00,positif
2 kemungkinan karena megawati nolak dan anak beliau dukung,2025-03-22 11:56:00+00:00,negatif
😂,2025-03-22 11:55:55+00:00,positif
#TOLAKRUUTNI,2025-03-22 11:55:42+00:00,negatif
kalo sudah gini mending berpecah saja Indonesia,2025-03-22 11:55:27+00:00,negatif
dukung aja mungkin ini rencana rahasia presiden,2025-03-22 11:55:00+00:00,netral
😁,2025-03-22 11:54:05+00:00,positif
😭,2025-03-22 11:54:02+00:00,positif
figuran pada takut semua kalau udah ketemu semua para koruptor,2025-03-22 11:53:46+00:00,negatif
😹,2025-03-22 11:53:26+00:00,positif
🔥,2025-03-22 11:09:48+00:00,positif
kayaknya era Petrus akan segera dimulai😳,2025-03-22 11:09:13+00:00,positif
kalo gini mending kabur,2025-03-22 11:08:12+00:00,negatif
p info ngurus visa pindah ke luar negeri😊,2025-03-22 11:07:54+00:00,negatif
gas kabur dari indo😹,2025-03-22 11:07:13+00:00,negatif
ngomongin yg korupsi bisa ilang? jadi kalau yg korup udah triliunan itu giman~~~,2025-03-22 11:06:57+00:00,negatif
di pos ulang @mister.aloy,2025-03-22 11:06:49+00:00,negatif
Bayangin aj gua kesekolah harus bawa AWM kupu²,2025-03-22 11:05:58+00:00,netral
"jadi orang yang puisi yang isinya ""apa guna punya ilmu tinggi"" itu hilang di sembunyikan? (lupa nama nya)",2025-03-22 11:05:36+00:00,negatif
pengalihan issue itu gimana kabarnya para koruptor yg udh ketauan udh pada mati belum,2025-03-22 11:05:22+00:00,negatif
😂,2025-03-22 11:04:53+00:00,positif
indonesia makin kesini makin sekarat🤦🤦.,2025-03-22 11:02:22+00:00,negatif
ga kebayang lagi ke pasar malah pur 1 sg,2025-03-22 11:01:08+00:00,negatif
☺,2025-03-22 11:01:01+00:00,positif
"NEGARA JUGA MILIK RAKYAT!
BUKAN HANYA MILIK PEJABAT!
#TOLAKRUUTNI !",2025-03-22 11:00:50+00:00,negatif
Pas pulsek jalan kaki pake baju anti peluru ☺️,2025-03-22 11:00:27+00:00,negatif
😂,2025-03-22 11:00:18+00:00,positif
😹,2025-03-22 10:59:23+00:00,positif
"otak nya ini adalah puan Maharani,agar korupsi nya tidak ketahuan (hening)",2025-03-22 10:58:48+00:00,negatif
"dahlah, negara apa ini
wallahi we're finished💀🇮🇩",2025-03-22 10:58:38+00:00,positif
😁,2025-03-22 10:57:58+00:00,positif
😅,2025-03-22 10:57:17+00:00,positif
"KITA GEN ALPHA MERAMAIKAN
#TolakRUUTNI",2025-03-22 10:57:02+00:00,positif
sesempurna apa si negara ini?,2025-03-22 10:56:51+00:00,positif
🌹,2025-03-22 10:56:36+00:00,positif
paling enak mancing,2025-03-22 10:56:36+00:00,positif
waktunya kudeta,2025-03-22 10:53:28+00:00,negatif
Pengen pindah negara tpi kmn y..,2025-03-22 10:51:18+00:00,negatif
😳,2025-03-22 10:51:14+00:00,positif
kalo aku kenok sp yg ripep yh😔🗿,2025-03-22 10:50:06+00:00,negatif
ngikut liat udah kacau juga,2025-03-22 10:11:31+00:00,negatif
@AnakBaik,2025-03-22 10:11:26+00:00,positif
pentes ruu TNI di sah kan ternyata biar gak ada penangkapan korupsi,2025-03-22 10:11:19+00:00,negatif
DPR milik Malaysia,2025-03-22 10:10:29+00:00,positif
😂,2025-03-22 10:10:16+00:00,positif
siapa yang nyesal pilih Prabowo☝️☝️☝️,2025-03-22 10:10:12+00:00,positif
sekolah² bawa sg 2 lah sama glowel + medkit🗿👍,2025-03-22 10:09:46+00:00,positif
@ikaaa🧚,2025-03-22 10:09:03+00:00,positif
"kalo negara gini terus, masa depan kita gimana ya😔",2025-03-22 10:08:42+00:00,positif
#mondokajadulu,2025-03-22 10:08:39+00:00,positif
😁,2025-03-22 10:07:29+00:00,positif
yang Islam tolong doain nanti malam Lailatul Qadar plis 🪽,2025-03-22 10:06:13+00:00,negatif
"buset dah jahat bgt ya makin menjadi"" ni Indonesia di pimpin Wowo",2025-03-22 10:05:02+00:00,negatif
dijajah negara sendiri😹,2025-03-22 10:03:08+00:00,positif
😇,2025-03-22 10:02:55+00:00,positif
"RUU TNI ini katany ga bolehin kpop di indo ya?
maksudnya gimana?",2025-03-22 10:02:01+00:00,negatif
p,2025-03-22 10:01:52+00:00,positif
🤩,2025-03-22 10:01:21+00:00,positif
😂😂😂,2025-03-22 09:59:07+00:00,positif
mereka tidak memikirkan pahlawan kita yang berjuang dulu,2025-03-22 09:58:45+00:00,negatif
"emang dr draft RUU TNI, pasal mana yg kalian gak setuju?",2025-03-22 09:57:25+00:00,negatif
yg nyari temen atau pacar bisa join sini:https://chat.whatsapp.com/BCYrJFrgpt69twmgyzjrCH,2025-03-22 09:57:09+00:00,negatif
👍,2025-03-22 09:56:53+00:00,positif
100 persen negara ini hampir lenyap,2025-03-22 09:56:26+00:00,negatif
🥰,2025-03-22 09:56:08+00:00,positif
"sudahlah mari kita sekolah, sukses kita pindah ramai ramai",2025-03-22 09:55:30+00:00,positif
mending kabur aja dulu,2025-03-22 09:55:26+00:00,negatif
ha? gapaham pls.,2025-03-22 09:55:11+00:00,negatif
#TOLALRUUTNI ↓,2025-03-22 09:53:34+00:00,negatif
Berarti senjata di pakai sembarangan dan dibolehin nembak warga sipil?(gak nerima joks),2025-03-22 09:53:17+00:00,negatif
inimah cuma DPR dan orang yang jabatannya tinggi doang yang menikmatai,2025-03-22 09:03:12+00:00,positif
masa ke sekolah bawa scar cupid😔,2025-03-22 09:02:55+00:00,positif
@gerindra,2025-03-22 09:02:26+00:00,positif
#TolakRUUTNI,2025-03-22 09:02:09+00:00,negatif
ayah ku tentara🥰🙏,2025-03-22 09:01:57+00:00,positif
💀,2025-03-22 09:01:16+00:00,positif
@inagi sky tuuu🙄🙄,2025-03-22 08:59:38+00:00,positif
ruu tni tentang apa,2025-03-22 08:58:26+00:00,positif
"oh aku baru ingat dari zaman Prabowo pas jadi TNI dulu,a yg di culik itu Lo ytta💀💀",2025-03-22 08:57:09+00:00,negatif
🔥,2025-03-22 08:56:11+00:00,positif
curiga klo beneran sah RUU TNI yg minat kpop pada pindah ke korea,2025-03-22 08:54:58+00:00,negatif
🥰,2025-03-22 08:54:36+00:00,positif
👍,2025-03-22 08:53:12+00:00,positif
"gak perduli mau rruu, raa, lain gak peduli,
pokok hapus itu ruu perampasan aset rakyat😌 telat bayar pajak motor dirampas 😌",2025-03-22 08:51:47+00:00,negatif
tolak tolak tolak tolak tolak tolak tolak tolak tolak tolak tolak tolak tolak tolak,2025-03-22 08:51:31+00:00,positif
😄,2025-03-22 08:50:08+00:00,positif
gini amat masa remaja gua.,2025-03-22 08:49:08+00:00,positif
nih ada untung nya gk buat negara?,2025-03-22 08:47:37+00:00,negatif
😂,2025-03-22 08:45:32+00:00,positif
😁,2025-03-22 08:45:27+00:00,positif
🥰,2025-03-22 08:45:02+00:00,positif
"klu sm rakyat lebih baik orde baru ketimbang skrg, krn waktu orde baru rakyat tenang aman aseng takut sm pk harto, mlh skrg korupsi lbih parah dri orde baru",2025-03-22 08:44:54+00:00,negatif
"NO GAMAU 😭 MANA SEKARANG UN DI BALIKIN, AA KAYA ERA SOEHARTO BANGET 😭, AYO KITA TOLAK GAMAUU",2025-03-22 08:44:47+00:00,negatif
PINDAH NEGARA!!!!!,2025-03-22 08:42:26+00:00,negatif
#TOLAKRUUTNI,2025-03-22 08:41:18+00:00,negatif
kpopers bikin ngra yuk💓,2025-03-22 08:40:45+00:00,netral
auto beli mini gun,2025-03-22 08:40:00+00:00,positif
Rusak sudah negaraku,2025-03-22 08:38:19+00:00,negatif
💀,2025-03-22 08:37:51+00:00,positif
😬,2025-03-22 08:37:09+00:00,positif
"adakah buku edo tensei?
biar ku bangkitkan soekarno😹",2025-03-22 07:49:52+00:00,negatif
tolak RUU TNI🔥🔥,2025-03-22 07:49:09+00:00,positif
@Herukuy,2025-03-22 07:49:05+00:00,positif
"generasi Z,Alpha,Dan semua generasi yuk buat negara sendiri🥺🧢",2025-03-22 07:48:34+00:00,positif
😞,2025-03-22 07:48:05+00:00,positif
"kalo kita menolak dan di door
apakah kita khusnul khotimah?",2025-03-22 07:45:13+00:00,negatif
tag puan banggg🗿,2025-03-22 07:44:45+00:00,positif
"liat pindah ke arab
-gw",2025-03-22 07:44:19+00:00,negatif
parah,2025-03-22 07:44:02+00:00,negatif
🥺,2025-03-22 07:43:40+00:00,positif
😅,2025-03-22 07:43:38+00:00,positif
"#TolakRuuTni #TolakRuuTni
#TolakRuuTni #TolakRuuTni
#TolakRuuTni #TolakRuuTni
#TolakRuuTni #TolakRuuTni
#TolakRuuTni #TolakRuuTni
#TolakRuuTni #TolakRuuTni
#TolakRuuTni #TolakRuuTni",2025-03-22 07:42:54+00:00,negatif
kabur yuk ke brookhaven,2025-03-22 07:42:34+00:00,negatif
@Cyyy ini cy,2025-03-22 07:42:31+00:00,negatif
"@A AJA:@prospective soldier 81:Izin berpendapat:
TNI itu hanya di izinkan masuk di 14 lembaga saja,selebih nya wajib pensiun dini,dan lembaga lembaga tersebut kebanyakan masih Da kaitannya dengan pertahanan dan keamanan negara,di antar lain:
1. KEMENTERIAN KOORDINATOR BIDANG POLITIK DAN KEAMANAN:Di sini TNI bisa membantu dalam tugas pengamanan nasional dan di kancah internasional, contoh nya seperti pengawal pemulangan WNI,kordinator keamanan, sebagai komunikasi tentang pertahanan dengan lembaga lembaga yang biasa di ajak kerjadalam tugas nya.
2. KEMENTERIAN PERTAHANAN:di sini TNI aktif sering di tugaskan dalam bidang teknis dan fungsional dan juga penugasan khusus,dan juga Kemenhan adalah kementerian yang berbasis pertahanan,dan juga keterlibatan TNI aktif di dalam nya juga sangat umum dan kompleks,dan juga sangat penting dalam jalan nya tugas,baik dalam kordinasi dan sebagainya.
3. SEKERTARIAT MILITER PRESIDEN: penugasan TNI di sini sebagai administrasi kepresidenan yang berkaitan dengan militer, pengamanan presiden dan wakil presiden,dan biasa berkordinasi dengan Paspampres, melakukan analisis ancaman yang bisa berpengaruh dengan presiden, kordinasi dengan lembaga lain dalam tugas nya, seperti petugas keamanan dalam kunjungan presiden ke daerah daerah,dan juga gak usah di tanya, keberatan TNI aktif di lembaga ini cukup penting keamanan presiden.
4. BADAN INTELEJEN NEGARA:peran TNI di lembaga ini sangat kompleks,TNI di sini berperan sebagai tim strategis,mulai dari staf, penyusunan strategis,tim lapangan juga banyak dari TNI,karena apa?lembaga ini masih kekurangan tenaga ahli, kebanyakan masih ngandelin dari militer,contoh nya satgas BIN di Poso dan Papua,itu untuk tim lapangan dari BAIS TNI, KOOPSSUS TNI,GRUP 3 SANDY YUDHA KOPASSUS,SATUAN 81 KOPASSUS,DENJAKA, SATBRAVO 90,INTELKAM PORLI.
5. BADAN SIBER DAN SANDY NEGARA:TNI memiliki peran yang cukup kompleks di lembaga ini,antara lain sebagai tim intelejen cyber dan kontra intelijen cyber, pengamanan jaringan rahasia,dan sebagai dukungan operasi cyber TNI,dan seperti BIN,lembaga ini juga kekurangan tenaga ahli,dan sebagian masih dari militer,baik staf,jabatan strategis dan juga orang lapangan.
6. LEMBAGA KETAHANAN NASIONAL:TNI di sini memiliki peran strategis sebagai pengajar,dan pembimbing,terutama di daerah daerah pelosok,mungkin kalo di Jawa peran militer dalam lembaga ini tidak terlalu kelihatan,karena banyak yang sudah paham,tapi kalo di Papua dan daerah tertinggal,perang militer sangat penting dalam lembaga ini,di mana jarang sekali ada lembaga lain yang bersangkutan dengan ini untuk mengawal program ketahan nasional di pelosok.
7. DEWAN PERTAHANAN NASIONAL:Peran TNI di lembaga ini juga jangan di tanya,perang TNI aktif di lembaga ini sangat strategis,antara lain sebagai penyusun kesiapan pertahanan nasional,diplomasi pertahanan nasional,sebagai tim analis,dan juga sebagai perumus.
8. BADAN SAR NASIONAL:Di TNI ada nama nya operasi militer selain perang,dan peran TNI di lembaga ini sebagai pendukung pemulihan pasca bencana,dan juga sebagai tim bantuan dalam operasi militer selain perang mendukung lembaga terkait,sejalan dengan pertahanan untuk kelancaran dan kestabilan ekonomi kelangsungan hidup manusia.
9. BADAN NARKOTIKA NASIONAL:Saya kurang tau apa peran militer di lembaga ini,tapi yang pasti membantu pemerintah dalam menangani narkoba yang dapat merusak generasi bangsa dan dapat menimbulkan perilaku buruk, seperti hal nya contoh:TNI yang penanganan di perbatasan,sering kalo merazia barang barang terlarang dan sebagainya.
10. MAHKAMAH AGUNG: Sebenarnya TNI tidak memiliki peran aktif di lembaga ini tapi militer memiliki keterkaitan dengan lembaga ini,antara lain peradilan militer di bawah MA,kasasi dan peninjauan kembali perkara militer,bisa di Libatkan dalam perkara pengadilan sebagai tim pengamanan bila hukum berkaitan dengan militer.
11. KEJAKSAAN AGUNG:masuknya TNI di kejaksaan agung untuk memproses hukum di pelanggaran hukum TNI,dan sebagai bentuk konsensuensi militer masuk ke 14 lembaga.
12. BADAN KEAMANAN LAUT:TNI masih sering mengirim personel ke bakamla sebagai BKO/perbantuan terutama di SRT bakamla,dan juga sebagai lembaga strategis,karena tenaga ahli di lembaga ini masih sangat kekurangan.
13. BADAN NASIONAL PENANGGULANGAN TERORISME:peran TNI di sini kebanyakan di lapangan,contoh nya sebagai pengajar, terutama dari pasukan khusus TNI, kordinasi operasi penanggulangan teror, pengumpulan intelijen dari pasukan khusus TNI,dan sebagainya,karena lembaga ini juga kekurangan tenaga ahli,dan sering di perbantukan dari militer.
14. BADAN NASIONAL PENANGGULANGAN BENCANA:Peran TNI di sini cukup penting, antara lain sebagai pendukung operasi, meliputi angkutan,personel,tim khusus,di karena peralatan dan perlengkapan di TNI cukup lengkap.
inti nya yaitu lembaga lembaga yang di isi oleh militer itu kebanyakan lembaga pertahanan,dan juga peran TNI aktif di dalam nya cukup kompleks dan sangat penting,karena TNI aktif yang tau lebih tentang perkembangan militer, permasalahan militer dan juga rencana kedepan nya.dan juga sebagai perbantuan/BKO untuk lembaga pertahanan dan keamanan yang kekurangan tenaga ahli, seperti BIN dan sejenisnya,karena yang paling siap itu dari militer.
Dan untuk lembaga lembaga yang di rasa bukan masuk ke pertahanan, seperti SAR Nasional,MA, kejaksaan agung,Basarnas,itu ada beberapa alasan seperti SAR Nasional dan Basarnas TNI sebagai tim strategis dan juga tim khusus,dan juga TNI sering BKO ke lembaga ini,contoh nya seperti pasukan khusus TNi yang turun lebih dulu ke lokasi untuk menetralisir wilayah yang akan di lakukan evaluasi dan sejenisnya,dan juga sebagai tim angkutan,karena peralatan dan perlengkapan TNI cukup lengkap.
Dan peran TNI di lembaga seperti kejaksaan agung dan MA sebagai HUKUM,dan juga sebagai konsensuensi TNI masuk ke 14 lembaga.
Dan sedikit menjawab kenapa sidang di lakukan di Hotel dan kata nya tertutup,sebelum ada nya sidang itu ada lembaga lembaga sipil yang di undang,namun tidak ada yang hadir aktivis nya,salah satu aktivitis yang hadir yaitu aktifi HAM untuk memberikan saran dan masukan dalam rapat tersebut,jadi semua terkondisikan baik DPR RI dan juga aktivi sipil,dan juga kenapa tidak di siarkan,karena ini pertahanan,karena pertahanan itu banyak bagian bagian yang rahasia,beda sama yang lain,dari dulu kalo membahas pertahanan sudah sering di ruang tertutup, tergantung apa yang di bahas,tapi tidak kau kenapa rapat di lakukan di hotel.
Dan kalo ada yang bilang ini mengembalikan dwifungsi ABRI seperti pada zaman dulu,ya salah besar,TNI hanya menduduki 14 lembaga,dan kebanyakan itu lembaga pertahanan,yang wajar TNI ada di situ, kecuali kalo TNI menduduki semua lembaga dan juga bidang lain kayak politik , ekonomi, bisnis sosial,budaya dan lain lain seperti jaman dulu,itu baru dwifungsi ABRI,ini tidak,jauh sekali,banyak sekali propaganda di medsos.k
Kebanyakan pada gagal paham tentang hal ini.
Dan kalo ada orang orang yang menanggap hal ini menyebabkan lapangan pekerjaan bagi orang orang muda warga sipil terkuras oleh militer ya gimana gitu pola pikir nya,saya tanya,masa orang yang gak punya latar belakang militer/pendidikan tentang pertahanan dan keamanan menduduki lembaga pertahanan, kecuali jadi ASN militer atau ASN di lembaga terkait yang sesuai Pendidikan dan bidang nya itu baru bisa,masa orang orang muda langsung di kasih jabatan strategis yang membutuhkan waktu 15-20 tahun untuk bisa jadi, kecuali jadi orang lapangan seperti tim intelejen, cyber,pangan,SAR itu bisa,kalo ada rekrutmen,atau jadi ASN di militer,atau jadi staf di bagian administrasi di beberapa lembaga itu bisa.",2025-03-22 07:42:14+00:00,negatif
mau kemana² harus pake baju anti peluru,2025-03-22 07:39:19+00:00,negatif
apakah Indonesia akan bubar?,2025-03-22 07:38:56+00:00,negatif
ke tinggal d penjara anj,2025-03-22 07:38:03+00:00,negatif
#TOLAKRUUTNI,2025-03-22 07:36:29+00:00,negatif
bukannya udh jadi y,2025-03-22 07:36:17+00:00,netral
😅,2025-03-22 07:35:24+00:00,positif
otw jerman,2025-03-22 07:34:44+00:00,positif
KORUPTOR TAKUT KETAUAN YA GINI NIH🤭,2025-03-22 07:34:33+00:00,negatif
infokan vest level 4🤭,2025-03-22 07:34:05+00:00,positif
info tank yang cocok buat harian bang,2025-03-22 07:34:03+00:00,positif
"pernah lihat ada mayat di gantung di pagar taman komplek, jamannya Petrus... beneran serem",2025-03-22 07:34:01+00:00,negatif
lah anying malah dibiarin korupsi,2025-03-22 07:33:50+00:00,negatif
🙈🙈🙈,2025-03-22 07:32:13+00:00,positif
🙏,2025-03-22 07:30:07+00:00,positif
"#TolakRUUTNI
#TolakRevisiUUTNI
#PeringatanDarurat
#IndonesiaGelap
#TolakDwifungsiABRI
#TolakRUUPolri
#TolakRUUKejaksaan",2025-03-22 06:54:14+00:00,negatif
BAHAYA BUAT ORG YG KRORUP KAH😝😝😝,2025-03-22 06:53:48+00:00,negatif
beli glowal dimana woi🗿,2025-03-22 06:53:30+00:00,positif
males amat tinggal di indo anyyiing,2025-03-22 06:53:00+00:00,negatif
@gerindra gw takut 😭,2025-03-22 06:52:43+00:00,positif
Jadi Kesimpulannya... Menghina pemerintahan bisa didor??,2025-03-22 06:52:24+00:00,negatif
😳,2025-03-22 06:52:04+00:00,positif
😭,2025-03-22 06:51:06+00:00,positif
🗿,2025-03-22 06:50:51+00:00,positif
gua klo mau kerja mau pake sg repper,2025-03-22 06:50:42+00:00,positif
😭,2025-03-22 06:50:39+00:00,positif
maksudnya cerita kaya gimana dah?,2025-03-22 06:50:39+00:00,negatif
🗿,2025-03-22 06:50:36+00:00,positif
😭,2025-03-22 06:50:33+00:00,positif
🗿,2025-03-22 06:50:31+00:00,positif
😭,2025-03-22 06:50:30+00:00,positif
🗿,2025-03-22 06:50:25+00:00,positif
😭,2025-03-22 06:50:23+00:00,positif
#TOLAKRUUTNI,2025-03-22 06:48:10+00:00,negatif
cocok buat indo,2025-03-22 06:47:16+00:00,positif
"ayo gais banyakin hastag #TOLAKRUUTNI #TOLAKRUUPOLRI #INDONESIAGELAP di X, jangan sampai kendor. kita bantu lewat media sosial kasian kaka' mahasiswa yang turun ke jalan demi menyuarakan aspirasi",2025-03-22 06:46:50+00:00,negatif
🤣,2025-03-22 06:46:09+00:00,positif
🗿,2025-03-22 06:46:07+00:00,positif
bakal jadi kek Myanmar kah,2025-03-22 06:45:12+00:00,negatif
#tolakruutni,2025-03-22 06:43:41+00:00,negatif
negara anj,2025-03-22 06:43:25+00:00,positif
kaya wiji tukul?,2025-03-22 06:43:16+00:00,negatif
"pemerintahnya baperan jir😹, ga asik ah😹",2025-03-22 06:42:14+00:00,negatif
gen alpa kaya aku harus mikirin kaya ginian 😮‍💨😕,2025-03-22 06:42:10+00:00,positif
😂😂😂,2025-03-22 06:41:17+00:00,positif
😳,2025-03-22 05:58:09+00:00,positif
😁,2025-03-22 05:57:47+00:00,positif
"@evan:@aineeesie:gunain social media kalian, sebagai perlawanan dan penolakan! naikin ht ini, di social media km.
#tolakRUUTNI
#TolakRevisiUUTNI
#PeringatanDarurat
#IndonesiaGelap
#TolakDwifungsiABRI",2025-03-22 05:56:31+00:00,negatif
"masa depan penerus bangsa, di hancur kan sama pemerintah sendiri",2025-03-22 05:55:06+00:00,positif
😢,2025-03-22 05:54:18+00:00,positif
😂,2025-03-22 05:52:27+00:00,positif
😁,2025-03-22 05:52:14+00:00,positif
giliran uu perampasan aset ditolak,2025-03-22 05:51:54+00:00,negatif
"mau nanya , berarti presiden juga setuju yh,dan juga sdh tau kan rapatnya tertutup di hotel",2025-03-22 05:51:24+00:00,negatif
tim jdi toping pelengkap di indo doang ini mah wkwk,2025-03-22 05:51:07+00:00,positif
GUA GA TAHAN 😭😭,2025-03-22 05:49:29+00:00,netral
😂,2025-03-22 05:48:46+00:00,positif
@GENTUNG:tolak RUU TNI🔥,2025-03-22 05:47:33+00:00,negatif
RRU TNI itu apa,2025-03-22 05:46:25+00:00,positif
lawak ah takut ketahuan korupsi 😹,2025-03-22 05:45:57+00:00,negatif
@thania🌷,2025-03-22 05:45:36+00:00,positif
mw berangkat kerja harus pake vest level 3 ini mah,2025-03-22 05:45:14+00:00,negatif
😊,2025-03-22 05:45:07+00:00,positif
TOLAK RUU TNI.,2025-03-22 05:44:47+00:00,positif
"bang harus jya kamu bahas poin dari ruu tni, kok malah ga ngebahas kesitu",2025-03-22 05:44:29+00:00,negatif
"LOGIKANYA BEGINI, TNI itu kalau saya perhatikan ditilang aja gk mau, ngamuk ngamuk di jalan. Apalagi setoran ke Polisi, bakalan gk mau karna mereka sudah merasa hebat. Ditilang aja ngamuk, jdi gk mungkin setoran. Nahhh PM masih bela belain pelaku, jadi kemungkinan besar PM yang terima setoran, kan mereka kalau salah ditindak melalui PM. Trs LOGIKAnya lagi nih, pas penggerebekan PM gk ikut.
Bisa jadi PM emg gk mau karna udh terima setoran kan? LOGIKA KITA HARUS JALAN",2025-03-22 05:41:07+00:00,negatif
"negara apaansi ini anjg, asem'",2025-03-22 05:35:20+00:00,positif
DPR anjingg,2025-03-22 05:34:58+00:00,netral
DUKUNG RUU TNI🔥,2025-03-22 05:34:49+00:00,netral
sekolah bawa sg panjang Cobra😈,2025-03-22 05:34:43+00:00,positif
😭,2025-03-22 05:34:30+00:00,positif
#indonesia boyyyahh,2025-03-22 05:34:02+00:00,negatif
😔😔😔,2025-03-22 05:33:53+00:00,positif
"ooh sekarang gw ngerti, apa aja kemungkinan-kemungkinan yang mereka rencanakan🙂",2025-03-22 05:33:35+00:00,netral
💀,2025-03-22 05:33:30+00:00,positif
😂😂😂,2025-03-22 04:50:07+00:00,positif
langsung colab sama Amerika Serikat kwwkwkkwkw,2025-03-22 04:50:02+00:00,negatif
"Tidak seperti orba, TNI tetap netral ada kok noted nya",2025-03-22 04:49:50+00:00,negatif
one piece?🤔🤔,2025-03-22 04:49:48+00:00,negatif
era hokage ke 2 akan kembali lagi,2025-03-22 04:49:37+00:00,positif
mending #pindahnegara,2025-03-22 04:49:27+00:00,negatif
STRESSS SEMUAAA STRESSS,2025-03-22 04:48:12+00:00,negatif
yaAllahh gini banget yaa uda kacaw😔,2025-03-22 04:47:59+00:00,negatif
#TOLAKRUUTNI!!!,2025-03-22 04:47:49+00:00,negatif
negara lucu😹,2025-03-22 04:47:46+00:00,positif
@ultramilk,2025-03-22 04:46:48+00:00,positif
ini sebenarnya gada wakil rakyat tapi nyusahin rakyat,2025-03-22 04:46:21+00:00,negatif
🥰🥰🥰,2025-03-22 04:46:20+00:00,positif
lah terus gunanya demokrasi apaan kocak🗿,2025-03-22 04:46:16+00:00,positif
TOLAK RUU TNI,2025-03-22 04:45:56+00:00,positif
😹😹😹,2025-03-22 04:45:34+00:00,positif
🗿,2025-03-22 04:45:24+00:00,positif
negara busuk,2025-03-22 04:44:45+00:00,positif
@alyaani.ptri,2025-03-22 04:44:37+00:00,positif
@idulbukanidoel,2025-03-22 04:44:28+00:00,positif
menuju Indonesia booyah😛,2025-03-22 04:44:03+00:00,positif
"kita juga jangan bayar pajak, pemerinta langsung gak ada uang👍👍",2025-03-22 04:43:36+00:00,positif
terus KPK buat apa dong,2025-03-22 04:43:03+00:00,positif
Mending Beli Rompi anti peluru😹😹,2025-03-22 04:42:57+00:00,negatif
@lanaa,2025-03-22 04:42:17+00:00,netral
ga paham tapi ikut nolak ruu tni🙃,2025-03-22 04:41:48+00:00,negatif
♥️,2025-03-22 04:40:54+00:00,positif
"penuhin komen #TolakRUUTNI
👇",2025-03-22 04:40:50+00:00,positif
"RUU TNI point korupsi ada tp gk ketahuan, lah yg liga korupsi itu gmna?",2025-03-22 04:40:31+00:00,negatif
🔥,2025-03-22 04:39:54+00:00,positif
eek😭,2025-03-22 03:45:16+00:00,positif
perang dengan negara sendiri,2025-03-22 03:44:59+00:00,positif
😭😭😭,2025-03-22 03:44:43+00:00,positif
#tolakRUUTNI,2025-03-22 03:44:17+00:00,negatif
ha gimana gak paham? 😭,2025-03-22 03:43:09+00:00,negatif
lama-lama ni indo malah makin mirip ama anime akame ga kill,2025-03-22 03:43:02+00:00,netral
pertanyaannya DPR sebenarnya dukung siapa sihh,2025-03-22 03:42:56+00:00,negatif
apalagi kalo RUU POLRI 😭,2025-03-22 03:40:03+00:00,netral
rakyak indo dijajah sama pemerintah nya sendiri😂😂😂,2025-03-22 03:40:00+00:00,negatif
TOLAKK RUU TNI🔥,2025-03-22 03:39:24+00:00,negatif
intinya ni negara bakalan ancur sama bangsanya sendiri!,2025-03-22 03:38:55+00:00,positif
ga pernah secapek ini sama negara sendiri 😔,2025-03-22 03:38:14+00:00,negatif
pengen pindah negara,2025-03-22 03:38:12+00:00,negatif
kocak.,2025-03-22 03:37:38+00:00,netral
#TOLAKRUUTNI,2025-03-22 03:37:25+00:00,negatif
"#tolakRUUtni Ramein hastag ini,cuma medsos satu satunya senjata kita kali ini,KITA GEN Z,KITA HARUS BISA LAWANN!!!",2025-03-22 03:35:41+00:00,negatif
tolak tolak tolak tolak,2025-03-22 03:34:53+00:00,negatif
"TNI dijadiin tumbal duluan, soalnya provokatornya dr si coklat 🤦🏻",2025-03-22 03:34:51+00:00,negatif
Lama2 ni Negara ajg bgt😡,2025-03-22 03:33:39+00:00,negatif
🥰,2025-03-22 03:33:34+00:00,positif
😂,2025-03-22 03:33:15+00:00,positif
🔥,2025-03-22 03:32:58+00:00,positif
🔥,2025-03-22 03:32:46+00:00,positif
🙏,2025-03-22 03:32:46+00:00,positif
Indonesia perang saudara gk sih😂,2025-03-22 03:32:32+00:00,negatif
😁,2025-03-22 03:31:47+00:00,positif
kan kalian bersama TNI kenapa skrng kalian malah resah sih kan kalian rakyatnya🤣🤣,2025-03-22 03:31:12+00:00,negatif
makin gak jelas ni negara lama lama,2025-03-22 03:30:01+00:00,negatif
🤣,2025-03-22 03:28:55+00:00,positif
indo makin kesini bukannya maju malah mundur sm makin sinting😹,2025-03-22 03:28:47+00:00,negatif
TOLAKKKKKKKKK,2025-03-22 02:30:36+00:00,netral
woy siapa yang mau ke jepang ikut dong mau pindah kesana,2025-03-22 02:30:08+00:00,negatif
"dari awal emang gak suka sama abdi negara sumpah, woy lirik perawat sama guru dong anji**",2025-03-22 02:29:50+00:00,positif
#TolakRUUTNI,2025-03-22 02:29:09+00:00,negatif
🗿,2025-03-22 02:29:08+00:00,positif
"apa presiden nggak bisa apa apa ya? terus kalau nggak bisa apa apa knapa jadi presiden, dan kalau TNI gini..siapa yang bisa dipercaya",2025-03-22 02:29:02+00:00,negatif
ksihan bgt gen z n alpha,2025-03-22 02:27:30+00:00,negatif
😅,2025-03-22 02:27:27+00:00,positif
"umr msih 11 ,udh kek bgini😭😭",2025-03-22 02:27:10+00:00,positif
Indonesia utara,2025-03-22 02:27:04+00:00,netral
@sikibidi,2025-03-22 02:26:56+00:00,positif
😁,2025-03-22 02:26:41+00:00,positif
ingfokan mp40 new year wak,2025-03-22 02:26:20+00:00,positif
Kan part 2,2025-03-22 02:26:04+00:00,positif
@sikmaskibidi123123,2025-03-22 02:26:02+00:00,positif
😁,2025-03-22 02:26:01+00:00,positif
hehee...,2025-03-22 02:25:52+00:00,netral
Mending Bewan epep sini lah,2025-03-22 02:24:42+00:00,netral
😁,2025-03-22 02:24:36+00:00,positif
😭,2025-03-22 02:24:16+00:00,positif
😁,2025-03-22 02:24:08+00:00,positif
"gunain social media kalian, sebagai perlawanan dan penolakan! naikin ht ini, di social media km.
#tolakRUUTNI
#TolakRevisiUUTNI
#PeringatanDarurat
#IndonesiaGelap
#TolakDwifungsiABRI
#kaburajadulu",2025-03-22 02:23:54+00:00,negatif
😔,2025-03-22 02:23:49+00:00,positif
buzzer anj,2025-03-22 02:23:47+00:00,netral
g kebayang keluar pake baju rompi sama bawa m4a1,2025-03-22 02:23:01+00:00,negatif
open your eyes deh🙂 tanpa bs menjabat aja skrg byk pemuk*lan pengeroyok*an salah sasaran cm krn lewat pas demo,2025-03-22 02:21:36+00:00,negatif
ancuk an,2025-03-22 02:21:01+00:00,netral
😁,2025-03-22 02:19:57+00:00,positif
gw mah netral aja😅,2025-03-22 02:19:53+00:00,netral
bang ini negara lebih parah dari Konoha njir,2025-03-22 02:17:57+00:00,negatif
GILIRAN DI CHAT DI BLOKIR WKWKWKWWKWKWKWKWKWKWKWKWKWKWKWK @vennedett,2025-03-22 01:29:26+00:00,negatif
😹😹😹,2025-03-22 01:29:14+00:00,positif
#TOLAKRUUTNI,2025-03-22 01:28:53+00:00,negatif
@bintu_fulannnn,2025-03-22 01:28:41+00:00,negatif
mau kaya lee jong unchh kali yaa,2025-03-22 01:27:30+00:00,netral
"makan tuh ok gas ok gas, cerita pro rakyat nyata nya bau sungut",2025-03-22 01:26:45+00:00,netral
info rompi anti peluru dana pelajar?,2025-03-22 01:26:36+00:00,negatif
ke jepang yo?,2025-03-22 01:26:35+00:00,negatif
😹,2025-03-22 01:26:20+00:00,positif
ruu tni itu apa ya jawab dong please🙏,2025-03-22 01:26:04+00:00,negatif
klo ada demo kabari aku,2025-03-22 01:26:03+00:00,positif
44 https,2025-03-22 01:23:19+00:00,negatif
😂,2025-03-22 01:22:13+00:00,positif
menhanya mantan orde baru,2025-03-22 01:22:04+00:00,positif
di mana sila kemanusiaan nya itu dana korup yang ga masuk akal mendingan di kasih ke Panti asuhan dari pada di buat foya²,2025-03-22 01:21:48+00:00,negatif
"ini malam lailatul qadar,nnti ngadu ke allah aja yaa,biar pindah negaraa.Takutt jdi korut pt 2..",2025-03-22 01:20:42+00:00,negatif
100%dukung RUU TNI,2025-03-22 01:20:38+00:00,positif
🥰,2025-03-22 01:18:56+00:00,positif
🥰🥰🥰,2025-03-22 01:18:53+00:00,positif
"nanti gw bawa vest level 4 biar, tapi nanti takut di pepeng tni 😹😹",2025-03-22 01:15:51+00:00,netral
hilangkan ketuanya,2025-03-22 01:14:53+00:00,negatif
makin rusak ini negara,2025-03-22 01:14:45+00:00,negatif
negri ini emang aneh🗿,2025-03-22 01:14:35+00:00,negatif
👍,2025-03-22 01:12:44+00:00,positif
Rule no 1 : jangan rakus,2025-03-22 01:12:14+00:00,negatif
Musuh utama kita adalah DPR 🤣,2025-03-22 01:12:02+00:00,netral
"Indonesia emas ❌
Indonesia boyah ✅",2025-03-22 01:11:51+00:00,negatif
RUSAK UDAH RUSAK INDO😭,2025-03-22 01:11:47+00:00,negatif
😹,2025-03-22 01:10:52+00:00,positif
bayangin aj tiap sekolah ketemu ak47🗿,2025-03-22 01:10:44+00:00,positif
otw skolah bawa ak drako ini mah,2025-03-21 23:57:15+00:00,negatif
"#TolakRuuTni
#TolakRuuTni #TolakRuuTni #TolakRuuTni #TolakRuuTni #TolakRuuTni #TolakRuuTni #TolakRuuTni #TolakRuuTni #TolakRuuTni",2025-03-21 23:56:11+00:00,negatif
GAK ADA FUNGSI NYA JINGG RUU TNI,2025-03-21 23:56:10+00:00,netral
bubar aj negara ini,2025-03-21 23:55:52+00:00,negatif
@gerindra,2025-03-21 23:54:48+00:00,positif
🤣🤣🤣,2025-03-21 23:54:43+00:00,positif
😡😡😡,2025-03-21 23:54:39+00:00,positif
"i love malay, malay please claim me! 😊",2025-03-21 23:54:18+00:00,positif
oalah gitu. pantesan pd ngk setuju.,2025-03-21 23:51:45+00:00,negatif
"yang ada inspection animasi berapaan yak, 2 rebu kurang berapa🤭",2025-03-21 23:51:01+00:00,negatif
"msyarakat tdk disiplin, susah tertib, etos kerja rndah. dikasih wamil pasti gak mau. solusinya adlh ini",2025-03-21 23:50:54+00:00,negatif
RUU DAMKAR AJA,2025-03-21 23:50:36+00:00,netral
Indonesian sudah mulai terjajah 🤫,2025-03-21 23:50:32+00:00,negatif
uu diubah buat nyonya td,2025-03-21 23:50:24+00:00,negatif
gaenak anj jdi dewasa,2025-03-21 23:50:08+00:00,netral
percuma tuh pulau khusus koruptor 😹,2025-03-21 23:49:53+00:00,positif
😁,2025-03-21 23:48:36+00:00,positif
🙏,2025-03-21 23:48:32+00:00,positif
@Nabila🌷,2025-03-21 23:48:20+00:00,positif
"02 voters = HAMA
MAKAN TUH ORDE BARU JILID 2",2025-03-21 23:48:04+00:00,positif
ganti pak jokowi aja lah presiden nya jaman pak jokowi Indonesia tenang 2 aja kok yg milih no 02 to**l,2025-03-21 23:46:32+00:00,negatif
orang gak mau melakukan kesilapan yang berlaku pada masa lalu tapi ini dpr mau Coba Orde baru lagi salam dari Malaysia,2025-03-21 23:45:34+00:00,negatif
yg harus di demo ini deh kayanya . tolak RUU TNI !!,2025-03-21 23:44:44+00:00,negatif
Dpr a****g😌,2025-03-21 23:42:51+00:00,netral
PINDAH NEGARA AJA WOE,2025-03-21 23:42:31+00:00,negatif
@sleiolei @𝔠𝔞𝔥𝔞𝔶𝔞𝔞𝔭𝔯𝔦𝔩𝔦𝔞𝔷 rek.. ayo pindah😢,2025-03-21 23:41:22+00:00,netral
"bang kalau anda sekarang masih hidup, berarti apa yang anda omongin fitnah😁",2025-03-21 23:41:08+00:00,positif
😹,2025-03-21 23:40:39+00:00,positif
gak kebayang sekolah kerja pengganguran bawa ak47 🗿,2025-03-21 23:40:34+00:00,positif
😇,2025-03-21 23:39:05+00:00,positif
Kerusuhan v2 kah🗿,2025-03-21 22:33:18+00:00,negatif
amnan tentram ayem hidupnya zaman pak Harto.,2025-03-21 22:33:13+00:00,positif
🥰🥰🥰,2025-03-21 22:33:01+00:00,positif
❤️❤️❤️,2025-03-21 22:32:58+00:00,positif
giliran kek gini nyesel pilih gemoy 😂,2025-03-21 22:32:44+00:00,negatif
dpr mewakili siapa anjggg,2025-03-21 22:32:12+00:00,positif
sekarang keluar bawa medkit,2025-03-21 22:32:12+00:00,negatif
APAKAH MEREKA AKAN MEMBURU PARA KORUPTOR DENGAN PETRUS?? 💀,2025-03-21 22:30:58+00:00,negatif
sp sich awal mula pencetus ide RUU TNI hrs diubah?,2025-03-21 22:30:29+00:00,negatif
"Alhamdulillah dimalam lailatul qadar punya penyakit ini😔
-batuk
-hidung pilek
-pusing
-badan sakit""an
Ayo yang sama aduin bareng""semuanya ke Allah!",2025-03-21 22:30:29+00:00,negatif
peduli ape gw🤭,2025-03-21 22:30:06+00:00,netral
😭,2025-03-21 22:30:00+00:00,positif
kalo orang negara lain pergi ke indonesia kek mana itu? masih aman kah?,2025-03-21 22:28:31+00:00,negatif
"demokrasi demokrasi, giliran bicara hilang taekkk",2025-03-21 22:28:05+00:00,negatif
gelap,2025-03-21 22:27:17+00:00,netral
kami... tidak berjuang sendirian...,2025-03-21 22:27:01+00:00,negatif
kalo nolak kebijakan lengah dikit hilang kaya jaman Soeharto kah,2025-03-21 22:26:23+00:00,negatif
🗿🗿🗿,2025-03-21 22:26:21+00:00,positif
nyesel kan minta merdeka dulu 😂 nanti di akhirat gw tuntut siapa yang dulu mati Matian minta merdeka Ama belanda,2025-03-21 22:25:43+00:00,negatif
🥰,2025-03-21 22:25:28+00:00,positif
🗿,2025-03-21 22:25:18+00:00,positif
cape ah lama lama,2025-03-21 22:25:06+00:00,positif
kayanya gua mau ke Malaysia aja🗿,2025-03-21 22:23:07+00:00,positif
DPR kog setuju ..dah nanya ke rakyat blm ?,2025-03-21 22:23:06+00:00,negatif
@🍫🍪 ni rad pengertiannyh,2025-03-21 22:22:23+00:00,negatif
singkat padat bang bill postulang😭😭😭 @billysamuelo,2025-03-21 22:22:10+00:00,negatif
🥺,2025-03-21 22:20:58+00:00,positif
aduh jadi bingung mau beli gamis atau rompi ni,2025-03-21 22:20:34+00:00,negatif
💀,2025-03-21 22:20:08+00:00,positif
Ini lah yg di takut kan klo praproro jadi👍,2025-03-21 22:18:08+00:00,negatif
YAUDAH GAIS MALAM LAILATUL QADAR KITA ADUIN SEMUAA 😔🙏,2025-03-21 21:23:28+00:00,positif
negara sakit anj,2025-03-21 21:22:59+00:00,negatif
#tolakruutni,2025-03-21 21:22:44+00:00,negatif
awas bg nanti ilang,2025-03-21 21:22:22+00:00,negatif
😂,2025-03-21 21:21:11+00:00,positif
🗿,2025-03-21 21:21:02+00:00,positif
@Okta sikma ini taa yg gua ceritain,2025-03-21 21:20:38+00:00,positif
susah emang hidup di negara yang gapunya telinga.,2025-03-21 21:20:12+00:00,positif
wooo pemerintah gwendeng asuu,2025-03-21 21:20:12+00:00,netral
bjir🗿,2025-03-21 21:18:52+00:00,positif
😭,2025-03-21 21:18:34+00:00,positif
heboh cm fomo itu,2025-03-21 21:17:35+00:00,negatif
rakyat 90persen mendukung,2025-03-21 21:17:35+00:00,positif
😁,2025-03-21 21:17:12+00:00,positif
yg suka korup+bikin masalah siapa yg kena satu negara,2025-03-21 21:17:09+00:00,negatif
bearti buat melindungi para maling uang rakyat.,2025-03-21 21:16:55+00:00,positif
mantaappp🔥🔥🔥🔥🔥,2025-03-21 21:16:00+00:00,positif
🗿,2025-03-21 21:15:48+00:00,positif
😂,2025-03-21 21:15:40+00:00,positif
"ya allah dri remaja ke dewasa gw gini amat ya allahhh pen pindah negara ke jepang atau gk ke korea
-lulusan covid
-kurikulum percobaan
-un percobaan
-pertamax = pertalite
-orde baru",2025-03-21 21:14:39+00:00,negatif
😭,2025-03-21 21:13:12+00:00,positif
negara makin kesini makin ancur aja keliatan nya😔😔,2025-03-21 21:13:01+00:00,negatif
@Gibran Rakabuming plisss udh lh🥺,2025-03-21 21:11:57+00:00,negatif
🥰,2025-03-21 21:11:40+00:00,positif
🥰,2025-03-21 21:10:45+00:00,positif
🥰,2025-03-21 21:09:54+00:00,positif
☹️,2025-03-21 21:09:45+00:00,positif
😇,2025-03-21 21:09:29+00:00,positif
welcome back orba😍😍,2025-03-21 21:09:24+00:00,positif
😁,2025-03-21 21:08:58+00:00,positif
semoga Allah melindungi masyarakat rakyat negara Indonesia ini kecuali pejabat yang ga adil dan ga baik,2025-03-21 20:02:32+00:00,positif
😂,2025-03-21 20:02:09+00:00,positif
TNI bersama rakyat.. buktinya sebelumnya bayar bayar bayar siapa tuh...?,2025-03-21 19:59:53+00:00,negatif
mantap wok,2025-03-21 19:58:54+00:00,netral
@thessa🌷,2025-03-21 19:56:12+00:00,positif
Pindah negara yuks ada yg mau ikut🙂,2025-03-21 19:55:50+00:00,negatif
"pada takut koruptor 🤣🤣🤣,,,, seburuk ""nya orde baru korupsi ga sampe 1000 triliun",2025-03-21 19:55:07+00:00,negatif
aduh mending #kaburajadulu,2025-03-21 19:54:26+00:00,negatif
"hanya oknum2 yg watak penjahat..yg ke takutan 🤣🤣🤣🤣santai aja,,gk ada jg kepentingan dlm bernegara 😂",2025-03-21 19:52:08+00:00,negatif
#TolakRuuTni,2025-03-21 19:50:02+00:00,negatif
katanya udah merdeka? gimana sih...,2025-03-21 19:44:50+00:00,negatif
🥰,2025-03-21 19:41:23+00:00,positif
😁,2025-03-21 19:41:22+00:00,positif
🥰,2025-03-21 19:40:39+00:00,positif
emang jaman presiden bapak Jokowi bisa protes ?,2025-03-21 19:40:37+00:00,negatif
"efek emak"" sakit hati dan anaknya turun tangan mengacak"" isi bumi😂",2025-03-21 19:39:59+00:00,negatif
aku GK paham tapi pikiran kayak nanti kita membahas korupsi terus kita diculik?,2025-03-21 19:38:59+00:00,negatif
😁,2025-03-21 19:36:55+00:00,positif
🥰,2025-03-21 19:33:40+00:00,positif
Revisi UU TNI bertujuan untuk mengimbangi dan melepaskan cengkraman kekuatan politik Polri dan mulyono dalam merusak konstitusi dan negara.. Jadi revisi UU TNI harus kita dukung.. 👍,2025-03-21 19:31:54+00:00,positif
😁,2025-03-21 19:29:55+00:00,positif
😂,2025-03-21 19:24:38+00:00,positif
"UU TNI lama : Prajurit Aktif bisa masuk 11 bidang.
UU TNI baru : Prajurit Aktif bisa masuk ke seluruh Kementerian (48) dan lembaga lain (100???).
TNI di semua Kementerian dan Lembaga Negara akan mengganggu iklim demokrasi & masyarakat.
Sudah pernah lapor polisi / gugat / nagih hutang ke Perwira?
Ini test drive Orba jilid 2? Atau perkuatan putaran ke 2?
Penjabaran lengkap di Profile.
Follow @tth_litigation.",2025-03-21 19:24:34+00:00,negatif
"pantes pada stju pejabat , ternyata emng korupsi",2025-03-21 19:22:47+00:00,negatif
😁,2025-03-21 19:22:36+00:00,positif
"tmn gua di story wa bacot banget anj
rusuh banget bahas ini sampe nyumpahin yg milih prabowo berasa dia bisa nyelametin negara aja😌",2025-03-21 19:21:52+00:00,negatif
🙄udahlah nyaringnya dari Twitter terus dari tempo yang notabenenya tukang fitnah.. 🙃,2025-03-21 19:21:45+00:00,negatif
🔥,2025-03-21 19:20:45+00:00,positif
😁,2025-03-21 19:20:33+00:00,positif
"hadeh ,males banget kesekolahan doang harus pake netherite armor,mana berat lagi ,njir ,di paksa sembuh di negara yg sakit",2025-03-21 17:20:44+00:00,negatif
lu Bahas RUU TNI tapi lu cuma jelasin orde baru aja😒,2025-03-21 17:20:17+00:00,netral
koyo rezim Bashar Al Assad Yo tentara yg kejam ke warga nya sendiri yg menolak,2025-03-21 17:20:04+00:00,negatif
😁,2025-03-21 17:19:49+00:00,positif
😁,2025-03-21 17:18:35+00:00,positif
auto hilang inimah,2025-03-21 17:18:03+00:00,negatif
😹,2025-03-21 17:17:13+00:00,positif
@tni.angkatan.darat jangan sampai 8 wajib TNI hilang ya 😔,2025-03-21 17:17:03+00:00,negatif
🥰🥰🥰,2025-03-21 17:17:03+00:00,positif
❤,2025-03-21 17:16:53+00:00,positif
😁,2025-03-21 17:16:39+00:00,positif
udh kyk korut dong..... anj,2025-03-21 17:15:37+00:00,negatif
jika itu rencana orang baik maka saya tetap dukung,2025-03-21 17:14:52+00:00,netral
mau gimana lg sdh di sah kan DPR,2025-03-21 17:13:36+00:00,netral
"kok masih ada sih yg dukung ini serius deh? guys dwifungsi loh!. knapa pemerintah ga ambil aja jalan lain misal melakukan perekrutan ulang wrga indonesia kaya tes cpns contohnya, harus bngt TNI??",2025-03-21 17:13:15+00:00,negatif
🗿,2025-03-21 17:12:32+00:00,positif
lebih baik gw mati di palestine dari pada disini,2025-03-21 17:12:27+00:00,netral
gatau bg gausah tanya2 menurut menurut aku lg capek bgt sama negara ini akhir2 ini,2025-03-21 17:10:41+00:00,negatif
 [photo],2025-03-21 17:09:00+00:00,positif
lah yang pegang dpr kan legislatif buka presiden aneh deh,2025-03-21 17:04:54+00:00,negatif
😂,2025-03-21 17:03:32+00:00,positif
@hanyu 🐰🐰💗,2025-03-21 17:03:18+00:00,positif
#tolakRuutni,2025-03-21 17:02:03+00:00,negatif
ini real atau cuman buat menenggelamkan berita2 korupsi yg ketanggap di dalem negri sih?😭pertamina gimana kelanjutan nya? ladang ganja? dll? pusing ah mending bobo😭,2025-03-21 17:01:07+00:00,negatif
"@Mr.RC:ini ngapasi pada takut takut bngt 🤣, udah liat belum isi nya ruu TNI 🤣, padahal Dwi fungsi gak ada lho
mereka hanya fokus ke Mentri pertahanan,Dwi fungsi tidak ada, jika mereka mau jabatan la",2025-03-21 17:00:24+00:00,negatif
"@prabowosubianto08 pak mana nii
@partaigerindra",2025-03-21 16:59:42+00:00,positif
takut banget kalo ilang😞,2025-03-21 16:59:32+00:00,positif
"dari pada orde Mulyono ,ancur semua tatanan hukum",2025-03-21 16:57:08+00:00,negatif
mereka tutup mata apa gmn si bnyk yang nolak tpi di sah in😭,2025-03-21 16:56:14+00:00,negatif
takut😭,2025-03-21 15:53:01+00:00,positif
BERANGKAT SEKOLAH NENTENG SCAR CUPID,2025-03-21 15:52:26+00:00,positif
lah iya.. video ini kok jadi lebih bahas ke orde baru bukan bahas ke RUU TNI nya,2025-03-21 15:51:12+00:00,negatif
@user578291937👽,2025-03-21 15:50:10+00:00,positif
oke otw ke korea jd idol aja,2025-03-21 15:49:08+00:00,netral
😹,2025-03-21 15:48:56+00:00,positif
#TOLAKRUUTNI,2025-03-21 15:48:19+00:00,negatif
smenjak bnyak korupsi terungkap trus bikin revisi ruu panggil aj kim jong un,2025-03-21 15:47:56+00:00,negatif
uud fungsi nya apaan anj,2025-03-21 15:45:52+00:00,netral
"itu rapat diam diam,DPR full tikus kah sampai pake RUU TNI 😂",2025-03-21 15:45:42+00:00,negatif
kasian bgt dah orang indonesia,2025-03-21 15:45:20+00:00,negatif
SUDAH KE TEBAK..publik figur yg tolak Ruu tni y artis pendukung abah ANIS,2025-03-21 15:45:12+00:00,negatif
peristiwa tanjung priok 1984 Wadih Deket lagi,2025-03-21 15:45:07+00:00,negatif
🥰,2025-03-21 15:45:02+00:00,positif
pindah ke China aj lah udah,2025-03-21 15:44:51+00:00,negatif
"@naa_ @A pen pindah negara,tapi pacak ape 😞",2025-03-21 15:44:26+00:00,negatif
jngn dulu gua belum nikah🥺,2025-03-21 15:44:16+00:00,negatif
🥺,2025-03-21 15:44:06+00:00,positif
🗿,2025-03-21 15:42:44+00:00,positif
🥰,2025-03-21 15:41:36+00:00,positif
tolak RUU tni,2025-03-21 15:41:06+00:00,positif
😌,2025-03-21 15:39:48+00:00,positif
yang korupsi aja belum kelar kelar malah ada lagi ini,2025-03-21 15:39:44+00:00,negatif
stevan youngs:mati guwe☠️,2025-03-21 15:37:18+00:00,netral
♥️,2025-03-21 15:37:18+00:00,positif
😂,2025-03-21 15:37:07+00:00,positif
@aya:@p.:PLISS JANGAN FOKUS KE RUU TNI DOANG RUU POLRI KALO DI SAHKAN LEBIH BAHAYA❗❗,2025-03-21 15:36:26+00:00,netral
ikut jaman saja pak,2025-03-21 15:35:24+00:00,positif
"DPR lagi kangen era orde baru guys biar klo korupsi ngk ketahuan dan bisa dibungkamkan,biar bisa menyiksa dan menyakiti rakyat kecil kaya kita ini.",2025-03-21 15:35:20+00:00,negatif
🥰,2025-03-21 15:34:22+00:00,positif
"yang sahkan DPR KAN?
kalian pada tau lah ,udh pada pinter",2025-03-21 14:51:05+00:00,negatif
apasih ga jelas banget mereka,2025-03-21 14:50:26+00:00,netral
@WATASHI,2025-03-21 14:50:15+00:00,positif
😂,2025-03-21 14:49:10+00:00,positif
Kalian masih mau pakai sistem ini? ini semua akarnya sistem tau:),2025-03-21 14:48:49+00:00,positif
real di jajah negara sendiri,2025-03-21 14:48:32+00:00,positif
ka vigooo😻,2025-03-21 14:47:55+00:00,netral
"udh paling bner, kabur aja dulu",2025-03-21 14:47:42+00:00,negatif
ini negara apa si,2025-03-21 14:47:19+00:00,positif
kata ayahku jangan sampai orba terulang lg ih serem,2025-03-21 14:47:17+00:00,negatif
😂,2025-03-21 14:45:40+00:00,positif
🤣,2025-03-21 14:45:40+00:00,positif
🥰,2025-03-21 14:45:27+00:00,positif
makanya pilih pemimpin itu yang cerdas bukan cuma tegas.,2025-03-21 14:45:04+00:00,netral
aku setuju sih tangkep aj orng yg nolak keras biar gak ngenganggu mereka gak sadar diri SDM ny pada rendah,2025-03-21 14:44:45+00:00,negatif
😏,2025-03-21 14:44:29+00:00,positif
😔,2025-03-21 14:43:30+00:00,positif
RAKYAT SETUJU TP MAFIA NANGIS,2025-03-21 14:42:59+00:00,negatif
ada hubungannya gak sih ruu TNI sama kasus korupsi yang sering kebongkar akhir akhir ini?,2025-03-21 14:42:05+00:00,negatif
"mintk pendapat sama yg sok pinter aj bg yg sok"" menyalahkan mahasiswa pas demo tetapi mereka tidak punya akal pikiran 😂😂😂😂😂😂",2025-03-21 14:41:08+00:00,negatif
anjay hidup di jaman pergantian orde baru 😭😭,2025-03-21 14:40:59+00:00,positif
😁,2025-03-21 14:39:57+00:00,positif
bocah bocah SMA yg sering menghina Jokowi pada ketar ketir,2025-03-21 14:39:06+00:00,netral
gimana mau maju ni negara kocak 😹😹,2025-03-21 14:38:54+00:00,negatif
pindah aja lah ke jepang@★♪‡ariin`♪,2025-03-21 14:38:30+00:00,negatif
.,2025-03-21 14:37:57+00:00,netral
😁,2025-03-21 14:37:29+00:00,positif
🔥,2025-03-21 14:37:29+00:00,positif
otw pull up jawa,2025-03-21 14:36:48+00:00,positif
😁,2025-03-21 14:36:40+00:00,positif
@Adrian_putra,2025-03-21 13:41:47+00:00,positif
@🚩,2025-03-21 13:41:01+00:00,positif
yeee liiiiii 🦅🔥🔥🔥🔥🔥🔥🔥🔥,2025-03-21 13:40:46+00:00,positif
😹,2025-03-21 13:40:45+00:00,positif
"tni depan kantor ku cuman duduk doank, yang piket 2/3 orang, ga pernah liat mereka apel, paling ngumpul semua ketika acara penting. huuh 🥹",2025-03-21 13:39:39+00:00,negatif
yongalah lekas ayem AE kok ngenemen,2025-03-21 13:39:20+00:00,negatif
😁,2025-03-21 13:37:57+00:00,positif
PILIHANNYA OKE GAS OKE GAS SIHHH KAN NEGARA JADI GINII BANGETT MAU JADI APAA GENERASI SELANJUTNYAA!!,2025-03-21 13:37:28+00:00,netral
😂,2025-03-21 13:37:26+00:00,positif
"bunda Kartini liat negara ini yang engkau perjuangin, di mana keadilan bunda Kartini ??
kami pengen keadilan yg benar , semoga bunda tidak sedih di dunia sana🥹🥹",2025-03-21 13:36:47+00:00,positif
mau komen takut,2025-03-21 13:36:31+00:00,negatif
@cacaa🎀 @nay,2025-03-21 13:36:27+00:00,positif
👍🏻,2025-03-21 13:36:18+00:00,positif
petrus lah,2025-03-21 13:34:24+00:00,negatif
bang makasi ya gw jadi paham,2025-03-21 13:33:40+00:00,negatif
😱,2025-03-21 13:33:32+00:00,positif
tolak RUU TNI,2025-03-21 13:33:04+00:00,positif
@Rizky ray:Trus fungsinya demokrasi apaan 😭,2025-03-21 13:32:33+00:00,negatif
💀,2025-03-21 13:31:33+00:00,positif
@𐌊𐌄𐌍𐌉𐌀𐌀,2025-03-21 13:31:32+00:00,positif
🤣,2025-03-21 13:30:37+00:00,positif
@🐹⋆𐙚₊ 레이 ˚⊹🎀♡,2025-03-21 13:30:35+00:00,positif
😅,2025-03-21 13:29:35+00:00,positif
😁,2025-03-21 13:29:32+00:00,positif
makin kesini makin rusak anj,2025-03-21 13:29:26+00:00,negatif
bahas tentang tung tung sahu,2025-03-21 13:28:52+00:00,positif
😞,2025-03-21 13:28:37+00:00,positif
#TOLAKRUUTNI,2025-03-21 13:28:12+00:00,negatif
"gua kalo mau pindah negara keinget trs masa perjuangan pahlawan yang dulu, cmn ky anjg masa skrg.",2025-03-21 13:26:54+00:00,negatif
AYO SIAPA YANG MAU IKUT PINDAH KE MARS MUMPUNG MASI CUKUP ROKETNYA😌,2025-03-21 13:26:48+00:00,netral
😂,2025-03-21 12:29:18+00:00,positif
Tolak🔥,2025-03-21 12:27:59+00:00,positif
#kaburajadulu come to japan,2025-03-21 12:27:47+00:00,negatif
"malay tukang claim, claim ak dong",2025-03-21 12:27:36+00:00,negatif
bahaya ini,2025-03-21 12:27:05+00:00,negatif
gimana ini pak prabowo,2025-03-21 12:26:53+00:00,positif
🥰,2025-03-21 12:25:07+00:00,positif
😳,2025-03-21 12:24:26+00:00,positif
tikus berdasi ad dimana mana😭🥲,2025-03-21 12:24:26+00:00,negatif
😁,2025-03-21 12:23:30+00:00,positif
@pengguna.public,2025-03-21 12:22:40+00:00,positif
😁,2025-03-21 12:22:33+00:00,positif
"Ditolak kerja di negara sndiri tapi diterima di negara lain, dinegara sndiri kualifikasi sarjana harus mininal kerja 2th tapi gajih masih 3 bertahun2 baru naik gajih paling mentok 5 atau berapa nih. Ternyta lahir baru menjadi dewasa pikiran udah ga karuan ya ditambah gebrakanya😂",2025-03-21 12:22:27+00:00,negatif
ok to iki,2025-03-21 12:21:22+00:00,netral
"memperlancar korupsi anj, negara gila",2025-03-21 12:20:24+00:00,positif
yaallah,2025-03-21 12:20:23+00:00,positif
😂😂😂,2025-03-21 12:20:08+00:00,positif
"lah iya, bahaya nih kl tb2 gw hilang",2025-03-21 12:19:52+00:00,negatif
🥰,2025-03-21 12:19:44+00:00,positif
setuju..biar gak ada ormas,2025-03-21 12:19:27+00:00,negatif
🥰,2025-03-21 12:19:14+00:00,positif
🥰,2025-03-21 12:19:08+00:00,positif
😘😘😘,2025-03-21 12:17:58+00:00,positif
aelah pulang sekolah masa harus pegang senjata,2025-03-21 12:17:25+00:00,negatif
ada negara gk ya yg mau nampung saya.? saya mau pindah,2025-03-21 12:17:19+00:00,negatif
💀💀💀,2025-03-21 12:16:23+00:00,positif
"gak ada yang setuju malah di paksa,ini malah bikin makin niat tinggalin ini negara",2025-03-21 12:15:49+00:00,netral
Ferdi Nuril dr dlu kan busuq ngapai dia dsebut,2025-03-21 12:15:42+00:00,negatif
@robi adha,2025-03-21 12:15:24+00:00,positif
"statusnya baru disahkan, masih bisa digugat. sebelum statusnya diundangkan",2025-03-21 12:14:51+00:00,netral
@korizen_belsa🐣 @•°momoy•°🐝🌊🫧,2025-03-21 11:29:38+00:00,positif
dpr sakit,2025-03-21 11:29:02+00:00,negatif
❤️,2025-03-21 11:28:44+00:00,positif
Konoha mh emng giji gajelas,2025-03-21 11:28:35+00:00,netral
takut indo jadi kyk Korut😕,2025-03-21 11:26:20+00:00,negatif
💗,2025-03-21 11:26:05+00:00,positif
"negara kita dalam masalah , sampe sampe yang punya jabatan pengen menguasai negara",2025-03-21 11:24:57+00:00,netral
kek di jajah lagi tapi sama sesama wni 🙂,2025-03-21 11:24:30+00:00,netral
😳,2025-03-21 11:23:20+00:00,positif
gini kalo negara dipegang jawa,2025-03-21 11:23:16+00:00,netral
"anak kelahiran 98 baru lahir udh kerusuhan, SD,SMP,SMA UN dapet kurikulum percobaan, kuliah lulusan covid. udh banyak cobaan dr lahir pas dewasa mau isi bensin aja ditipu🙏🏻 kurang kuat apa kita",2025-03-21 11:23:14+00:00,negatif
😭😭😭,2025-03-21 11:22:27+00:00,positif
plongo bet dah jir ni negara😹😹😹,2025-03-21 11:20:39+00:00,negatif
😂,2025-03-21 11:19:55+00:00,positif
🥰,2025-03-21 11:19:21+00:00,positif
"bang kenapa GK ada yang demo untuk segera sah kan perasaan aset,? apa karna GK ada yang.........",2025-03-21 11:18:43+00:00,negatif
♥,2025-03-21 11:18:07+00:00,positif
🗿,2025-03-21 11:18:06+00:00,positif
kabur ah udah ga bener di indo,2025-03-21 11:17:43+00:00,negatif
🥰,2025-03-21 11:16:35+00:00,positif
😁,2025-03-21 11:16:04+00:00,positif
☺,2025-03-21 11:15:30+00:00,positif
😏,2025-03-21 11:15:12+00:00,positif
mbak puan kan yang ketok palu?,2025-03-21 11:14:59+00:00,negatif
apsi msi ng lag ni otak,2025-03-21 11:14:35+00:00,netral
❤️,2025-03-21 11:14:30+00:00,positif
😅,2025-03-21 11:14:11+00:00,positif
🥰,2025-03-21 11:13:57+00:00,positif
🥰,2025-03-21 11:13:53+00:00,positif
😂,2025-03-21 11:13:14+00:00,positif
DPR DEWAN PERWAKILAN KORUPTOR,2025-03-21 10:14:41+00:00,positif
😹,2025-03-21 10:14:15+00:00,positif
@ʜᴇᴇᴡᴏɴ,2025-03-21 10:13:39+00:00,positif
🤲,2025-03-21 10:13:32+00:00,positif
kaya di myanmar ga sih,2025-03-21 10:13:16+00:00,negatif
"huwaa,mengapa indo makin kesini makin kesanaaa? #TolakRUUTNI",2025-03-21 10:13:06+00:00,negatif
@nadynn☁️@sagitariusssssss @angel,2025-03-21 10:12:56+00:00,positif
🗿,2025-03-21 10:11:59+00:00,positif
😁,2025-03-21 10:11:19+00:00,positif
😘,2025-03-21 10:09:53+00:00,positif
TOLAK RUU TNI,2025-03-21 10:08:55+00:00,positif
RUU perampasan aset alot banget 😅😅,2025-03-21 10:08:13+00:00,negatif
Intinya gara” 9naga ketemu ama presiden. Gatau dikasih uang brp amoe diadain ruu tni ini,2025-03-21 10:08:00+00:00,negatif
"padahal ini bagus,tapi masyarakat indo trauma dari yg udah terjadi jadi wajar banyak yg kontra",2025-03-21 10:07:58+00:00,negatif
"pantesan DPR mau sah kan ruu TNI, biar bisa lebih gacor korupnya",2025-03-21 10:07:44+00:00,negatif
😭,2025-03-21 10:07:19+00:00,positif
"harusnya RUU TNI utk hari ini beda pada yg dulu dan penetapannya harus adil utk hukum seluruh Indonesia karena era Prabowo itu zaman pemerangan terhadap ketidak Adilan/ SE wenang wenang,dimana-",2025-03-21 10:07:07+00:00,negatif
🔥,2025-03-21 10:06:56+00:00,positif
pasti puan lagi,2025-03-21 10:05:46+00:00,netral
🥺,2025-03-21 10:05:42+00:00,positif
@mallfreaaak.,2025-03-21 10:05:40+00:00,positif
😅,2025-03-21 10:05:22+00:00,positif
@akunke.2.stevansyoung gimana ini🤣,2025-03-21 10:01:08+00:00,positif
duh sila keempat ilang si ini,2025-03-21 10:00:26+00:00,negatif
😁,2025-03-21 10:00:15+00:00,positif
"ayo buat organisasi
selagi gua ada di jatim",2025-03-21 09:59:22+00:00,netral
❤️❤️❤️,2025-03-21 09:59:18+00:00,positif
"ga ada penangkapan korupsi, korupsi tetep ada tapi ga ketauan ohhh jadi di sahkannya ruu TNI depi terselamatkannya para korupsi karna kan dari kemarin pada ketauan yg korupsi",2025-03-21 09:59:17+00:00,negatif
😭,2025-03-21 09:59:16+00:00,positif
☺️,2025-03-21 09:59:14+00:00,positif
"Banyak banget ih komen buzzernya, blokin aja",2025-03-21 08:53:00+00:00,negatif
dpr kebut ruu tni krna biar mereka aman klo mau korup,2025-03-21 08:52:52+00:00,negatif
#TolakRUUTNI!,2025-03-21 08:51:27+00:00,negatif
😁,2025-03-21 08:51:19+00:00,positif
"rusak nih negara,udah paling bener pindah kewarganegaraan",2025-03-21 08:50:31+00:00,negatif
😳,2025-03-21 08:49:50+00:00,positif
dpr hama,2025-03-21 08:49:43+00:00,netral
"INDONESIA SAKIT, INDONESIA GELAP!",2025-03-21 08:47:59+00:00,negatif
kayak zamn Soeharto?,2025-03-21 08:47:07+00:00,negatif
😭,2025-03-21 08:46:55+00:00,positif
😁,2025-03-21 08:43:24+00:00,positif
twing twing kasus ganja di gunung bromo ilang wkwk,2025-03-21 08:42:44+00:00,negatif
😂,2025-03-21 08:42:11+00:00,positif
😁,2025-03-21 08:42:11+00:00,positif
aku merinding🥺,2025-03-21 08:41:40+00:00,positif
😁,2025-03-21 08:40:51+00:00,positif
😂,2025-03-21 08:40:26+00:00,positif
😳,2025-03-21 08:39:53+00:00,positif
sehat sehat negriku 🥀,2025-03-21 08:39:31+00:00,negatif
Yg ngesahin siapa😭,2025-03-21 08:39:18+00:00,negatif
"udah lah, infokan sg opm sama ak 2jt, buat sekolah",2025-03-21 08:38:56+00:00,negatif
🗿,2025-03-21 08:38:24+00:00,positif
i'm from Malaysia 🇲🇾🥰,2025-03-21 08:38:12+00:00,negatif
🤣,2025-03-21 08:37:32+00:00,positif
@༊ @ssaa,2025-03-21 08:37:32+00:00,positif
😳,2025-03-21 08:36:21+00:00,positif
dpr nya ganti anak gen z aja bisa ga si?,2025-03-21 08:35:35+00:00,netral
mending ruutni nya buat para penjabat yang korupsi aja,2025-03-21 08:35:11+00:00,negatif
😁😁😁,2025-03-21 08:34:04+00:00,positif
semoga aja stevensyoung gak hilang🗿,2025-03-21 07:18:34+00:00,negatif
nyesel pilih 02,2025-03-21 07:18:21+00:00,netral
indo bukannya makin bener malah makin stres ajg😔,2025-03-21 07:15:43+00:00,netral
tenang aja jepang butuh penduduk bnyk kok😂pindah Sono aja Rusia juga bagus,2025-03-21 07:15:12+00:00,netral
negara apaa ini stressssss,2025-03-21 07:15:02+00:00,negatif
heran sm yg dukung ruu tni,2025-03-21 07:14:55+00:00,negatif
bubarin aja deh DPR nya cape banget yaAllah😭,2025-03-21 07:14:33+00:00,negatif
😳,2025-03-21 07:14:22+00:00,positif
@HayaseYuuki♒,2025-03-21 07:14:20+00:00,positif
gini amat jadi warga indo💀,2025-03-21 07:14:01+00:00,positif
@partaigerindra,2025-03-21 07:13:36+00:00,positif
udaaah lah inti nya pada salah pilih 😂,2025-03-21 07:12:43+00:00,negatif
"INDONESIA EMAS❌
INDONESIA CEMAS✅",2025-03-21 07:12:37+00:00,positif
🔥,2025-03-21 07:12:24+00:00,positif
orde itu apa?,2025-03-21 07:11:19+00:00,negatif
😱,2025-03-21 07:11:16+00:00,positif
@partaigerindra ini gmn min,2025-03-21 07:10:39+00:00,positif
RUU TNI di kebut giliran UU Perampasan Aset di lama-lamain🗿,2025-03-21 07:10:22+00:00,positif
🤲🤲🤲,2025-03-21 07:10:09+00:00,positif
kek di jajah negeri sendiri😹,2025-03-21 07:10:04+00:00,positif
🥰,2025-03-21 07:08:03+00:00,positif
Klo uda gerombolan itu nolak berarti uda bener itu RUU😆,2025-03-21 07:07:09+00:00,negatif
"siapa yg ngusulin ni RUU haaa?. orang pendukungnya sebelah pasti nuduh pk wowo yg harus disalahin. padahal kan ini dibuat"" ama kubu sebelah biar pas presiden ke8 njabat banyak masalah yg nyeleneh. 🙃",2025-03-21 07:07:00+00:00,negatif
😁,2025-03-21 07:06:05+00:00,positif
owalah gitu doang,2025-03-21 07:06:05+00:00,netral
@seblakkeju,2025-03-21 07:05:48+00:00,positif
bibit2 war wolrd 3,2025-03-21 07:05:25+00:00,netral
"jgn di samakan Orde baru jaman dulu dgn RUU TNI jaman Prabowo yg skrg, dan jgn suka menjadi kompor yg bisa membakar kedamaian negeri ini ♥️",2025-03-21 07:05:23+00:00,positif
@Deddy Corbuzier @Ali hamza 🧔🏻 @gerindra,2025-03-21 07:04:46+00:00,positif
😂,2025-03-21 07:03:43+00:00,positif
"terlalu banyak mafia politik di negri ini, ayok cuman kita masyarakat lah yang mampu melawan ini semua.",2025-03-21 06:18:05+00:00,negatif
"kalian kalo gapaham politik mending pelajarin dulu Eksekutif, Legislatif, dan Yudikatif. jangan asal nyalahin Presiden, ini 'RUU', mau Presiden setuju atau tidak, tetep bisa disahkan oleh DPR.",2025-03-21 06:17:43+00:00,negatif
👍,2025-03-21 06:15:56+00:00,positif
"solosi nya jgn bayar pajak aja
selesai🤭",2025-03-21 06:15:20+00:00,positif
mirip kayak cerita laut bercerita itu ga sih? atau beda,2025-03-21 06:14:42+00:00,netral
🤨,2025-03-21 06:14:30+00:00,positif
😬,2025-03-21 06:13:38+00:00,positif
"@partaigerindra bagaimana tanggapan nya, pak?",2025-03-21 06:12:55+00:00,netral
"orang² bertattoo akan di buat ketar ketir seperti saya, jika petrus di fungsikan",2025-03-21 06:12:07+00:00,negatif
masa sih gw mau kesekolah bawa usp🗿,2025-03-21 06:10:57+00:00,netral
😔,2025-03-21 06:10:56+00:00,positif
😭😭😭,2025-03-21 06:10:52+00:00,positif
🥰,2025-03-21 06:09:02+00:00,positif
Ayo kita ke Isekai aja jadi MC😇🗿,2025-03-21 06:08:30+00:00,positif
biasa lah org yg kalah itu selalu ovt maknya sama polisi takut sma tni takut. semua bahaya kalau kalian kalah karena ngerasa semua kebijakan bukan keinginan kalian gitu aj sih bang menurut saya,2025-03-21 06:08:28+00:00,negatif
DPR=ANJING,2025-03-21 06:08:25+00:00,netral
🙏🏻🙏🏻🙏🏻,2025-03-21 06:08:24+00:00,positif
🗿,2025-03-21 06:07:41+00:00,positif
Kabur aja dl yang masih bisa kabur,2025-03-21 06:05:45+00:00,negatif
@AuthorReceh.com nohh weell😭,2025-03-21 06:05:36+00:00,negatif
RUU TNI hanya menutup nutup i kasus korupsi kemarin wkwkwk bung bung,2025-03-21 06:05:30+00:00,negatif
🥺,2025-03-21 06:05:15+00:00,positif
mungkin ini buat ngelengserkan jabatan nya pak Prabowo,2025-03-21 06:05:00+00:00,netral
🥰,2025-03-21 06:04:53+00:00,positif
anj ya,2025-03-21 06:04:12+00:00,netral
udh negara gk maju mau ada aja yang bikin masyarakat menderita 😐🤐,2025-03-21 06:04:09+00:00,negatif
gatau bang 2010 harus mikirin ruu tni,2025-03-21 06:03:34+00:00,negatif
#kaburajadulu,2025-03-21 06:03:07+00:00,negatif
kura bajingan apa masa remaja gw 😂,2025-03-21 06:02:45+00:00,positif
🥰,2025-03-21 06:02:31+00:00,positif
🗿,2025-03-21 05:24:15+00:00,positif
😩,2025-03-21 05:24:02+00:00,positif
"the real generasi sandwich,",2025-03-21 05:23:59+00:00,positif
😭,2025-03-21 05:23:48+00:00,positif
"HAPUS GA, cmn gen z yg boleh double job TNI gausa👎🏻👎🏻👎🏻",2025-03-21 05:23:30+00:00,positif
"Jumlah penduduk Indonesia pada tahun 2025 diperkirakan mencapai 284,44 juta jiwa, yg jd asn hanya 1,5% nya, Tingkat Pengangguran Terbuka (TPT) pada Februari 2024 sebesar 4,82%. jd drpd menambah pekerjaan TNI, mending buka cpns untuk mengurangi pengangguran. jgn membuat kaya yg sudah berpenghasilan, tp menjadikan semakin miskin yg miskin.",2025-03-21 05:22:31+00:00,negatif
😭,2025-03-21 05:22:26+00:00,positif
🗿,2025-03-21 05:22:05+00:00,positif
Selamat datang di era Soeharto gaess.,2025-03-21 05:21:41+00:00,positif
🥺,2025-03-21 05:21:24+00:00,positif
@akuuu,2025-03-21 05:20:15+00:00,positif
😭,2025-03-21 05:19:57+00:00,positif
kasian ank cucu kita di Indonesia🥺,2025-03-21 05:19:56+00:00,netral
orba aman aman aja gw dari dulu.. malah yg korup ketakutan ngilang di culik,2025-03-21 05:19:26+00:00,negatif
nanti sekolah bekal ak47,2025-03-21 05:19:10+00:00,netral
gini amat jadi anak muda kelahiran 2008☺️,2025-03-21 05:19:09+00:00,netral
rusak,2025-03-21 05:19:07+00:00,negatif
Sudah kaya korut bedanya korut gaada yg korup🤣,2025-03-21 05:18:50+00:00,netral
💋,2025-03-21 05:18:30+00:00,positif
"gw gk akan pernah maafin voters 02 kemarin, gara2 lu semua ini terjadi",2025-03-21 05:18:13+00:00,negatif
🥰🥰🥰,2025-03-21 05:17:48+00:00,positif
"ruu TNI disahkan, langsung 2030 ajh biar makin cepet coblosan lagi🙏",2025-03-21 05:16:33+00:00,negatif
"tiba2 pdip jadi sapi ompong gak sih ? apa jadi tawanan ? kalo ngelawan langsung masuk sel... padahal mereka menduduki kursi yg lumayan banyak loh di dpr, kok bisa gak bersuara hal-hal kek gini.....",2025-03-21 05:16:05+00:00,negatif
makin rusak nih negara😪,2025-03-21 05:15:21+00:00,negatif
🤲,2025-03-21 05:14:42+00:00,positif
curiga bikin RUU TNI biar lancar korup nya 🤣🤣,2025-03-21 05:14:42+00:00,negatif
@Icaaaca,2025-03-21 05:13:54+00:00,positif
"PINDAH YOK PINDAH, PINDAH NEGARA AYOK
BEBAS MAU YANG DI EROPA TETANGGA ASIA YANG PENTING PINDAH YOK",2025-03-21 05:13:31+00:00,negatif
pasti money🤑,2025-03-21 05:13:07+00:00,positif
😂,2025-03-21 05:13:06+00:00,positif
#TolakrevisiUUTNI,2025-03-21 04:39:35+00:00,negatif
😁,2025-03-21 04:39:12+00:00,positif
Lanjutkan TNI!!!🔥🔥🔥😎,2025-03-21 04:38:14+00:00,positif
"gua dukung RUU TNI 100%,,aman broooo",2025-03-21 04:38:10+00:00,positif
😂,2025-03-21 04:38:08+00:00,positif
😁,2025-03-21 04:37:30+00:00,positif
🥰🥰🥰,2025-03-21 04:36:25+00:00,positif
jir mirip pemerintah dunia di one piece,2025-03-21 04:36:18+00:00,negatif
😁,2025-03-21 04:36:12+00:00,positif
😋,2025-03-21 04:36:09+00:00,positif
ayok kabur aja ke luar negeri😌,2025-03-21 04:35:58+00:00,negatif
@5% ndd fungsinya demokrasi DPR KOCAK,2025-03-21 04:35:38+00:00,positif
@y,2025-03-21 04:35:03+00:00,positif
bagus mas tolong banyakin kontennya 🙏 langkahmu menolong masyarakat,2025-03-21 04:34:15+00:00,positif
yang setuju nglawan siapa gpp mati dah,2025-03-21 04:33:54+00:00,negatif
🙏,2025-03-21 04:33:47+00:00,positif
😁,2025-03-21 04:33:40+00:00,positif
info baju lebaran anti peluru,2025-03-21 04:32:42+00:00,netral
@GENTUNG:tolak RUU TNI🔥,2025-03-21 04:32:32+00:00,negatif
@rannn,2025-03-21 04:32:03+00:00,negatif
gatel,2025-03-21 04:32:02+00:00,netral
belanda datang lagi ke Indonesia plisss,2025-03-21 04:31:42+00:00,negatif
"dari pada lo di pimpin oleh polisi ???
selama ini yang duduk di pemerintahan itu emang ada masyarakat sipil kalangan biasa yang menjabat ? 100% sipil yang berduit dan dari kalangan partai ! apa orang2 sipil berduit peduli sama rakyat sipil biasa ? yang mereka ingin hanya memperkaya diri dan mempermulus usaha mereka",2025-03-21 04:31:36+00:00,negatif
udah cape..,2025-03-21 04:31:31+00:00,netral
harus nya ada RUU warga sipil wajib militer ke negara lainnya #tolakRUUTNI,2025-03-21 04:31:31+00:00,negatif
😂,2025-03-21 04:31:14+00:00,positif
jdi bingung beli baju lebaran atau baju antipluru🗿,2025-03-21 04:31:13+00:00,negatif
"makin nambah aja musuh masyarakat, duh aman ga sih komen2 gini lagi",2025-03-21 04:31:13+00:00,negatif
😹 Otw balik ke orba ini mah,2025-03-21 04:30:48+00:00,negatif
😹😹😹,2025-03-21 04:30:23+00:00,positif
Coba cek menurut pak mahfud gimana soal ruu tni beliau padahal lawan dari pak prabowo,2025-03-21 03:41:59+00:00,netral
"Giliran RUU perampasan aset ribet bener DPR.., tautau ngesahin RUU yang gaje..
semenjak bnyak koruptor bsar ketangkep ada aja gebrakan DPR.. jangan"" penggiringan opini dgn tujuan adu domba rakyat.🗿",2025-03-21 03:41:58+00:00,negatif
"gimana mau sukses..,impian gw hancur lebur jadi miliarder,""PERINTAH ATASAN HARUS DIIKUTI GAK BISA DIDEBAT"",maksudnya negara ini apa si?,menuju indonesia emas?😹😹,mana yg katanya negara demokrasi??KWK",2025-03-21 03:41:57+00:00,negatif
"Aku tu mikir DPR itu selalu buat UU yang bikin rakyat nyalahin presiden. Tau kan Ketua DPR sekarang oposisi, jadi kayak sengaja bikin rakyat marah ke presiden, padahal pelakunya DPR 😭",2025-03-21 03:41:34+00:00,negatif
indonesia bukanlah lagi demokrasi,2025-03-21 03:41:17+00:00,negatif
@PRABOWO SUBIANTO pak tolak ruuTNI,2025-03-21 03:41:04+00:00,negatif
💐,2025-03-21 03:41:02+00:00,positif
@rhn,2025-03-21 03:40:23+00:00,positif
#TOLAK RUU TNI & BUBARKAN DPR!!,2025-03-21 03:39:59+00:00,negatif
😭😭😭,2025-03-21 03:39:44+00:00,positif
"makin kesini, makin kesono, makin menghadeuhhh aja ni negara... makin kocak aja nih... Disekolah dari kecil diajarin suruh bangga jadi WNI, pas gede hmmm ah gelap, malah pengen pindah negara 😌",2025-03-21 03:39:38+00:00,negatif
🥰,2025-03-21 03:39:35+00:00,positif
"kayanya banteng takut ketauan korupsi makanya ngesahin RUUTNI,kan udah banyak yang udah kebongkar",2025-03-21 03:39:28+00:00,negatif
🥰,2025-03-21 03:39:18+00:00,positif
yg punya uang bakalan punya kuasa ni pasti hduhh.... gini amat Cok jadi wni,2025-03-21 03:39:06+00:00,negatif
ayo kita demo dari Sabang sampai Merauke,2025-03-21 03:38:16+00:00,positif
"curiga sama yg nyusul tentang RUU TNI ini,🗿",2025-03-21 03:37:12+00:00,netral
Apa perlu kami”ini yang mau mengulingkan negara ini?,2025-03-21 03:37:03+00:00,positif
kok bisa kejaksaan yang harusnya netral malah bisa diisi oleh orang dari militer,2025-03-21 03:36:29+00:00,netral
"dpr apansi, mentang mentang dewan perwakilan rakyat ya Lo",2025-03-21 03:36:29+00:00,negatif
presenter metro 💀,2025-03-21 03:36:13+00:00,positif
berarti bisa jadi bakal kaya 98🥺,2025-03-21 03:35:55+00:00,positif
mesti beli rompi ini mah🗿,2025-03-21 03:35:19+00:00,netral
😁,2025-03-21 03:35:03+00:00,positif
😂,2025-03-21 03:35:01+00:00,positif
😁,2025-03-21 03:34:56+00:00,positif
astagfirullah,2025-03-21 03:34:46+00:00,positif
@;༊,2025-03-21 03:34:23+00:00,positif
😂,2025-03-21 03:34:18+00:00,positif
Indonesia cemas,2025-03-21 03:34:03+00:00,negatif
lierrrr teu kudu aya DPR atuh ari teu pro karakyat mah hese indonesia mah rarieurrr ngadenge na ge,2025-03-21 03:08:29+00:00,negatif
terus ini yg diuntungkan siapa dari rru tni ini?,2025-03-21 03:08:20+00:00,positif
😁,2025-03-21 03:08:08+00:00,positif
😁,2025-03-21 03:07:19+00:00,positif
😭,2025-03-21 03:07:16+00:00,positif
orde paling baru ini mah🗿,2025-03-21 03:07:14+00:00,positif
Oalah biar bisa korup toh,2025-03-21 03:07:09+00:00,negatif
besok besok mah golput aja ssmua seluruh indonesia,2025-03-21 03:06:30+00:00,negatif
"biar korupsi nya makin aman makanya,mereka rapat diam diam 🤣",2025-03-21 03:06:27+00:00,negatif
siapa sih yang membuat dan mau menyetujui ruu TNI ni?,2025-03-21 03:06:24+00:00,negatif
🌸,2025-03-21 03:06:24+00:00,positif
bener kata almh gus dur DPR itu taman kanak² gak terlalu fungsi,2025-03-21 03:06:04+00:00,negatif
bukanya kalian meridukan jaman Suharto enak toh😁😁😁,2025-03-21 03:05:44+00:00,netral
negara apaan sih,2025-03-21 03:05:36+00:00,negatif
Sebenarnya aman aman saja kalau kepalanya gak busuk . Mau itu orba atau reformasi kalau kepalanya busuk yah sama aja 🗿,2025-03-21 03:05:02+00:00,negatif
🥰,2025-03-21 03:04:58+00:00,positif
gimana pilihan kalian?😂,2025-03-21 03:04:31+00:00,netral
lah dulu katanya banyak yang suka kepemimpinan pak harto sekarang pada heboh heran. kan udah diacc tuh,2025-03-21 03:04:14+00:00,negatif
angger we korupsi ma aya anjinggggg,2025-03-21 03:03:26+00:00,negatif
emng indonesia udh rusak,2025-03-21 03:03:15+00:00,negatif
"jepang lagi butuh bibit😁, gas jepang😭",2025-03-21 03:02:30+00:00,negatif
ini biar yang korupsi aman kah bg🙏🙏,2025-03-21 03:02:25+00:00,negatif
gws indonesia,2025-03-21 03:02:22+00:00,positif
Indonesia udah kiamat...,2025-03-21 03:02:01+00:00,negatif
Rusak rusaaaaakkkkkk ini negara,2025-03-21 03:01:58+00:00,negatif
yok pindah negara yok,2025-03-21 03:01:56+00:00,negatif
🙄,2025-03-21 03:01:52+00:00,positif
aduin ke tuhan yuk😔,2025-03-21 03:01:34+00:00,positif
😁,2025-03-21 03:01:33+00:00,positif
😁,2025-03-21 03:01:19+00:00,positif
"Kenapa tedi gak disuruh mundur aja, pekara 1 org hrus ngerombak undang2",2025-03-21 02:21:54+00:00,negatif
ini yang meresahkan tuh sebenernya DPR kan ya soalnya buat kebijakan ga menguntungkan rakyat? mohon penjelasannya,2025-03-21 02:21:42+00:00,negatif
masa kuliah nnti bawa pistol,2025-03-21 02:21:37+00:00,netral
😂,2025-03-21 02:20:42+00:00,positif
kitaa liat ajaa apakah TNI masih bisa bersama rakyat,2025-03-21 02:20:17+00:00,netral
"iyaa lagiii. awas tembak"" kan",2025-03-21 02:20:14+00:00,negatif
bisa liat kasus sabung ayam,2025-03-21 02:19:39+00:00,netral
"Dah keliatan tujuannya buat apa, buru buru pula.",2025-03-21 02:19:38+00:00,negatif
🤪🤪🤪,2025-03-21 02:19:28+00:00,positif
😁,2025-03-21 02:18:40+00:00,positif
ok waktunya pindah ke negara tetangga 😌,2025-03-21 02:18:33+00:00,netral
makin yakin buat pindah negara🙏🙏,2025-03-21 02:17:57+00:00,negatif
"ga ngaruh yg penting oke gas oke gas, hidup jokoweeeeeee",2025-03-21 02:17:31+00:00,positif
indonesia nambah tahun makin 4n cu r😏,2025-03-21 02:17:04+00:00,negatif
😳,2025-03-21 02:17:03+00:00,positif
Prabowo ngapain dah,2025-03-21 02:16:50+00:00,negatif
"makanya kalo jd mahasiswa tuh demo yg tertib. utamakan apa yg ingin disampaikan,bukan malah nebar hujatan dan merusak fasilitas negara demi kursi di PDI😌 lebih gobl*k lagi demo malah curhat galau galauan🥴 dg bangga nya di tenteng seakan² itu keren pdhl itu gapenting bngt.
belajar tau diri jd manusia,belajar lg yg bener,minimal berita tuh dicerna dg baik biar gk asal demo. pakde ku turun demo tahun 98,dan jujur beliau tiap liat mahasiswa demo pasti heran krn mahasiswa demo gaada tujuan sama skali. lebih parah nya lg abis demo auto gabung PDI🙃
negara kita emang bener² krisis adab dan etitut sih,mngkin ini slh satu alasan UUD ini di sah kan.",2025-03-21 02:16:43+00:00,negatif
doain aljabar aja si anggota dpr,2025-03-21 02:16:14+00:00,netral
bubarkan DPR,2025-03-21 02:16:02+00:00,negatif
😳,2025-03-21 02:15:17+00:00,positif
"Negara demokrasi apanya, eek",2025-03-21 02:15:16+00:00,negatif
presiden mana ya,2025-03-21 02:14:28+00:00,positif
katanya mau maju kok malah lebih mundur😂😂,2025-03-21 02:14:19+00:00,negatif
@gerindra p,2025-03-21 02:14:18+00:00,positif
karena DPR pada koruptor woyyy makanya dia mau cpt² disahkan RUU TNI biar ga di tangkap,2025-03-21 02:13:52+00:00,negatif
🥰,2025-03-21 02:13:43+00:00,positif
apakah indo bakal jadi kayak korutt😌,2025-03-21 02:13:33+00:00,negatif
"bubarin aja itu DPR bener kata gusdur DPR hanya menyusahkan rakyat, dpr gak ada gunanya",2025-03-21 02:13:33+00:00,negatif
😁,2025-03-21 02:13:24+00:00,positif
😔,2025-03-21 02:12:41+00:00,positif
🗿,2025-03-21 01:34:51+00:00,positif
"RUU perampasan aset kgk pernah dibahas lgi tu,malah cari yg lain🗿",2025-03-21 01:34:46+00:00,negatif
😂,2025-03-21 01:34:31+00:00,positif
💃,2025-03-21 01:34:24+00:00,positif
bodo amat lah nga ada untungnya buat masarakat kecil,2025-03-21 01:33:58+00:00,netral
😁😁😁,2025-03-21 01:33:50+00:00,positif
Terus yg merugikan rakyat itu yg mana 😅,2025-03-21 01:33:46+00:00,positif
"Secara rasional, meskipun ada beberapa keuntungan dari revisi ini, dampak negatifnya terhadap demokrasi, hak sipil, dan sistem pemerintahan lebih besar. Jika tidak dikontrol dengan baik, RUU TNI bisa mengancam reformasi yang telah berjalan selama lebih dari dua dekade. Idealnya, revisi UU TNI harus lebih berfokus pada peningkatan profesionalisme militer dan kesejahteraan prajurit tanpa mengganggu keseimbangan antara militer dan sipil.",2025-03-21 01:33:24+00:00,netral
🙏,2025-03-21 01:32:53+00:00,positif
bapak lah tek gawe nambah susah cari gawe,2025-03-21 01:32:27+00:00,negatif
👍,2025-03-21 01:32:19+00:00,positif
mending Ganjar menang dh 😮‍💨,2025-03-21 01:32:11+00:00,negatif
"wkwkwk gw ngeri yg tolak ini kena ideologi CI* biar kita ga maju-maju, sulitnya perang dingin antar negara ini 😂",2025-03-21 01:31:58+00:00,negatif
2030 Menuju Indonesia hancur/bubar😹,2025-03-21 01:31:56+00:00,negatif
@esi apaa ini woi,2025-03-21 01:31:43+00:00,netral
"gimana sih kerjaannya dpr, masa mereka ga pertimbangin kalo mau ngesahin uu, lebih banyak keuntungannya buat rakyat atau malah lebih banyak kerugiannya buat rakyat",2025-03-21 01:30:54+00:00,negatif
jangaaaaan,2025-03-21 01:30:50+00:00,netral
"jangan lah klw bisa...
nanti awak sholat Jumat di kelilingi TNI ...
ada pulak nanti berita khatib Jumat mati",2025-03-21 01:30:36+00:00,negatif
kaya di perbudak ini mah,2025-03-21 01:30:04+00:00,positif
@two,2025-03-21 01:29:56+00:00,negatif
"palestina perang sama israel, indonesia perang sama pemerintah sendiri🤣",2025-03-21 01:29:19+00:00,negatif
DPR = HAMA🖕🖕,2025-03-21 01:28:49+00:00,positif
rapat diem” di hotel?,2025-03-21 01:28:43+00:00,negatif
"@ARIF:•lulusan covid
•kurikulum percobaan
•un percobaan
•pertamax = pertalite
•orde baru
gini amat masa dewasa guaa",2025-03-21 01:28:40+00:00,positif
iyaa itu pendukung amis bang,2025-03-21 01:28:36+00:00,negatif
"@ARIF:•lulusan covid
•kurikulum percobaan
•un percobaan
•pertamax = pertalite
•orde baru
gini amat masa dewasa guaa",2025-03-21 01:28:25+00:00,positif
😂,2025-03-21 01:28:16+00:00,positif
😁,2025-03-21 01:27:59+00:00,positif
lagi di tahap doain negara tiap abis solat😭🙏,2025-03-21 01:27:49+00:00,positif
pemerintah pada takut karena kasus korupsi indo pada ketauan semua jadi di buat ruutni biar borok/korupsi yang lain sama yang lebih besar biar ga ketaun #indo semakin gelap,2025-03-21 01:00:26+00:00,negatif
yg kontra mereka yg merasa terancam kekuasaanya...,2025-03-21 01:00:10+00:00,negatif
"drpda dibkin bingung tntang UU mnding di ubah aja skalian dr demokrasi jdi otoriter kelar,, toh emng udh ketebak ikutin pa harto,,",2025-03-21 01:00:05+00:00,negatif
#TolakRUUTNI,2025-03-21 00:59:55+00:00,negatif
✨✨✨,2025-03-21 00:59:26+00:00,positif
Ni negara kaya takut Tuhan gitu? Gak ada rasa takut emang 💔💔,2025-03-21 00:58:35+00:00,negatif
😭😭😭,2025-03-21 00:57:57+00:00,positif
ud ini mah gw ke China aja ktmu pcr pcr gw,2025-03-21 00:57:54+00:00,negatif
😁,2025-03-21 00:57:18+00:00,positif
😂,2025-03-21 00:57:16+00:00,positif
"Ap mungkin tni digerakan lagi krn memang harus diakui demokrasi kita kebablasan…. Sering mengatasnamakan demokrasi tapi menghina, memaki dan menghujat… blm lg teriak2 korupsi tp kelakuan sendiri gitu",2025-03-21 00:57:04+00:00,negatif
😁,2025-03-21 00:57:00+00:00,positif
😳😳😳,2025-03-21 00:56:34+00:00,positif
"gue aja gak paham apaan tuh maksudnya,",2025-03-21 00:56:30+00:00,negatif
semua gara wowo,2025-03-21 00:56:09+00:00,positif
😍,2025-03-21 00:56:08+00:00,positif
😳,2025-03-21 00:56:08+00:00,positif
Bubar bae Indonesia,2025-03-21 00:55:59+00:00,negatif
kl g salah kenapa pada takut soalnya zaman skeng demokrasi itu disalah gunakan. jelekin presiden aja seenaknya,2025-03-21 00:55:57+00:00,negatif
🥰,2025-03-21 00:55:50+00:00,positif
😁,2025-03-21 00:55:42+00:00,positif
"kita gak bisa demo gitu? gr2 takut diintimidasi pake kekerasan?, bukannya demo itu pendapat rakyat terhadap pemerintahan yang tidak becus ya? kalo gitu kita gimana mau bisa demo? kalau diintimidasi?",2025-03-21 00:55:13+00:00,negatif
@partaigerindra,2025-03-21 00:54:38+00:00,positif
🥰,2025-03-21 00:53:48+00:00,positif
bubar aja GK si bikin kesel aja,2025-03-21 00:53:23+00:00,negatif
maju truss UUD TNI,2025-03-21 00:53:21+00:00,negatif
bapak gw tni lagi cok💔,2025-03-21 00:52:38+00:00,positif
yg nolak ada kepentingan politik kejam,2025-03-21 00:52:36+00:00,positif
😌,2025-03-21 00:51:45+00:00,positif
"keenakan yg ada para tikus"" indo 😂",2025-03-21 00:50:58+00:00,netral
🥺,2025-03-21 00:17:13+00:00,positif
"pantesan kejahatan di bongkar semua kemarin, tenyata mau buat ini toh wkwk",2025-03-21 00:17:02+00:00,negatif
SAKIT NIH NEGARA,2025-03-21 00:16:10+00:00,negatif
🤣,2025-03-21 00:15:57+00:00,positif
ini undang2 titipan. tau kan maksd gw?,2025-03-21 00:15:43+00:00,negatif
kita lihat di akhirat nanti,2025-03-21 00:15:12+00:00,positif
😳,2025-03-21 00:14:48+00:00,positif
kalian semua yg pilih MAKAN SIANG GRATIS😂😂😂 selamat menikmati makan siang nya,2025-03-21 00:14:47+00:00,positif
bubar aja Indonesia jadi belanda lagi,2025-03-21 00:14:16+00:00,negatif
😁,2025-03-21 00:14:07+00:00,positif
😂,2025-03-21 00:14:04+00:00,positif
"""Gotham city"" ahh Indonesia",2025-03-21 00:13:18+00:00,netral
😭,2025-03-21 00:12:53+00:00,positif
"negara gajelass, bubar aja bubarr",2025-03-21 00:12:35+00:00,negatif
lu ngejelasin yg bener lahhh kok tiba tiba ke orde baru dan pendapat orang²,2025-03-21 00:12:24+00:00,negatif
@gerindra,2025-03-21 00:12:22+00:00,positif
negara anj,2025-03-21 00:10:32+00:00,positif
drp pengen kolupxi diam²🤭,2025-03-21 00:10:15+00:00,negatif
"yg lu bahas ini mah bukan ttg ruu tapi orde baru.
bahas dong ruu nya, dgn kejadian kasus2 besar akhir2 ini hanya TNI yg masi bisa di percaya. .",2025-03-21 00:10:14+00:00,negatif
😭,2025-03-21 00:10:14+00:00,positif
😂,2025-03-21 00:09:37+00:00,positif
🙏,2025-03-21 00:09:28+00:00,positif
sumpah bener bener lu ye dpr. gue tuntut lu semua di akhirat gue aduin ke A1 yg punya dunia. Cape banget di Indo😭,2025-03-21 00:08:19+00:00,negatif
"sampe sini paham kan siapa dibelakang ini semua, yang baru aja mejabat jabatan nomor 1 di negara ini",2025-03-21 00:07:13+00:00,negatif
apasi heran bet makin kesini makin gajelas,2025-03-21 00:07:06+00:00,negatif
panji lagi ruril lagi 2 artis itu hemm 🤣😂😂🤣 omongannya udah ngalah ngalahin tau segalanya😂🤣🤣,2025-03-21 00:06:53+00:00,negatif
😂,2025-03-21 00:06:14+00:00,positif
😁,2025-03-21 00:06:06+00:00,positif
nikmati pilihan mu🤣,2025-03-21 00:05:15+00:00,positif
selamat datang di orde baru part 2. kritik dikit bakalan hilang,2025-03-21 00:04:10+00:00,negatif
😭😭😭,2025-03-20 23:34:22+00:00,positif
kok jangan di kasih tau yng koprusi,2025-03-20 23:34:13+00:00,negatif
😂,2025-03-20 23:33:55+00:00,positif
😁,2025-03-20 23:33:52+00:00,positif
🤔,2025-03-20 23:33:42+00:00,positif
🥰,2025-03-20 23:33:34+00:00,positif
"aku sih setuju, pasukan coklat skrg makin gajelas soalnya.",2025-03-20 23:33:17+00:00,negatif
kebut utk korup kayaknya,2025-03-20 23:33:09+00:00,negatif
shit,2025-03-20 23:32:38+00:00,negatif
tkut bgttt nanti lebih parah,2025-03-20 23:32:02+00:00,negatif
🤣,2025-03-20 23:30:57+00:00,positif
we are cooked chat [sticker],2025-03-20 23:30:54+00:00,positif
✨✨✨,2025-03-20 23:30:53+00:00,positif
Pengalihan isu,2025-03-20 23:30:50+00:00,netral
💗💗💗,2025-03-20 23:30:33+00:00,positif
😅,2025-03-20 23:30:31+00:00,positif
love tni,2025-03-20 23:30:15+00:00,positif
😳,2025-03-20 23:29:37+00:00,positif
"DPR adalah PERWAKIKAN RAKYAT.!!
hai MASYARAKAT INDONESIA dan. MAHASISWA CALON GARDA DI DEPAN BANGKIT LAH.",2025-03-20 23:29:25+00:00,negatif
😂,2025-03-20 23:29:25+00:00,positif
🤗,2025-03-20 23:29:22+00:00,positif
😂,2025-03-20 23:29:20+00:00,positif
Indonesia negara demokrasi? kayaknya udah gk lagi dehh,2025-03-20 23:28:59+00:00,negatif
fungsi dpr bisa diganti aja ga sih?,2025-03-20 23:28:39+00:00,netral
😭,2025-03-20 23:28:34+00:00,positif
negara gila,2025-03-20 23:28:34+00:00,positif
"Udah kuduga dulu,ini pasti terjadi 😆
siap siap aja kelen",2025-03-20 23:28:07+00:00,negatif
aneh banget gak sih harusnya dpr ini kontra loh,2025-03-20 23:27:48+00:00,negatif
kok ngeri koyok jamam p suharto,2025-03-20 23:27:13+00:00,negatif
gini banget indo,2025-03-20 23:26:43+00:00,positif
😁,2025-03-20 22:46:53+00:00,positif
negara rusak,2025-03-20 22:46:43+00:00,negatif
"kirain mau bahas RUU nya, siapan tolong jelasin",2025-03-20 22:46:06+00:00,netral
😭,2025-03-20 22:45:38+00:00,positif
"yang dukung either ada keluarganya tni, atau sesimpel no have a 🧠",2025-03-20 22:45:30+00:00,negatif
gua mah ngalur aja .. terserah mau ngapain,2025-03-20 22:44:57+00:00,negatif
kan ktnya pengen balik kayak jaman Soeharto,2025-03-20 22:44:52+00:00,positif
🥰🥰🥰,2025-03-20 22:44:24+00:00,positif
Masa Iya Sekolah hrs bawa SG 2,2025-03-20 22:44:19+00:00,positif
😂😂😂,2025-03-20 22:44:03+00:00,positif
nyesel milih prabowo😭🙏🏻,2025-03-20 22:43:57+00:00,positif
Era prabowo kok gini banget yaa,2025-03-20 22:43:51+00:00,netral
@dipchi wallahu negara apa ini,2025-03-20 22:43:49+00:00,positif
giliran ruu perampasan aset gak disah2kan..pdhl yg diminta rakyat indo kan ini..bukan ruu TNI..,2025-03-20 22:43:28+00:00,negatif
😁,2025-03-20 22:43:00+00:00,positif
ya Allah kenapa aku WNI🥲,2025-03-20 22:42:42+00:00,positif
🥰,2025-03-20 22:42:39+00:00,positif
Malay pliss claim gue,2025-03-20 22:42:19+00:00,negatif
"#TOLAKKK REVISI UU TNI SECEPATT MUNGKIN!!!!
KALOKK DI TERIMAA INI BAKALAN BALIK DI JAMAN SOEHARTOO YANGG SANGATT MENCEKAMMM TOLONGGG TOLAKK REVISI UU TNI!!!!!!!!!",2025-03-20 22:42:15+00:00,negatif
😭😭😭,2025-03-20 22:42:10+00:00,positif
buzzee ye😅,2025-03-20 22:41:40+00:00,positif
"Dari gw SD tiap ada rencana pengesahan RUU, pasti ada aja drama nya anjir, ditolak lah, didemo lah, kritik lah, propoganda lah, manipulasi lah. Jadi bingung gw",2025-03-20 22:41:35+00:00,negatif
🙏,2025-03-20 22:41:03+00:00,positif
@partaigerindra min boleh di jelasin?,2025-03-20 22:40:35+00:00,negatif
yaallah takuttt banget 😭😭😭,2025-03-20 22:40:10+00:00,negatif
😂,2025-03-20 22:40:03+00:00,positif
ok gas ok gas nyesel gk tuh,2025-03-20 22:39:58+00:00,netral
"apaan coba aneh banget, negara apasih ini",2025-03-20 22:39:24+00:00,negatif
keluar sini akun fake,2025-03-20 22:38:54+00:00,negatif
TOLAK RUU TNI🔥,2025-03-20 22:38:10+00:00,positif
@Tita eh parah bgtt,2025-03-20 22:15:53+00:00,negatif
di jajah dulu gk sih,2025-03-20 22:15:42+00:00,netral
😂,2025-03-20 22:15:41+00:00,positif
#TOLAKRUUTNI !!! AYO RAKYAT INDONESIA!!,2025-03-20 22:15:39+00:00,negatif
orde di sakamoto days kah,2025-03-20 22:15:29+00:00,netral
kalo emang terjadi kita ulang lagi sejarah dan gulingkan pemerintahan,2025-03-20 22:15:28+00:00,positif
😂,2025-03-20 22:15:09+00:00,positif
"Tapi nih ya denger"" dari kakek nenek dan ortu"" lain bilangnya cuman pas orde baru aja hidup mereka adem ayem walaupun sekedar petani, gk kayak di jaman"" selanjutnya",2025-03-20 22:14:57+00:00,negatif
😁,2025-03-20 22:14:23+00:00,positif
bakal adu sniper kah? 🗿🗿,2025-03-20 22:14:16+00:00,negatif
😅,2025-03-20 22:13:50+00:00,positif
🔥,2025-03-20 22:13:33+00:00,positif
🙏🏻,2025-03-20 22:13:31+00:00,positif
"perampasan aset malas, malah milih kebut ruu tni tau lah ya alasannya apa karna mereka gamau asetnya di rampas pas korupsi🗿",2025-03-20 22:13:30+00:00,negatif
aku kalau banyak uang pengen pindah negara aja.,2025-03-20 22:13:27+00:00,negatif
"duh jadi keinget yang demo kapan waktu itu, tapi masih tahun lalu kyknya, yang anak kuliahan demo terus tbtb temennya hilang trs katanya dia liat temennya di bawa sama seseorang gitu klo gsalah",2025-03-20 22:12:52+00:00,negatif
"Aduhh pusing lah sama negara sendiri haha, makin byk korup dong kalo begitu. Bukannya berkurang malah makin byk korup😭 susah kalo wakil rakyatnya tidak mendukung yg benar hahahahaha",2025-03-20 22:12:51+00:00,negatif
😂,2025-03-20 22:11:42+00:00,positif
"pilihan ok gas ok gas,
negara nya udh gk waras😹",2025-03-20 22:11:19+00:00,netral
😳,2025-03-20 22:11:14+00:00,positif
🤗🤗🤗,2025-03-20 22:11:11+00:00,positif
makin makin aja negara ini,2025-03-20 22:11:04+00:00,negatif
😌,2025-03-20 22:11:03+00:00,positif
😁,2025-03-20 22:10:54+00:00,positif
"aku kira dari presiden,ternyata dari dpr yang korup😹",2025-03-20 22:10:47+00:00,negatif
😭😭😭,2025-03-20 22:10:44+00:00,positif
ibarat preman berpangkat. 😭😭😭,2025-03-20 22:10:38+00:00,positif
🙏,2025-03-20 22:10:11+00:00,positif
🙏,2025-03-20 22:09:52+00:00,positif
😅😅😅,2025-03-20 22:09:50+00:00,positif
🥰🥰🥰,2025-03-20 21:52:40+00:00,positif
"Efisiensi sekarang ruu tni, ada aja nih gebrakannya🙏🏻",2025-03-20 21:52:35+00:00,positif
🌷,2025-03-20 21:52:34+00:00,positif
😁,2025-03-20 21:52:33+00:00,positif
anjir balik kemasa 96,2025-03-20 21:52:26+00:00,negatif
🥰,2025-03-20 21:52:21+00:00,positif
Wajar sih balik ke orde baru...kan presiden sekarang mantan menantu.. presiden orba...plus minus sih...gw yg dulu smpet hidup dijaman orba smua diatur termasuk berita nasional.,2025-03-20 21:52:19+00:00,negatif
WAAH GA COCOK BUAT GEN Z,2025-03-20 21:52:09+00:00,netral
😁,2025-03-20 21:52:07+00:00,positif
😁,2025-03-20 21:52:01+00:00,positif
😅,2025-03-20 21:51:52+00:00,positif
banyak buzzer 😹 kira² per komen brp ya?🗿,2025-03-20 21:51:40+00:00,negatif
bazingann negoro opo iki cok,2025-03-20 21:51:37+00:00,netral
😳,2025-03-20 21:51:29+00:00,positif
@partaigerindra,2025-03-20 21:51:29+00:00,positif
🥰,2025-03-20 21:51:11+00:00,positif
yg dukung dwifungsi abri semoga SEMUA DAMPAK DARI YG KALIAN DUKUNG dateng ke kalian semua! #TolakRUUTNI #TENDANGBALIKTNIKEBARAK #1312,2025-03-20 21:51:10+00:00,negatif
🥰🥰🥰,2025-03-20 21:50:59+00:00,positif
🥰,2025-03-20 21:50:27+00:00,positif
emang apa dampaknya?TNI jadi menyalahgunakan kekuasaan?,2025-03-20 21:50:19+00:00,negatif
Sia sia dong kita bljr antikorupsi dan demokrasi 🖕,2025-03-20 21:50:14+00:00,positif
orde lama gak sih🗿,2025-03-20 21:50:12+00:00,positif
konoha mode ninja ini 😂😂😂,2025-03-20 21:50:05+00:00,positif
😭,2025-03-20 21:50:03+00:00,positif
mau di gulingkan berapa kali sih ni negara,2025-03-20 21:49:49+00:00,negatif
😳😳😳,2025-03-20 21:49:43+00:00,positif
TOLAK RUU TNI,2025-03-20 21:49:22+00:00,positif
"@ARIF:•lulusan covid
•kurikulum percobaan
•un percobaan
•pertamax = pertalite
•orde baru
gini amat masa dewasa guaa",2025-03-20 21:49:04+00:00,positif
DPR BUBAR AJA,2025-03-20 21:48:45+00:00,netral
Indonesia bobrok banget ya tuhan,2025-03-20 21:48:12+00:00,negatif
❤️,2025-03-20 21:30:21+00:00,positif
😁,2025-03-20 21:30:21+00:00,positif
💀💀💀,2025-03-20 21:30:20+00:00,positif
"biarin aja, gen z mau nyobain orba🤣",2025-03-20 21:30:20+00:00,negatif
STRESS SEMUAAA STRESSSSSS,2025-03-20 21:30:14+00:00,negatif
🤣,2025-03-20 21:30:08+00:00,positif
negara demokrasi kok gini,2025-03-20 21:30:05+00:00,positif
ya Allah lindungilah keluarga ku ya Allah😭😭😭,2025-03-20 21:29:45+00:00,positif
"dgn adanya UU TNI ini maka preman, ormas, begal, perampok, pencoleng yg meresahkan masyarakat dan investor ... akan disikat.",2025-03-20 21:29:45+00:00,negatif
ANAK KELAHIRAN 2011 DISURUH MIKIRIN RUUTNI?,2025-03-20 21:29:42+00:00,negatif
🥰,2025-03-20 21:29:32+00:00,positif
anjeng lah jadi negara diktator ni kyk korut cuma bedanya korut gada korupsi,2025-03-20 21:29:32+00:00,negatif
"opo Iki co,masa revolusi nasional 2.0💀",2025-03-20 21:29:20+00:00,netral
gen z? bersatu ga nih🙂,2025-03-20 21:29:08+00:00,negatif
sedang mencari letak demokrasi,2025-03-20 21:28:45+00:00,positif
😁,2025-03-20 21:28:38+00:00,positif
🔥,2025-03-20 21:28:25+00:00,positif
#kaburajadulu semakin didepan,2025-03-20 21:28:23+00:00,negatif
tihati ilang bang😂,2025-03-20 21:28:22+00:00,negatif
gausah anggap peraturan pemerintah yang tidak masuk akal,2025-03-20 21:28:21+00:00,negatif
TOLAKPRESIDENBARU.,2025-03-20 21:28:15+00:00,positif
💔,2025-03-20 21:27:57+00:00,positif
😏,2025-03-20 21:27:54+00:00,positif
😁,2025-03-20 21:27:52+00:00,positif
bodo amat,2025-03-20 21:27:49+00:00,positif
😂,2025-03-20 21:27:48+00:00,positif
@Ayu Rz,2025-03-20 21:27:45+00:00,positif
"biar aja lah, biar anak abah ga kelewatan",2025-03-20 21:27:31+00:00,netral
new orde baru,2025-03-20 21:27:28+00:00,positif
🙏🏻,2025-03-20 21:27:22+00:00,positif
😫,2025-03-20 21:13:51+00:00,positif
RUU TNI salah satu skenario dari sutradara negara supaya menutupi kasus liga korupsi.,2025-03-20 21:13:41+00:00,positif
bisa gak sih setiap kota pisah dari indonesia??? dah sangat muak tinggal dnegara penjajah🥺,2025-03-20 21:13:25+00:00,negatif
"inggris ka inggris,banyak buzzer murahhhh",2025-03-20 21:13:15+00:00,negatif
😁,2025-03-20 21:13:08+00:00,positif
"bukannya kedudukan mereka utk melindungi masyarakat yg tinggal di luar negeri ya? sama tambahan kementerian? yg gimana sih, masih riset, simpang siur",2025-03-20 21:13:05+00:00,negatif
"salah satu bentuk ke musyrikan kecil percaya sama ramalan,itu yang komen ramalan a,b,c selamat anda musyrik 😂",2025-03-20 21:13:02+00:00,negatif
berarti nanti nama nya bukan PERWAKILAN rakyat,2025-03-20 21:12:54+00:00,negatif
🤭🤭🤭,2025-03-20 21:12:54+00:00,positif
😍,2025-03-20 21:12:48+00:00,positif
🥺🥺,2025-03-20 21:12:41+00:00,positif
😁,2025-03-20 21:12:30+00:00,positif
😞,2025-03-20 21:12:23+00:00,positif
😹,2025-03-20 21:12:20+00:00,positif
😂,2025-03-20 21:12:15+00:00,positif
"berrti kata2 ""toktok kang bakso itu nyata🗿",2025-03-20 21:12:09+00:00,negatif
😂,2025-03-20 21:12:07+00:00,positif
Bubarin dpr,2025-03-20 21:11:53+00:00,netral
😁,2025-03-20 21:11:48+00:00,positif
"yaelah brok, tolak keras aj g sih tu RUU TNI",2025-03-20 21:11:44+00:00,negatif
aku dukung,2025-03-20 21:11:27+00:00,netral
soory min tapi rakyat Malaysia ketawa di pojokan. saking lawak nya berita ini 🗿😂😂,2025-03-20 21:11:23+00:00,negatif
💕,2025-03-20 21:11:23+00:00,positif
Terus uang hasil kerja rodi yang diberi herman williem daendels gak ditagih? Barangkali ada buktinya,2025-03-20 21:11:19+00:00,negatif
inimah orde ke dua,2025-03-20 21:11:01+00:00,negatif
"ini DPR makin enak kayaknya,kan banyak stigma jelek tentang DPR, jadi kesimpulannya apa?",2025-03-20 21:11:00+00:00,negatif
Jadi gimana intinya bang belum paham maap nih bg ada yg bisa bantu jelasin,2025-03-20 21:10:57+00:00,negatif
TNI BONEKANYA PRESIDEN,2025-03-20 21:10:53+00:00,negatif
Steven young 💀💀,2025-03-20 21:10:48+00:00,positif
💖💖💖,2025-03-20 21:10:36+00:00,positif
@pramst @matchaaddict.,2025-03-20 20:52:21+00:00,positif
ayeunamah paling iwal ti nu penting hirup weee.,2025-03-20 20:52:15+00:00,positif
🤩,2025-03-20 20:52:10+00:00,positif
No 2 😅,2025-03-20 20:52:10+00:00,negatif
"bohong aja itu plr, padahal mau korupsi besar besar @partaigerindra",2025-03-20 20:52:10+00:00,negatif
pantes aja Aceh minta pisah Mulu indo aja negara kek anj gini,2025-03-20 20:51:54+00:00,negatif
😈,2025-03-20 20:51:08+00:00,positif
😁,2025-03-20 20:51:01+00:00,positif
bikin pasukan revolusi kyk di one piece,2025-03-20 20:50:56+00:00,negatif
KENAPA GUA WNI,2025-03-20 20:50:22+00:00,netral
@vyaa,2025-03-20 20:50:21+00:00,positif
😁,2025-03-20 20:50:12+00:00,positif
ubur² ikan lele yang penting uang kali lee.kocak,2025-03-20 20:50:04+00:00,netral
@Gibran Rakabuming @gerindra gimana sih ini,2025-03-20 20:49:53+00:00,negatif
"topik ruu tni, bahasnya situasi orba yang mencekam🗿",2025-03-20 20:49:52+00:00,positif
@dheijott26,2025-03-20 20:49:44+00:00,negatif
"banyak fakta yang terkuak, akhirnya si tikus cari cara aman🗿🗿",2025-03-20 20:49:43+00:00,netral
@sall uuu kita rajin ngesah korup 😞,2025-03-20 20:49:41+00:00,negatif
🙃🙃🙃,2025-03-20 20:49:40+00:00,positif
🥰,2025-03-20 20:49:36+00:00,positif
😁,2025-03-20 20:49:35+00:00,positif
gak jelas bener ini negara,2025-03-20 20:49:31+00:00,positif
😂,2025-03-20 20:48:31+00:00,positif
😂,2025-03-20 20:48:23+00:00,positif
"itu yang dukung ruu tni ngapa dh, pdhl cuma untung ""700 PERAK"" doang",2025-03-20 20:48:21+00:00,negatif
👀,2025-03-20 20:48:18+00:00,positif
tiati diculik tim mawar,2025-03-20 20:48:16+00:00,negatif
"indonesia makin melemah kebawah, atas makin tumpul",2025-03-20 20:48:08+00:00,negatif
😹,2025-03-20 20:47:59+00:00,positif
ngeri anjir,2025-03-20 20:47:55+00:00,netral
disahkan apa emang pengalihan isu pertamina😔,2025-03-20 20:19:16+00:00,negatif
jadi ke Inget kasus Marsinah jadinya,2025-03-20 20:19:06+00:00,negatif
"knp gk jelasin pnjelasan pmrintah, trus ada jg pnjelasan pak mahfud md. anak abah emg suka mnakut nakuti rkyat",2025-03-20 20:18:49+00:00,negatif
udahlah gays bantah aja sampe kapan mau gini di negara sendiri,2025-03-20 20:18:25+00:00,negatif
😫😫😫,2025-03-20 20:17:14+00:00,positif
Bravo TNI 👍,2025-03-20 20:16:44+00:00,positif
selalu dukung Ruu TNI👍👍👍,2025-03-20 20:16:33+00:00,positif
😂,2025-03-20 20:15:50+00:00,positif
mulai miris Indonesia ini,2025-03-20 20:15:12+00:00,positif
😭😭😭,2025-03-20 20:15:12+00:00,positif
😒,2025-03-20 20:14:46+00:00,positif
😭😭😭,2025-03-20 20:14:11+00:00,positif
😂,2025-03-20 20:13:31+00:00,positif
orba bangkit .. haruskah tragedi 98 terulang lg,2025-03-20 20:13:29+00:00,negatif
berarti bukan negara demokrasi,2025-03-20 20:13:19+00:00,negatif
"mulai sekarang mau belajar bahasa asing, trs caw ke luar negeri. Bye Indonesia, makin hari makin aneh aja kebijakannya",2025-03-20 20:12:46+00:00,negatif
Ok gas ok gas,2025-03-20 20:12:25+00:00,netral
😂,2025-03-20 20:11:32+00:00,positif
Sepertinya emang harus dibangkitkan hokage yg telah gugur,2025-03-20 20:11:28+00:00,negatif
🥰,2025-03-20 20:11:27+00:00,positif
😁,2025-03-20 20:10:42+00:00,positif
😭,2025-03-20 20:10:28+00:00,positif
wowo 🤣,2025-03-20 20:10:12+00:00,positif
🥰,2025-03-20 20:09:50+00:00,positif
😂,2025-03-20 20:08:55+00:00,positif
dpr anjing 🐶🐶,2025-03-20 20:08:10+00:00,positif
gas dari pada RUU Polisi 🗿,2025-03-20 20:07:51+00:00,negatif
🤲,2025-03-20 20:07:46+00:00,positif
#kaburajadulu😏,2025-03-20 20:05:15+00:00,positif
so tauu bikin konten hoak,2025-03-20 20:05:13+00:00,netral
ok gas ok gas 😂😂,2025-03-20 18:58:29+00:00,netral
setau ku jg baru baru ini tni nembak polisi 3 orng sampai mati kejadian ny di lampung,2025-03-20 18:58:15+00:00,negatif
tanya ke Iwan Fals ..😄😁😆,2025-03-20 18:57:57+00:00,negatif
masa korupsi didiemin😏,2025-03-20 18:57:31+00:00,negatif
"cocok sih biar aman negara ini gak semuanya negatif sih, ada plus nya juga, dripada kayak sekarang kejahatan dimana2 geng motor dan begal,,, 😂
gw setuju deh ruu TNI biar aman.. 😏",2025-03-20 18:57:18+00:00,negatif
buat konten yg bner lo jangan hoak,2025-03-20 18:57:10+00:00,negatif
ah mengira ngira.. beda zaman beda aturan bang,2025-03-20 18:56:56+00:00,netral
"Ruu perampasan aset koruptor sja gk di sah2 kan padahal efekx buat rakyatnya lah uud ini cepat amat maw disahkan padahal efeknya merugikan rakyat apalgi perampasan mati pajak motor,,, apasih mksd",2025-03-20 18:56:21+00:00,negatif
😌,2025-03-20 18:56:04+00:00,positif
😊,2025-03-20 18:55:58+00:00,positif
😄,2025-03-20 18:54:26+00:00,positif
DPR Ee💀,2025-03-20 18:52:25+00:00,positif
🤗,2025-03-20 18:52:24+00:00,positif
🤣,2025-03-20 18:52:21+00:00,positif
🤗,2025-03-20 18:52:10+00:00,positif
🤣,2025-03-20 18:52:06+00:00,positif
🙃,2025-03-20 18:51:45+00:00,positif
Emg negara bangsat,2025-03-20 18:51:35+00:00,positif
🤣,2025-03-20 18:51:33+00:00,positif
🤗,2025-03-20 18:51:33+00:00,positif
jgn lupa 4 Sehat 5-1😩😩,2025-03-20 18:50:05+00:00,netral
😭,2025-03-20 18:48:43+00:00,positif
😁,2025-03-20 18:48:10+00:00,positif
😌,2025-03-20 18:47:56+00:00,positif
gas kennnn.. mana Prabowo sumpah demi rakyat.. omon2 tooo,2025-03-20 18:46:34+00:00,negatif
negara lagi broken,2025-03-20 18:45:31+00:00,negatif
MENDING PINDAH NEGARA GUA MAH,2025-03-20 18:44:25+00:00,negatif
RUU TNI bahaya buat para koruptor kali ya😁,2025-03-20 18:43:50+00:00,negatif
🥰,2025-03-20 18:43:02+00:00,positif
Gulingkan pemerintahan nya sebelum terlambat🗿,2025-03-20 18:42:24+00:00,netral
😭😭😭,2025-03-20 17:48:38+00:00,positif
ya ALLAH mudahkn jln kmi kluar dr tmpt ini,2025-03-20 17:48:20+00:00,positif
😁,2025-03-20 17:48:19+00:00,positif
😁,2025-03-20 17:47:56+00:00,positif
TOLAK RUU TNII,2025-03-20 17:46:45+00:00,positif
😅,2025-03-20 17:46:36+00:00,positif
oke gas oke gas nomor 2 dimana gays,2025-03-20 17:46:05+00:00,netral
itu kn sepengalaman lalu.. skrng yg di sah kn itu apa aja? coba jabarin.. apakah yg disahkn ini bisa sampe aparat bersenjata itu punya hak basmi bungkam org?,2025-03-20 17:45:58+00:00,negatif
aloy posting ulang🤙,2025-03-20 17:45:43+00:00,positif
siapa dulu yg bilang tni harga mati?,2025-03-20 17:45:38+00:00,negatif
trus memang sekarang lebih baik dari orde baru? korupsi kolusi nepotisme lebih parah padahal orde baru di habisi dgn alasan pemberantasan KKN.,2025-03-20 17:45:22+00:00,negatif
presiden kemana dah tinggal pecat noh puan,2025-03-20 17:45:11+00:00,negatif
minta bantuan negara sebelah aj gk sih,2025-03-20 17:45:07+00:00,positif
pemerintah memilih untuk mengesahkan RUU TNI karna pemerintah tau bahwa diri nya aman dengan cara memberinya bayaran dan rakyatnya yang di dalam ketakutan,2025-03-20 17:44:40+00:00,negatif
kluarga bakrie haloo,2025-03-20 17:44:35+00:00,netral
@selllllllllllll,2025-03-20 17:44:29+00:00,negatif
#TOLAK RUU TNI,2025-03-20 17:44:12+00:00,positif
@bila not bela! mending #kaburajadulu😭,2025-03-20 17:43:43+00:00,negatif
pindah negara anjirt,2025-03-20 17:43:03+00:00,negatif
wallahi we are finished,2025-03-20 17:42:43+00:00,positif
@freekyy31 @fkh_ard25,2025-03-20 17:42:23+00:00,positif
cape bnget,2025-03-20 17:41:33+00:00,positif
dah lah cape,2025-03-20 17:41:29+00:00,negatif
bejat,2025-03-20 17:41:13+00:00,negatif
secara ga langsung kasus tahun 98 akan terjadi lagi..,2025-03-20 17:41:00+00:00,negatif
mungsuh kita militer sekarang🗿,2025-03-20 17:40:55+00:00,negatif
pindah²,2025-03-20 17:40:27+00:00,negatif
indo konn,2025-03-20 17:40:14+00:00,positif
Mengerikan kacang hijau,2025-03-20 17:39:59+00:00,negatif
DPR bisa diem gak si,2025-03-20 17:39:15+00:00,netral
takut diculik,2025-03-20 16:53:35+00:00,negatif
Duduki aja dpr tu org nya sudah main kehotel,2025-03-20 16:53:18+00:00,negatif
mirip PKI,2025-03-20 16:52:57+00:00,netral
🥰🥰🥰🥰🥰,2025-03-20 16:52:39+00:00,positif
😂,2025-03-20 16:51:52+00:00,positif
"Giliran uu perampasan aset untuk koruptor gak ada yg demo, giliran ruu tni pada turun.
Kacau banget",2025-03-20 16:51:43+00:00,negatif
saya liat akun akun yg dukung RUU TNI semuanya akun fake🤣 🕋,2025-03-20 16:51:43+00:00,positif
kerjaan nya si ibu puan kah ?,2025-03-20 16:51:27+00:00,netral
😂,2025-03-20 16:51:26+00:00,positif
"kak plis jelasinnn🥲🥲itu udah disah oleh DPR,apakah bisa ditolak oleh persiden",2025-03-20 16:50:55+00:00,negatif
"mungkin harus milih , mau ngesahin uu per*mpasan aset atau mau ngesahin ru* tni , milih r*u tni",2025-03-20 16:50:40+00:00,negatif
ngeri jg ya,2025-03-20 16:50:22+00:00,netral
mantap TNI rakyat,2025-03-20 16:50:15+00:00,positif
@dy★,2025-03-20 16:49:19+00:00,positif
ini pak gemoy gw mana sih ko ga turun tangan😭,2025-03-20 16:48:50+00:00,negatif
😭,2025-03-20 16:48:35+00:00,positif
awas ada penghasut,2025-03-20 16:48:25+00:00,netral
😅😅😅,2025-03-20 16:48:12+00:00,positif
buset ke 2 itu ngeri banget,2025-03-20 16:48:04+00:00,negatif
terpantau sudah tidak ada dana bauar buzzer😏,2025-03-20 16:45:47+00:00,negatif
iya lah di percepat biar kalo ada demo RUU perampasan aset korupsi TNI polri turun hadangi para demo jadi aman kan DPR,2025-03-20 16:45:28+00:00,negatif
🥰,2025-03-20 16:45:01+00:00,positif
RUU perampasan aset mangkrak ehh ini malah RUU TNI di bahas,2025-03-20 16:44:17+00:00,negatif
ngeri ngeriiii,2025-03-20 16:44:16+00:00,netral
🔥,2025-03-20 16:44:13+00:00,positif
kacau.,2025-03-20 16:43:32+00:00,negatif
"wah, demo lagi dong? 😔",2025-03-20 16:43:31+00:00,negatif
"Asing ketar ketirr
Rakyat sejah tera
bravo TNI",2025-03-20 16:42:42+00:00,negatif
DPR ketar ketir krna pda korup dn tkut ketahuan anj🤣,2025-03-20 16:42:42+00:00,negatif
bubar aja lah ni negara,2025-03-20 16:42:40+00:00,negatif
💓,2025-03-20 16:04:43+00:00,positif
visi misi keknya cuman janji manis😏,2025-03-20 16:04:34+00:00,positif
😅,2025-03-20 16:04:34+00:00,positif
udhlah ganti rakyat aja pada sok tau pdahal ga ngerugiin rakyat ntah apalah kek ngerti aja fomo fomo😹,2025-03-20 16:03:42+00:00,negatif
yahhh semakin banyak pengangguran indonesia krna TNI yg ambil,2025-03-20 16:03:39+00:00,negatif
🔥,2025-03-20 16:03:39+00:00,positif
😭,2025-03-20 16:03:39+00:00,positif
Presiden ko dukung RUU beginian...kacau mnding jokowi😒,2025-03-20 16:03:15+00:00,negatif
Hhh kekawatiranku di tahun 2023 sudah hampir terjadi,2025-03-20 16:02:49+00:00,negatif
Lebih Damai TNI yang Berkuasa,2025-03-20 16:02:00+00:00,negatif
berarti balik kaya awal lagi? jaman Soeharto,2025-03-20 16:01:53+00:00,negatif
Mana komen buzzernya???,2025-03-20 16:01:49+00:00,negatif
hadehh ini negara gak sih,2025-03-20 16:00:49+00:00,negatif
"ngegiring ke hoax ni konten kreator padahal di UU nya gak ada jabatan sipil diluar pertanahan, gue kira mnejel eh tau nya kompor Vincent, borax",2025-03-20 16:00:36+00:00,negatif
JANGAN PLS GW BLUM MAU ILANG GW BELUM KETEMU HARUTO 😭,2025-03-20 16:00:34+00:00,negatif
"makan tuh yg pilih nomer 2, gk ada yg bner smua",2025-03-20 16:00:21+00:00,negatif
#tolakRUUTNI,2025-03-20 16:00:13+00:00,negatif
dah dah ayok ke mars,2025-03-20 16:00:02+00:00,negatif
yg penting kita gak kriminal...TNI akan ttp bersama kita,2025-03-20 15:59:49+00:00,negatif
kritik dikit langsung ilang 💀,2025-03-20 15:59:39+00:00,negatif
😁,2025-03-20 15:59:36+00:00,positif
@wellyxf,2025-03-20 15:59:33+00:00,positif
😁,2025-03-20 15:59:24+00:00,positif
😭😭😭,2025-03-20 15:59:23+00:00,positif
💀,2025-03-20 15:59:16+00:00,positif
Kita Selalu di Dzolimi,2025-03-20 15:59:16+00:00,positif
dampak negatifnya apa aja bng?,2025-03-20 15:59:08+00:00,negatif
🥰,2025-03-20 15:58:41+00:00,positif
intinya untuk mempertebal hukum para koruptor biar gak tersentuh dan mereka bisa bebas korupsi...anjing bener ya anggota dpr yang punya wewenang mengesahkan uud,2025-03-20 15:58:36+00:00,negatif
"Takut, ga mau 😭",2025-03-20 15:58:28+00:00,negatif
apa kabar RUU perampasan aset,2025-03-20 15:25:21+00:00,positif
makin lama makin mejadi jadi dah pusing sama dpr,2025-03-20 15:25:02+00:00,negatif
oponeh ikiii ya Allah 😔,2025-03-20 15:25:02+00:00,positif
inget pengalihan korupsi ini mah,2025-03-20 15:24:57+00:00,negatif
💀,2025-03-20 15:24:54+00:00,positif
cina ketar ketir,2025-03-20 15:24:50+00:00,negatif
"Hati-hati sih buat pemerintah, contohnya negara lain saking muaknya dengan pemerintahan, akhirnya gerakan pemberontakan pun ada",2025-03-20 15:24:45+00:00,negatif
😃,2025-03-20 15:24:41+00:00,positif
"namanya juga anak abah masih sakit hati,kocak memang tu dia",2025-03-20 15:24:40+00:00,negatif
pada kenyataannya jaman sekarang juga korupsi makin banyak masyarakat kecil banyak yng tertindas hukum tumpul ke atas tajam kebawah,2025-03-20 15:24:24+00:00,negatif
😂,2025-03-20 15:24:22+00:00,positif
"muak bgt sama hidup, ke bulan aja ah🗿",2025-03-20 15:24:17+00:00,positif
😁😁😁,2025-03-20 15:23:56+00:00,positif
Gasssss,2025-03-20 15:23:24+00:00,netral
😱,2025-03-20 15:23:02+00:00,positif
"semoga disahkan, orde baru jilid 2 gak masalah....cuma provokator yg gak suka.",2025-03-20 15:22:53+00:00,negatif
"#Tolak RUU TNI
#Tolak RUU TNI
#Tolak RUU TNI
#Tolak RUU TNI
#Tolak RUU TNI
#Tolak RUU TNI
#Tolak RUU TNI
#Tolak RUU TNI
#Tolak RUU TNI
#Tolak RUU TNI
#Tolak RUU TNI",2025-03-20 15:22:43+00:00,negatif
pentas ngebet revisi UU TNI orng dia ga mau ketahuan pas korupsi🫢🤫,2025-03-20 15:22:02+00:00,negatif
😁,2025-03-20 15:21:21+00:00,positif
😈😈😈,2025-03-20 15:21:16+00:00,positif
"27th Indonesia TDK maju karna byk koruptor nya waspada Meraka akn mngunakn kacungnya untuk mnolak RUU TNI,, orde baru rakyat aman wlo g bisa bsuwara😂😝",2025-03-20 15:20:54+00:00,negatif
Semua fokus RUU TNI..apakabar RUU POLRI ?,2025-03-20 15:20:50+00:00,netral
maju terus tni' jangan takut dgn para penolakan itu,2025-03-20 15:20:36+00:00,positif
😂,2025-03-20 15:20:26+00:00,positif
Jadi dijaman skrng lebih baik kumpulin uang/emas,2025-03-20 15:20:15+00:00,netral
kalo polisi masuk kabinet dan kementerian gmn respon kalian ?,2025-03-20 15:19:55+00:00,netral
saya setuju sahkan saja 😁,2025-03-20 15:19:46+00:00,positif
kenapa ruu TNI langsung di sah in tapi ruu perampasan aset untuk koruptor ga di sah in sampai sekarang ? sumpah ini beneran tanyaa 😭🙏🏻,2025-03-20 14:46:35+00:00,negatif
"tapi kasian juga sama TNI yang benar-benar baik bakal di lihat buruk karena ruu TNI ini, takut aja 😔",2025-03-20 14:46:21+00:00,negatif
saya rasa RUU dsini tidak akan sama dengan kasus dlu waktu kecil 98 si,2025-03-20 14:46:19+00:00,negatif
😳,2025-03-20 14:46:13+00:00,positif
"klo ini mahasiswa banyak yg demo, tp uu perampasan aset pada ga mau demo",2025-03-20 14:45:41+00:00,negatif
KIAMAT AJA UDAH KIAMAT YAALLAH😭,2025-03-20 14:45:22+00:00,netral
🥰,2025-03-20 14:45:20+00:00,positif
ini negaraaa apaa cokkk,2025-03-20 14:45:06+00:00,negatif
"wah makin bahaya indo,,",2025-03-20 14:44:53+00:00,negatif
Bentar lagi jadi Korut part 2 nih 🗿,2025-03-20 14:44:44+00:00,negatif
😂,2025-03-20 14:44:21+00:00,positif
"itu mah kelakuan koruptor saja yg takut sama undang undang biar bisa nyolongin uang rakyat dengan bebas,,,",2025-03-20 14:43:26+00:00,negatif
"pdhal oede baru pemerintahan paling josss,",2025-03-20 14:43:20+00:00,positif
yaelah tinggal 5 tahun lagi malah ruu teeni,2025-03-20 14:42:59+00:00,negatif
"bener kata guru gua,,kalo presiden probowo akan sama pada orde baru nggak bisa ngritik pemerintah lagi
the best deh guru gua",2025-03-20 14:42:52+00:00,positif
🤭,2025-03-20 14:42:34+00:00,positif
😂,2025-03-20 14:42:29+00:00,positif
komenan ny beda banget di x ama di tik tok,2025-03-20 14:41:41+00:00,negatif
Sudah di sah kan puan..,2025-03-20 14:41:37+00:00,negatif
"dpr(DEWAN PERWAKILAN RAKYAT)
rakyat yang mana?🤐",2025-03-20 14:41:17+00:00,netral
TOLAK RUU PERAMPASAN HARTA PARA KORUPTOR TERBITLAH RUU TNI,2025-03-20 14:41:10+00:00,negatif
tendang aku ke luar negri plis 😔😔,2025-03-20 14:41:04+00:00,netral
itu bahay,2025-03-20 14:40:54+00:00,negatif
negara banyak tapi kenapa lahir disini,2025-03-20 14:40:39+00:00,netral
Kabur aja lama2 kaya gini mah 😂😂😂,2025-03-20 14:40:39+00:00,negatif
😁,2025-03-20 14:40:29+00:00,positif
aihhhh,2025-03-20 14:40:08+00:00,netral
DPR GAADA FUNGSINYA JIR,2025-03-20 14:40:06+00:00,netral
"hahahaha.tempo..
msh percaya kalian sama tempo??",2025-03-20 14:39:42+00:00,negatif
setakut itu ya sama rakyat sampek rapat aja ga transparan,2025-03-20 14:38:56+00:00,positif
Bisa ga ganti nama nya gausa DPR gitu,2025-03-20 14:16:55+00:00,netral
👏 sampai jumpa di pengadilan akhirat pak,2025-03-20 14:16:52+00:00,positif
"cari sumber dari tempo, tempo itu antek asing bung, apa jangan2 kamu salah satu dari mereka mau nyebarkan hoax",2025-03-20 14:16:29+00:00,negatif
❤️,2025-03-20 14:16:09+00:00,positif
sudah ku duga jika prabowo jadi presiden akan seperti itu..,2025-03-20 14:16:01+00:00,negatif
bravo TNI 💪💪💪,2025-03-20 14:15:48+00:00,positif
pandji mah antek asing,2025-03-20 14:15:28+00:00,negatif
YAAMPUN NEGARA DEMOKRASI APAAN INI,2025-03-20 14:15:18+00:00,negatif
habis lh sudah...,2025-03-20 14:15:15+00:00,negatif
💖💖💖,2025-03-20 14:14:43+00:00,positif
fedri nuril tersenyum ketawa karena awalnya dia di hujat,2025-03-20 14:14:42+00:00,negatif
"yg di tanya apa, yg di bahas apa🗿",2025-03-20 14:14:29+00:00,negatif
✌️,2025-03-20 14:14:25+00:00,positif
Mlah gak ngerti tambah bnguh,2025-03-20 14:14:11+00:00,negatif
orde baru part 2💀,2025-03-20 14:14:05+00:00,positif
😞,2025-03-20 14:14:04+00:00,positif
tauu lahh pusing sama negara konoha pindah ajah yuk ke Indonesia?,2025-03-20 14:14:01+00:00,negatif
"Bahaya ini jadinya,KLO begini TNI bisa bikin apa aja di negara kita,bahkan konten kreator kayak bang Gerald aja bisa di hilangkan KLO misal kembali ke orde baru,guru ku juga bilang gitu soal",2025-03-20 14:13:52+00:00,negatif
ya begitu nikmati saja presidennya aja mantan ****,2025-03-20 14:13:44+00:00,negatif
🥰,2025-03-20 14:13:36+00:00,positif
💙,2025-03-20 14:13:07+00:00,positif
culik jam 3 pagi 🤣,2025-03-20 14:12:53+00:00,negatif
mau di jajah belanda euy biar ga sengsara,2025-03-20 14:12:49+00:00,negatif
😭,2025-03-20 14:12:39+00:00,positif
#TOLAKRUUTNI,2025-03-20 14:12:29+00:00,negatif
tni cuman yg tugas awalnya cuman jadi jadi tentara aja dah banyak korup gimana kalo banyak instansi yg anggota nya tni,2025-03-20 14:12:26+00:00,negatif
zaman pak Harto kan udah dipaksain uu Dwi fungsi ABRI sekarang mo disahkan tolak gak sah tuh rapat di hotel Fairmont tanpa sepengetahuan rakyat batalkan,2025-03-20 14:12:00+00:00,negatif
kamu termakan hoax itu ttg orba brow,2025-03-20 14:11:17+00:00,negatif
lama lama ancur nih negara 🗿🗿,2025-03-20 14:10:53+00:00,negatif
"@............. ncah gua takut kuliah, takut klo knp²trs speak up gua ilang😭🙏🏻",2025-03-20 14:10:14+00:00,negatif
ormas ketar ketir boy,2025-03-20 13:37:10+00:00,negatif
lu jelasin nya aja kagal jelas bg....,2025-03-20 13:37:01+00:00,negatif
😁,2025-03-20 13:36:29+00:00,positif
yg jujur di negri ini cuma jokowi anies dan ahok,2025-03-20 13:36:25+00:00,negatif
✨,2025-03-20 13:36:23+00:00,positif
parah nian 💔,2025-03-20 13:36:22+00:00,negatif
@partaigerindra,2025-03-20 13:36:12+00:00,positif
"kenapa di revisi?karna kan udh banyak ketaun yg korupsi, makanya rakyat di suruh bungkam🤭🤭🤭🤭",2025-03-20 13:35:56+00:00,negatif
😁,2025-03-20 13:35:47+00:00,positif
fungsi demokrasi apa??? buktinya korup makin menjadi jadi.mending jaksa agung dari TNI karena dia akan tunduk kepada panglima tertinggi,2025-03-20 13:35:45+00:00,negatif
kalo menurut saya mah kyak adu domba ini mah,2025-03-20 13:35:33+00:00,negatif
😅,2025-03-20 13:35:15+00:00,positif
Berat,2025-03-20 13:34:47+00:00,positif
rakyat jlantah juga nolak,2025-03-20 13:34:44+00:00,negatif
aku akan tegap dan hormat walau KLH🫡🫡🫡🇮🇩🇮🇩🔥🔥 walau hati ini sakit,2025-03-20 13:34:40+00:00,negatif
#TOLAKRUUTNI,2025-03-20 13:34:20+00:00,negatif
Ini ada hubungan nya dengan presiden yang menjabat saat ini kah?,2025-03-20 13:34:00+00:00,negatif
"lebih baik orba daripada sekarang reformasi kebablasana.. ekonomi. carut. marut, korupsidimana- mana , kriminal merajalela, dolar naik ga pernah turun, bbm ga pernah dioplos2, emas ga ada yg plsu, 😅",2025-03-20 13:33:50+00:00,negatif
jah4t bgt lho pemerintah anj,2025-03-20 13:33:38+00:00,negatif
udah di duga dri awal,2025-03-20 13:33:19+00:00,negatif
"#KABUR AJA DULU
BTW BAHASA DAERAH PUN TIDAK BISA 🗿😅
me=rusia&Australia
you=?",2025-03-20 13:33:15+00:00,negatif
😞😞😞,2025-03-20 13:32:38+00:00,positif
"saya cuma masyarakat sipil biasa...lebih nyaman saat orba.
Yang gak nyaman saat orba kan yg haus kekuasaan,kedudukan dan punya kepentingan politik.
Mending orba buat kami tdk mencekam justru tenang.",2025-03-20 13:32:12+00:00,negatif
#tolakkruutni🔥,2025-03-20 13:31:51+00:00,positif
polisi harusnya dibawah damkar🤣🤣,2025-03-20 13:31:37+00:00,netral
kenapa aku WNI,2025-03-20 13:31:36+00:00,negatif
gmn ya bilang nya ..pngen nolak tapi bapak sndiri TNI ..gak di tolak nyakitin hati ..bapak anak bertolak belakang bajing lah ..,2025-03-20 13:31:24+00:00,negatif
"UU TNI ITU UNTUK CEKAL SIKAP BEJAT ONTA DAN BANTEN, NGERTI GAK SIH",2025-03-20 13:31:01+00:00,netral
@Artaa?:dpr panik itu yg korupsi keungkap makany rapat diem diem,2025-03-20 13:30:46+00:00,negatif
"kayak junta Myanmar nanti ini lama-lama, rakyat harus tunduk sepenuhnya kepada pemerintah dan gak boleh ngelawan 😂",2025-03-20 13:30:41+00:00,negatif
"Kalau masih ditetap kan main anarkis aja,,kan itu mau nya tikus",2025-03-20 13:02:33+00:00,negatif
makin hari makin gila aja rasa ny tgl di indonesia😔,2025-03-20 13:02:18+00:00,negatif
@luvlee.heii jls yeh,2025-03-20 13:02:12+00:00,negatif
🥺,2025-03-20 13:01:50+00:00,positif
"Demo kok ke DPR kocak🤔🤔 , yg di gedung DPR itu pion , Otaknya tuh Ketua PARPOL nya , jadi DEMO LAH KE RUMAH KETUA PARPOL NYA😂😂😂😂😂",2025-03-20 13:01:40+00:00,negatif
Coba aja semua masyarakat indonesia kompak semua untuk demo pasti tikus tikus gak berani,2025-03-20 13:01:39+00:00,positif
kok makin kesini nekan yg dibawah wweh,2025-03-20 13:01:35+00:00,negatif
"makin hancur negara ini, yang enak cuma org yang punya kuasa aja",2025-03-20 13:01:14+00:00,negatif
"kalo RUU ini sah mah
jokes bakso gabisa dipake lagi🗿",2025-03-20 13:01:14+00:00,negatif
👀,2025-03-20 13:00:29+00:00,positif
"@🐧🍩  ħＥ𝐡Ｅ💫  🎀🏆 see u, ill kiII myself",2025-03-20 13:00:27+00:00,positif
jadi kaya laut bercerita kahh?😔,2025-03-20 13:00:22+00:00,negatif
perrusss,2025-03-20 13:00:11+00:00,netral
😁,2025-03-20 12:59:57+00:00,positif
TURUNKAN NABI ISA,2025-03-20 12:59:56+00:00,positif
Mending DPR di bubarkan,2025-03-20 12:59:55+00:00,negatif
🥰🥰🥰,2025-03-20 12:59:50+00:00,positif
negara stress. udhlh ak pindah negara aja,2025-03-20 12:59:50+00:00,negatif
Rkyt percaya TNi,2025-03-20 12:59:43+00:00,negatif
😁,2025-03-20 12:59:23+00:00,positif
"tambahkan dlm UU TNI baru,bawah TNI harus memihak kepada rakyat apa bila hak2 tertindas,TNI tidak melakukan kekerasan terhadap rakyat,sangsi pemecatan dan penjara kalau menindas rakyat",2025-03-20 12:59:19+00:00,negatif
🥰,2025-03-20 12:59:03+00:00,positif
benar kata gusdur bubarkn dpr,2025-03-20 12:59:03+00:00,positif
DUKUNG AE LQH,2025-03-20 12:58:34+00:00,netral
"kebanyakan rapat GK ada hasil, sekalinya ada hasil mlh buat intimidasi rakyat sendiri",2025-03-20 12:58:04+00:00,netral
tapi skrg korupsi bnyak kok ditngkap,2025-03-20 12:58:03+00:00,negatif
"emang udah baca lu draf terbaru yg jadi uu..jagn bikin konten yg bikin gaduh
.hanya 3 pasal yg di ubah..makanya baca dulu baru bacot..",2025-03-20 12:57:54+00:00,negatif
"baru aja kita percaya cuma pada TBI, malah sekarang dia mau jadi jahat😭😭😭",2025-03-20 12:57:28+00:00,netral
"kayaknya sejarah akan terulang bg,",2025-03-20 12:57:25+00:00,netral
🙏🏻,2025-03-20 12:57:24+00:00,positif
😂😂😂,2025-03-20 12:24:40+00:00,positif
😭😭😭,2025-03-20 12:24:32+00:00,positif
lu brewok 98 belum lahir?,2025-03-20 12:23:33+00:00,negatif
😂,2025-03-20 12:23:13+00:00,positif
ya Allah 😔,2025-03-20 12:23:08+00:00,positif
"@gerindra udh deh bubarin DPR aja, bikin kisruh gak pro rakyat.",2025-03-20 12:22:59+00:00,negatif
pa lg skrg musim tni main tembak2n seenaknya,2025-03-20 12:22:49+00:00,negatif
😂,2025-03-20 12:21:55+00:00,positif
halah diem ah,2025-03-20 12:21:36+00:00,negatif
tolak ruu tni,2025-03-20 12:21:20+00:00,positif
@prilly @pejalan lambat,2025-03-20 12:21:05+00:00,negatif
🔥🔥🔥,2025-03-20 12:21:04+00:00,positif
wah berarti yg berpangkat makin berkuasa dong?gk bisa gitu lah.apalagi di negara kita yg berpangkat bnyak tikus tikusnya,2025-03-20 12:20:54+00:00,negatif
😁,2025-03-20 12:20:52+00:00,positif
lu kaya org paling bener bang wkwk,2025-03-20 12:20:33+00:00,positif
apakahh akan balik ke orde suharto?,2025-03-20 12:20:28+00:00,negatif
negara apa sih ini,2025-03-20 12:20:17+00:00,positif
apa salahnya sih kan ini prabowo / ndut waktu pilpres 2019 mau merealisasikan program indonesia bubar 2030. amiin semoga segera terjadi,2025-03-20 12:19:15+00:00,negatif
😂,2025-03-20 12:18:32+00:00,positif
turunkan puan anak banteng,2025-03-20 12:18:06+00:00,negatif
🥰,2025-03-20 12:18:03+00:00,positif
😂,2025-03-20 12:18:02+00:00,positif
siapa si ketua DPR nya🗿,2025-03-20 12:17:38+00:00,positif
klo untuk orng korup gapapa,2025-03-20 12:17:11+00:00,negatif
🥰,2025-03-20 12:16:58+00:00,positif
Gassss,2025-03-20 12:16:58+00:00,positif
"Masih inget bgt, yg milih karena gemoy joget2. Yg milih karena kasian pas debat. Kek anj otak kalian dmn???",2025-03-20 12:16:07+00:00,negatif
sejarah terulang kembali [photo],2025-03-20 12:15:48+00:00,positif
@yaa pindah negoro 😁,2025-03-20 12:15:46+00:00,negatif
gak lama lagi Indonesia bubar,2025-03-20 12:15:37+00:00,negatif
"apa si yang dijelaskan itu apa 😌
maklum cuma smk",2025-03-20 11:51:37+00:00,positif
Aku dukung RUU TNI,2025-03-20 11:51:27+00:00,negatif
mengulang sejarah kelam lucu banget negara anj ini,2025-03-20 11:50:55+00:00,positif
biar jadi orde baru lagi ...,2025-03-20 11:50:30+00:00,negatif
"😅😅 .. orde baru itu gada preman yg malak rakyat , pangan murah ..",2025-03-20 11:50:25+00:00,negatif
ya Allah nangis banget liat negri sendiri kenapa bgini😭😭😭,2025-03-20 11:50:09+00:00,negatif
🥺,2025-03-20 11:50:06+00:00,positif
😂,2025-03-20 11:49:57+00:00,positif
jadi.Konoha makim maju apa mundur?,2025-03-20 11:49:45+00:00,negatif
YA KOCAK DEMOKRASI BUAT APA,2025-03-20 11:49:38+00:00,negatif
kaya China dong,2025-03-20 11:49:18+00:00,netral
😏,2025-03-20 11:49:09+00:00,positif
Ngeri berarti ya kaya negara Syiria yang kalo kontra sama pemerintah langsung di penjara dan di siksa,2025-03-20 11:49:08+00:00,negatif
Tuhan kenapa aku WNI,2025-03-20 11:49:04+00:00,positif
"presiden skrg, gimnapun msh menantu kluarga cendana. ya wjib balikin kayak jaman keluarga cendana dlu mimpinlah.
siapsiap aja balik kyk jaman orde baru wkwkwk",2025-03-20 11:48:50+00:00,negatif
"sahkan saja, lagian indonesia sudah ngk jelas ngk tau arahnya mau kmna, korupsi merajalela, pemerasan, penindasan dll..
padahal yang perlu di sahkan adalah ruu perampasan aset🤦",2025-03-20 11:48:48+00:00,negatif
pindah negaraa ayok,2025-03-20 11:48:38+00:00,negatif
🥰,2025-03-20 11:48:27+00:00,positif
"Udh dibilang bakal mau jadi jaman pki, tapo lo pada ttp mau oke gas oke gas 🤪",2025-03-20 11:48:25+00:00,netral
🔥🔥🔥,2025-03-20 11:48:19+00:00,positif
🗿🗿🗿,2025-03-20 11:48:17+00:00,positif
udah tau kalau tiga kali malah kalian pilih😂,2025-03-20 11:48:16+00:00,negatif
🔥🔥🔥,2025-03-20 11:48:15+00:00,positif
🗿🗿🗿,2025-03-20 11:48:12+00:00,positif
🔥🔥🔥,2025-03-20 11:48:11+00:00,positif
😭,2025-03-20 11:47:54+00:00,positif
yang ada mah tikus tikus makin banyak,2025-03-20 11:47:47+00:00,negatif
paling bener pisah negara dan bikin negara baru,2025-03-20 11:47:25+00:00,negatif
😂😂😂,2025-03-20 11:46:59+00:00,positif
"Benarkan dwi fungsi tentara.. Sgt setuju, udah g yakin dgn polisi",2025-03-20 11:46:55+00:00,negatif
dari zaman orde baru TNI manunggal dgn rkty,2025-03-20 11:16:06+00:00,negatif
iya universitas trisakti sama tarumanegara pada demo,2025-03-20 11:15:40+00:00,positif
🙏,2025-03-20 11:15:37+00:00,positif
BUBAR AJA TNI,2025-03-20 11:15:31+00:00,negatif
🤝,2025-03-20 11:15:10+00:00,positif
iya udah didoain ajah kalau gitu #capek🥺,2025-03-20 11:14:46+00:00,negatif
🥰🥰🥰,2025-03-20 11:14:23+00:00,positif
"saya setuju RUU TNI asalkan Presidennya kaya Prabowo, U Know lah baru 6 Bulan ratusan koruptor ketangkap, check and recheck Makan Siang Gratis dll.
saya tidak setuju RUU TNI kalau..",2025-03-20 11:14:03+00:00,negatif
saya setuju² saja. biar ga ada yang gibah pemimpin. 😁,2025-03-20 11:13:23+00:00,positif
"Dwi fungsi ABRI jika itu lebih baik untuk negara why not.
toh jabatan jabatan pemerintahan diberikan pada anggota anggota partai korupsi nya gila gilaan.
Dwi fungsi ABRI lebih baik namun tetap bisa diawasi dan transfaran",2025-03-20 11:13:22+00:00,netral
kocak yg dukung 02 hahha,2025-03-20 11:13:15+00:00,netral
Baguslah .biar anak abah kejang2...😅😅,2025-03-20 11:11:17+00:00,negatif
😏,2025-03-20 11:10:38+00:00,positif
TETAP DUKUNG RUU TNI,2025-03-20 11:10:19+00:00,positif
sah.. kerennn...,2025-03-20 11:09:43+00:00,negatif
malah jelasin orde baru 😳,2025-03-20 11:09:36+00:00,netral
🥰,2025-03-20 11:08:49+00:00,positif
masyarakat harus kompak,2025-03-20 11:08:33+00:00,positif
makin ga jelas nih negara,2025-03-20 11:08:32+00:00,negatif
fungsi dpr ada gak.?,2025-03-20 11:08:31+00:00,netral
"PDI "" uudh kelakuan korup dengan bnyk cara buat ruu tni sekarang",2025-03-20 11:08:16+00:00,negatif
Isi dari RUU nya apa??,2025-03-20 11:07:26+00:00,negatif
Rusakkkkk,2025-03-20 11:07:08+00:00,negatif
"saya sih aman-aman aja, yang takut tuhhh oknum yang nakal😂",2025-03-20 11:06:17+00:00,negatif
😂,2025-03-20 11:06:05+00:00,positif
biar ALLAH yang mengaadili komplotan PDIP,2025-03-20 11:05:36+00:00,negatif
gampangnya di jajah pejabat negri sendiri ya?,2025-03-20 11:05:32+00:00,negatif
ow paham.. biar yg korup makin aman😳😳,2025-03-20 11:05:17+00:00,negatif
♥️,2025-03-20 11:04:43+00:00,positif
🥰,2025-03-20 11:03:54+00:00,positif
siapa sih ketua dpr nya,2025-03-20 10:20:27+00:00,positif
"SIAPA TUH YG BILANG, HANYA TNI YG CINTA RAKYAT?
MEREKA CUMAN ROBOT YG NURUT SAMA ATASAN COR",2025-03-20 10:19:56+00:00,negatif
"kejahatan dan koruptor di negeri ini sudah kronis,, hidup tni",2025-03-20 10:19:32+00:00,positif
🥰,2025-03-20 10:19:21+00:00,positif
😂,2025-03-20 10:17:56+00:00,positif
inimah undang” dibuat untuk letkol teddy 😁,2025-03-20 10:17:28+00:00,positif
"Selamat menikmati new orba yah, nikmati lah 58%🤣",2025-03-20 10:16:31+00:00,negatif
🔥,2025-03-20 10:15:53+00:00,positif
baik buat macam plkn je,2025-03-20 10:15:43+00:00,positif
"gais yg muda mending blajar bahasa asing deh , misalnya inggris, jerman, china, jepang, 👍👍",2025-03-20 10:15:37+00:00,negatif
🥰,2025-03-20 10:14:51+00:00,positif
"DPR itu Dewan Perwakilan Rakyat , tapi rakyat yang mana yang diwakili kenapa kinerja dan keputusannya selalu kontra dengan yang diwakilinya????",2025-03-20 10:14:37+00:00,netral
Belanda dulu tu cuma berdagang bukan menjajah 😌,2025-03-20 10:14:04+00:00,negatif
"MASING""PAK JABAT PUNYA STRATEGI MASING""...",2025-03-20 10:13:46+00:00,netral
Udah di sah kan🥹,2025-03-20 10:13:23+00:00,negatif
ohh orang DPR-RI kayanya katuk klo ketahuan korupsi ya 🗿,2025-03-20 10:12:50+00:00,negatif
okee pindah negara 🗿,2025-03-20 10:12:40+00:00,netral
"saatnya apa?? YES NABUNG, BELAJAR BAHASA ASING TRS CABUT!",2025-03-20 10:12:02+00:00,negatif
Alhamdulillah di sah kan masa polri aja yg punya Jabatan diluar jabatan 😁,2025-03-20 10:11:42+00:00,positif
turunkan night red 🗿👍,2025-03-20 10:11:17+00:00,positif
"Klo ruu tni ini sah yang ada korupsi malah merajalela dan kita masyarakat menengah kebawah mkin terpuruk,",2025-03-20 10:11:16+00:00,negatif
"DPR klo kayak gini cepet,giliran Uu perampasan aset lama nya smpe skrng ga di acc",2025-03-20 10:11:10+00:00,negatif
🥰,2025-03-20 10:10:48+00:00,positif
rakyat di anggep pas pemilihan doang,2025-03-20 10:10:40+00:00,negatif
🙏,2025-03-20 10:10:39+00:00,positif
"neo orba.....oke gas,oke gas....😂😂😂😂",2025-03-20 10:10:19+00:00,netral
"Indonesia darurat korupsi, yang dibahas malah RUU TNI. Kocak",2025-03-20 10:08:49+00:00,negatif
🥰🥰🥰,2025-03-20 10:08:46+00:00,positif
"perampasan aset di tolak, giliran gini langsung di setujui sama ketua nya, udah pada ber umur bukannya tobat malah menjadi",2025-03-20 10:08:31+00:00,negatif
nolak soalnya mah takut rombongan koruptornya,2025-03-20 10:07:18+00:00,negatif
🥰🥰🥰,2025-03-20 09:24:35+00:00,positif
@gerindra @Gibran Rakabuming @lambe turah official @Metro TV @Najwa Shihab,2025-03-20 09:23:46+00:00,negatif
gemes banget sama negara ini,2025-03-20 09:23:41+00:00,negatif
Masalah: Perwira Atas TNI banyak yg Non Job Solusinya: Perpanjang masa Pensiun TNI 60thn 😂🤣 Sipil: kesulitan cari kerja,2025-03-20 09:23:26+00:00,negatif
terus kalo kaya gini sama kaya komunis ga sih?? aku ga ngerti:((,2025-03-20 09:23:08+00:00,negatif
TNI bersama rakyat🤡🤓,2025-03-20 09:22:54+00:00,positif
Ngga heran mereka yg menolak slalu Berburuk sangka.,2025-03-20 09:22:15+00:00,negatif
TOLAK RUU TNI,2025-03-20 09:21:48+00:00,positif
🥰,2025-03-20 09:21:35+00:00,positif
🔥,2025-03-20 09:21:14+00:00,positif
tlng jelasin min @partaigerindra,2025-03-20 09:19:49+00:00,positif
paling bener kabur aja dah dr ni negara,2025-03-20 09:19:37+00:00,negatif
astagfirullah,2025-03-20 09:19:33+00:00,positif
KOCAKKK,2025-03-20 09:19:02+00:00,netral
apakah ada yng sama dengan pikiran gua. sepertinya ini strategi banteng untuk menurunkan Prabowo menjadi presiden,2025-03-20 09:19:01+00:00,netral
RUU Polri gimana 🗿😌,2025-03-20 09:18:26+00:00,positif
"udh di bilangin yg bikin ricuh itu DPR, eh yg di demo presiden dan ex presiden😂😂😂",2025-03-20 09:18:18+00:00,negatif
@gerindra bagaimana ni takuttt pak,2025-03-20 09:18:11+00:00,positif
😭,2025-03-20 09:17:46+00:00,positif
pantes biar korupsinya gak ketahuan,2025-03-20 09:17:13+00:00,negatif
Australiaaaa tunggu akuuu,2025-03-20 09:16:45+00:00,negatif
si Nuril munculnya pas ada demo,2025-03-20 09:16:05+00:00,negatif
perang dengan naegara swndiri kocak,2025-03-20 09:15:48+00:00,negatif
😁,2025-03-20 09:15:32+00:00,positif
korupsi dari jaman p Suharto udah ada cuma ga se zalim sekarang,2025-03-20 09:15:27+00:00,negatif
😂,2025-03-20 09:13:46+00:00,positif
"pantesan di sahkan dpr, biar rakyat ga dikit² demo krn takut di intimidasi tni😂",2025-03-20 09:12:23+00:00,negatif
😄,2025-03-20 09:12:20+00:00,positif
😂,2025-03-20 09:12:00+00:00,positif
jadi kemungkinan ada petrus lagi?,2025-03-20 09:11:54+00:00,netral
banyak buzzer bjir,2025-03-20 08:33:32+00:00,negatif
Udah kayak budak aja gak bisa protes/kritik boss🗿,2025-03-20 08:33:32+00:00,negatif
😭,2025-03-20 08:33:06+00:00,positif
@💌 takut plis,2025-03-20 08:33:01+00:00,negatif
TNI waktunya pimpin negri ini ...💓💓💓,2025-03-20 08:32:33+00:00,negatif
makin ga jelas ini negara,2025-03-20 08:31:57+00:00,positif
anjr..,2025-03-20 08:31:05+00:00,netral
"yang di minta rakyat apa yang di sahkan DPR apa, hadehh......",2025-03-20 08:30:59+00:00,negatif
DPR Dewan Perwakilan R nya apa?,2025-03-20 08:30:22+00:00,netral
joget gemoy aja yang penting Heppy 🤣🤣,2025-03-20 08:30:17+00:00,positif
😂😂😂 PARA KORUPTOR PADE TAKUT,2025-03-20 08:30:11+00:00,negatif
negara apa ni cok🗿,2025-03-20 08:30:10+00:00,negatif
buset point 2 gitu yeee,2025-03-20 08:29:27+00:00,netral
@dytihfgtn,2025-03-20 08:29:10+00:00,positif
"lagi pada diberantas, RUU langsung di sahkan!!. brarti ada udang dibalik batu",2025-03-20 08:28:55+00:00,negatif
"klean gk ada yg peduli para para pasukan penjaga konoha ya, kasian itu jd multitasking loh, jagain klean iya, ngerjain kerjaan klean juga.. kasian tauu!!",2025-03-20 08:28:44+00:00,negatif
😂,2025-03-20 08:28:00+00:00,positif
Kan Lu Buzzer nya Dulu bg...,2025-03-20 08:27:42+00:00,negatif
hidup di indo itu kayaknya hardcore ya ceritanya,2025-03-20 08:27:34+00:00,netral
aku nyari barengan whv ke aussie ada yg mau ga?,2025-03-20 08:27:31+00:00,negatif
"bener bener bahaya guys, ntar kalian gabisa loh main tiktok komen komen gini😭🙏🏻 baca buku kiri ntar jg hrus sembunyi”😭 GAMAUUUUU",2025-03-20 08:27:30+00:00,negatif
gua berpikir Indonesia nnti nya akan berperan sesama orang Indonesia,2025-03-20 08:27:07+00:00,positif
@caca,2025-03-20 08:26:42+00:00,positif
kl sy lebih baik orde baru jauh lebih aman,2025-03-20 08:26:24+00:00,netral
🥰,2025-03-20 08:25:55+00:00,positif
siapasih anj yg milih ni org,2025-03-20 08:25:17+00:00,negatif
@corn salad oh ini,2025-03-20 08:25:09+00:00,netral
CMA ANAK ABAH YG MENOLAK UU TNI,2025-03-20 08:24:35+00:00,negatif
🤣,2025-03-20 08:23:58+00:00,positif
🤔🤔🤔,2025-03-20 08:23:23+00:00,positif
TAU KAN KENAPA DOI NYALON DUA KLI GAGAL DAN TETEP NGEYEL JADI PRSIDEN😂😂,2025-03-20 07:44:46+00:00,negatif
🥰,2025-03-20 07:44:18+00:00,positif
dpr tapi rapat diem diem,2025-03-20 07:43:42+00:00,negatif
"di suruh pilih yg pintar berpikir
malah milih yang hoby joget2",2025-03-20 07:43:31+00:00,negatif
klu ada yg ga suka dgn RRU TNI pindah aja kenegara lain gitu aja kog repot,2025-03-20 07:43:18+00:00,negatif
👀,2025-03-20 07:42:52+00:00,positif
"apa mau dibuat mirip Myanmar atau Junta militer , mirip film Rambo",2025-03-20 07:42:39+00:00,negatif
@🦋🙄,2025-03-20 07:42:36+00:00,positif
😃,2025-03-20 07:42:31+00:00,positif
😁,2025-03-20 07:42:04+00:00,positif
@𖨂 chyv  ͎·,2025-03-20 07:42:01+00:00,netral
mending pindah ke malaysia,2025-03-20 07:41:12+00:00,negatif
aku umur 45th.. aku bahagia hidup d zaman orde baru 😅 hidup makmur d zaman presiden suharto,2025-03-20 07:40:06+00:00,positif
🗿,2025-03-20 07:40:05+00:00,positif
"#tolakRUUTNI
#TolakRevisiUUTNI
#PeringatanDarurat
#IndonesiaGelap
#TolakDwifungsiABRI",2025-03-20 07:39:51+00:00,negatif
tolak RUU TNI🔥,2025-03-20 07:38:53+00:00,positif
😁,2025-03-20 07:38:20+00:00,positif
"pantes ae banyak yang pada senyum"" di rapat",2025-03-20 07:38:05+00:00,negatif
"mbuh lah puyeng, mikir Urip be wis puyeng Kon mikir negara",2025-03-20 07:37:30+00:00,negatif
DPR = Dewan Penghianat Rakyat,2025-03-20 07:37:21+00:00,netral
🙏,2025-03-20 07:37:04+00:00,positif
🗿,2025-03-20 07:36:42+00:00,positif
😞,2025-03-20 07:36:10+00:00,positif
Gaspolll RUU TNI 🙂❤❤,2025-03-20 07:36:05+00:00,positif
udah paling bener damkar😂,2025-03-20 07:35:57+00:00,positif
😂😂😂,2025-03-20 07:35:45+00:00,positif
🥰,2025-03-20 07:35:28+00:00,positif
😂,2025-03-20 07:35:24+00:00,positif
sebenernya pemerintah mewakili rakyat yang mana sih?,2025-03-20 07:35:17+00:00,negatif
up,2025-03-20 06:52:48+00:00,netral
siap dukung TNI,2025-03-20 06:52:34+00:00,positif
😅,2025-03-20 06:52:27+00:00,positif
dahlah yang korupsi mau seditutup apapun allah liat tauu bau bangkai pasti kecium😂,2025-03-20 06:51:46+00:00,negatif
DPR tidak sesuai dengan harapan rakyat😔,2025-03-20 06:51:44+00:00,negatif
🥰,2025-03-20 06:50:43+00:00,positif
mantap sgrakan ruuu,2025-03-20 06:49:17+00:00,negatif
😁,2025-03-20 06:48:15+00:00,positif
"Dwifungsi TNI masalalu itu emg gak bener cuman beda sama zaman ini serba digital gk bisa maen bredel dan tangkap..
klo terpaku sama kejadian masalalu giman negri ini mau maju dan berkembang",2025-03-20 06:47:47+00:00,netral
lg heboh heboh nya penangkapan koruptor eh DPR diem diem ngesahin UU ini 🤣,2025-03-20 06:47:39+00:00,negatif
😁,2025-03-20 06:47:22+00:00,positif
TNI aktif hrs pensiun apabila ingin jabatan sipil,2025-03-20 06:47:10+00:00,negatif
😭,2025-03-20 06:47:05+00:00,positif
@gerindra ????,2025-03-20 06:46:27+00:00,negatif
😇,2025-03-20 06:45:46+00:00,positif
lalu? bahas juga dongg yang ruu polri!!!,2025-03-20 06:45:39+00:00,negatif
"susah banget jdi rakyat biasa, berasa di sepelein sama petinggi😭",2025-03-20 06:44:55+00:00,positif
😁,2025-03-20 06:42:48+00:00,positif
ya allah JANGAN ampuni dosa dosa pemimpin kami,2025-03-20 06:42:28+00:00,positif
🙏🏻,2025-03-20 06:41:58+00:00,positif
bagus dong. seperti korut. protes dikit hilang.🤭🤭🤭🤭,2025-03-20 06:40:45+00:00,negatif
"RUU TNI Klo jadi di sah kan, rakyat akan diam.😷.ngeritik akan hilang,nglawan pun, akan di Bwah kan 1 konpi😭",2025-03-20 06:40:08+00:00,negatif
sama aq juga ga tw apa itu ruu tni,2025-03-20 06:39:28+00:00,negatif
#TolakRUUTNI,2025-03-20 06:39:27+00:00,negatif
Apakah ada rencana kudeta🤔🤔,2025-03-20 06:39:10+00:00,netral
yg tolak RUU TNI anaknya abah semua 😂,2025-03-20 06:39:04+00:00,negatif
"sedang melihat buzzer tni dan polisi saling adu komen 😂😂😂
saya tak jadi buzzer damkar aja lah 😂😂😂",2025-03-20 06:39:00+00:00,negatif
terserah ajalah.. dari rezim Mulyono banyak kebijakan yg merugikan rakyat emang dibatalkan?? tetap mereka jalankan juga.. makanya kalau pemilu pintar dikit.. j,2025-03-20 06:38:56+00:00,negatif
trs polis yg ditembak mati TNI dia mati Sahid begitu😭😭,2025-03-20 06:38:31+00:00,negatif
Mending RUU DAMKAR🔥,2025-03-20 06:38:03+00:00,positif
"intinya klo in di sahkan, TNI akan jdi alat lgi untuk pemerintah.",2025-03-20 05:53:42+00:00,negatif
😁,2025-03-20 05:53:33+00:00,positif
😂,2025-03-20 05:53:32+00:00,positif
STOP BAYAR PAJAK BIAR TNI GAPAKE SEMPAK,2025-03-20 05:53:19+00:00,negatif
😂,2025-03-20 05:52:53+00:00,positif
mending gini biar sipil yg jadi wakil rakyat takut mau korupsi dan semena2,2025-03-20 05:52:23+00:00,negatif
stop bayar pajak ngga sihh,2025-03-20 05:51:54+00:00,negatif
Sy Angkatan orde baru🤞🏻 hening tiba” ada makam masal di deket kebon nenek🫣 pemilu pns harus nyoblos partai warna kuning🫣😁 tiba” orang tatoan pd ilang🫣😩🤣pokonya serba tiba”🫣😩,2025-03-20 05:51:18+00:00,negatif
"korupsi di orba gak separah sekarang ini,sekarang di setiap ada celah pasti di manfaatin",2025-03-20 05:51:10+00:00,negatif
@融合 nah yan,2025-03-20 05:50:33+00:00,positif
Parah si,2025-03-20 05:50:28+00:00,negatif
🤣,2025-03-20 05:50:17+00:00,positif
😞,2025-03-20 05:50:08+00:00,positif
🤲,2025-03-20 05:50:06+00:00,positif
"Tolak RUU TNI, hancur negara ini kalau dikuasai oleh TNI, udah bener fungsi pertahanan malah ikut campur urusan jabatan sipil",2025-03-20 05:49:30+00:00,negatif
"intinya demo saja nanti kalau suka2, rakyat kalau sudah bersatu selesai itu",2025-03-20 05:48:46+00:00,negatif
"bacot kali, Kami Rakyat dukung RUU TNI.",2025-03-20 05:48:36+00:00,positif
era reformasi part 2,2025-03-20 05:48:15+00:00,netral
makin jadi nih Indonesia cemas 2045,2025-03-20 05:47:37+00:00,negatif
"RUU TNI PENGALIHAN ISU YG DEMO MAHASEWA DAN KELUARGA BESAR POLRI SENDIRI MENYAMAR DALANGNYA PDI-P, JANGAN LUPA ""RUU POLRI BENTAR LAGI KETOK PALU POLRI SUPERPOWER MASYARAKAT MENJERIT"" 🔥🔥🔥",2025-03-20 05:47:30+00:00,positif
bang sebutin isi RUU nya lahhh,2025-03-20 05:46:27+00:00,negatif
Wkwkw suara rakyat tapi gak didengerr,2025-03-20 05:46:01+00:00,netral
"bang coba bahas RUU polri, dan bandingkan RUU polri dan RUU TNI, mana yang lebih kena ke masyarakat",2025-03-20 05:45:56+00:00,positif
😂,2025-03-20 05:45:41+00:00,positif
Kalo misalkan hal yg disebutkan bakalan terjadi . Apakah rakyat bakal diem aja ? . Oh tentu tidak . Ya mungkin yg ada 98 part 2 kejadian lagi 😅,2025-03-20 05:44:05+00:00,negatif
2030 Indonesia bubar ingat itu2 kata prabowo tahun 2019 loh,2025-03-20 05:42:25+00:00,negatif
wkwkw banteng banteng,2025-03-20 05:41:47+00:00,positif
Rasanya pengen pindah negara aja 😭😭😭,2025-03-20 05:41:41+00:00,negatif
sebenarnya pemimpin negara ini siapa sih? DPR/presiden 🥺,2025-03-20 05:41:34+00:00,positif
syukur makin gelap 🇮🇩😎…,2025-03-20 05:40:45+00:00,negatif
🤣🤣🤣 POLITIK DI KONONHA SUSAH. BELAJAR DARI AMERIKA. PARTAI POLITIK SEDIKIT. DI NEGARA IDN BUAAANNYAKKKK🤣🤣🤣.,2025-03-20 04:53:50+00:00,negatif
"ruu tni secara terbuka,selama ini parcok bahas ruu tidak pernah muncul ,tiba2 jadi uu",2025-03-20 04:53:17+00:00,negatif
tolak RUU tni,2025-03-20 04:53:05+00:00,positif
biar aja masyarakat ngerasain dulu kayak apa rasanya klo TNI berkuasa😂..,2025-03-20 04:52:18+00:00,negatif
emang gitu banteng merah dasar nenek nenek penggembala banteng gaib,2025-03-20 04:52:06+00:00,negatif
sah😢😢,2025-03-20 04:51:52+00:00,positif
kalau yg nolak orang2nya itu aja sudah di pastikan ruu revisi tni itu udah bener .,2025-03-20 04:51:44+00:00,negatif
💪,2025-03-20 04:51:39+00:00,positif
😁,2025-03-20 04:50:02+00:00,positif
dukung RUU TNI,2025-03-20 04:49:52+00:00,positif
bubrah aja sekalian negaranya geger geden😹,2025-03-20 04:49:37+00:00,negatif
"knp ruu TNI dikebut oleh DPR karena jika mereka korupsi & masyarakat demo maka masyarakat akan dihadapkan dgn TNI & Polri, dan media² akan hening karena ada ancaman² yg memaksa media utk diam",2025-03-20 04:48:41+00:00,negatif
RUU goblok,2025-03-20 04:48:25+00:00,positif
"LEBIH BAIK ORDE BARU
DARIPADA ORDE JKWI
LEBIH HOROR",2025-03-20 04:47:50+00:00,netral
Pada belajar sejarah gak sih? seberapa ngerinya masa orba??? Aparat aha ditem*** apalagi kita yg cmn sipil,2025-03-20 04:47:49+00:00,negatif
dukung revisi,2025-03-20 04:46:57+00:00,netral
korupsi orde baru kalah jauh dengan korupsi jaman megalodon yg si paling sipil,2025-03-20 04:46:17+00:00,negatif
😂,2025-03-20 04:45:18+00:00,positif
@Mat @AditJir,2025-03-20 04:43:38+00:00,negatif
Negara semakin ketauwan cara mainnya kotor sekali,2025-03-20 04:43:08+00:00,negatif
udah ketahuan yg diatas pd takuut x😁,2025-03-20 04:42:59+00:00,negatif
udah jadi uu bang,2025-03-20 04:42:52+00:00,negatif
ancor ancor,2025-03-20 04:42:08+00:00,netral
🥰,2025-03-20 04:41:25+00:00,positif
ngeri bgt tinggal disini,2025-03-20 04:41:18+00:00,positif
#TolakRUUTNI,2025-03-20 04:40:44+00:00,negatif
TNI MARUK,2025-03-20 04:40:03+00:00,netral
jadi tau kenapa pengen cepat disahkan hehe,2025-03-20 04:39:17+00:00,negatif
😏😏😏,2025-03-20 04:38:39+00:00,positif
RUU TNI kalian pada ribut semua...takut gak bisa bergerak kah....sedangkan RUU sebelah disahkan kalian diem saja....,2025-03-20 04:38:35+00:00,negatif
Orang ini kayak nya pro banteng 🤣,2025-03-20 02:33:49+00:00,positif
gada yang bener nih negara udah paling bener pindah negara,2025-03-20 02:33:22+00:00,negatif
Oh pantes bapak paling susah ngomong A ya harus A 🙃,2025-03-20 02:33:14+00:00,negatif
"intinya halal ya yg korupsi itu bagi mereka,Krn klo ada yg bicara bakal hilang",2025-03-20 02:33:03+00:00,negatif
ancurrr negara ini,2025-03-20 02:31:28+00:00,positif
#TOLAKRUUTNI,2025-03-20 02:30:42+00:00,negatif
🙏🙏🙏🙏,2025-03-20 02:30:19+00:00,positif
astagfirullah,2025-03-20 02:30:11+00:00,positif
"APARAT HUKUM NEGARA MENJADI ALAT POLITIK,,, TIDAK ADA OPOSISI, TIDAK ADA DEMO,,, SEMUANYA HARUS SUKA DGN KEBIJAKAN PEMERINTAH",2025-03-20 02:29:19+00:00,positif
astagaa udh tau aparat gak ada yg beres malah di buat hahahha maklum laa presidennya mantan 😂,2025-03-20 02:28:34+00:00,negatif
ternyata jokowi lebih mending,2025-03-20 02:27:34+00:00,netral
"gapeduli gua ama ruu tni, bapak gua tni ga dapet thr cokk 🤣🤣🤣",2025-03-20 02:26:22+00:00,negatif
"apalagi bin sama sandi negara harusnya gak ada instansi lain bisa masuk, karna yang emang harus independen, ini malah melebar ke kejaksaan sama mahkamah agung",2025-03-20 02:26:12+00:00,negatif
setuju dengan RUU TNI👍,2025-03-20 02:25:29+00:00,positif
"harusnya bahas RUU TNI sih,bukan malah bahas orde baru...kalaupun iya alasannya apa sampai RUU TNI ini dibilangnya orde..masyarakat harus lebih bijak",2025-03-20 02:25:27+00:00,negatif
mau ke jepang aja gapapa sama obake,2025-03-20 02:25:07+00:00,negatif
TOLAK RUU TNI,2025-03-20 02:23:58+00:00,positif
TERSERAH KALIAN PARA PENGUASA MAU BERBUAT APA. YG JELASSS KITA SEMUA PASTI AKAN MATI !!! AKAANN MATIII !!,2025-03-20 02:23:52+00:00,negatif
Cikal Bakal Kudeta Militer,2025-03-20 02:23:38+00:00,positif
benar benar ngeri bung,2025-03-20 02:23:28+00:00,positif
58% bertanggung jawab penuh,2025-03-20 02:22:57+00:00,positif
beda apk beda otak isi komentar ny😂.,2025-03-20 02:22:01+00:00,netral
usir banteng negara aman,2025-03-20 02:21:04+00:00,positif
banteng tu buang aja dari negara ini,2025-03-20 02:20:55+00:00,negatif
😭😭😭,2025-03-20 02:20:25+00:00,positif
yang memimpin rapat itu DPR saya ulangi sekali lagi DPR lalu kenapa SDM+62 menyudutkan TNI?,2025-03-20 02:20:00+00:00,negatif
sepertinya rakyat harus membentuk pasukan revolusi buat jaga jaga perlawanan,2025-03-20 02:19:11+00:00,positif
reformasi gagal,2025-03-20 02:17:51+00:00,negatif
"padahal RUU POLRI lebih seram tp ga ribut...
ada apa?
siapa yg menggerakkan penolakan RUU TNI?
klo RUU POLRI disahkan,kita sebagai masyarakat bernafas ja pasti salah.😅",2025-03-20 02:17:20+00:00,negatif
Gas aja lah,2025-03-20 02:15:03+00:00,negatif
"au ah cape sama negara Indonesia ini mending ""kaburajadulu""",2025-03-20 00:23:09+00:00,negatif
"efek gak ada perang kerjaan pun tak ada cemburuan pengen tugas sipil., tentara ya tentara pertahanan negara., toh kalo mau tugas sipil jadi pns aja le., prajurit kok pengen tugas sipil mundur le pensi",2025-03-20 00:22:54+00:00,negatif
RUU TNI itu cara pemerintah mengendalikan & memanfaatkan TNI untuk melawan rakyat,2025-03-20 00:22:11+00:00,positif
bener2 mau menggulingkan presidennn para kau anggota dpr😅,2025-03-20 00:21:22+00:00,negatif
KLO memang itu sampe terjadi gmna nasib rakyat selanjutnya?,2025-03-20 00:17:34+00:00,negatif
semoga balik ke orde baru 😏,2025-03-20 00:17:10+00:00,negatif
negara demokrasi? negara kon...,2025-03-20 00:16:58+00:00,negatif
begara demokrasi? negara kon...,2025-03-20 00:16:45+00:00,negatif
😂,2025-03-20 00:16:32+00:00,positif
"bkn korupsi ga ketahuan, semua udh tau tapi yg angkat suara lgsg hilang",2025-03-20 00:14:41+00:00,negatif
58% setuju🤣🤣,2025-03-20 00:13:48+00:00,negatif
mahasiswa ngga ada niatan demo nih??😭😭 apa emang belum separah itu yah kok pada diem2 ajee?? ini udh tangggal 20,2025-03-20 00:13:05+00:00,negatif
😁,2025-03-20 00:12:18+00:00,positif
baguslah jadi aman kaya dulu,2025-03-20 00:08:40+00:00,netral
TOLAK RUU TNI 🖐️🖐️🖐️,2025-03-20 00:08:20+00:00,positif
😭,2025-03-20 00:08:09+00:00,positif
"DPR lah sarang koruptor. untuk apa gunanya TNI gini,jadi kejagung mau dilemahkan. pak presiden jangan sampe tragedi Trisakti 98 jilit2 terjadi di dpr",2025-03-20 00:07:34+00:00,negatif
Km cerita apa bahas RUU TNI? Beda judul beda berita 😅,2025-03-20 00:06:31+00:00,negatif
Bravo TNI🥰👍,2025-03-20 00:06:26+00:00,positif
seru nih banyak buzer buzer wkwk tenang kalian semua nanti pahlawan akan datang membatalkan ruu ini 🤣,2025-03-20 00:04:32+00:00,negatif
#Tolak RUU TNI,2025-03-20 00:04:01+00:00,positif
siapa sih yang mengusulkan Ni RUU TNI?,2025-03-20 00:03:21+00:00,negatif
yg dukung pasti mahasewa pengangguran tingkat atas 😹,2025-03-20 00:00:45+00:00,positif
negara paling bodoh dalam mengatasi masalah,2025-03-20 00:00:27+00:00,positif
😂,2025-03-19 23:58:53+00:00,positif
Dahlah.. pindah negara aja,2025-03-19 23:56:03+00:00,negatif
🥰,2025-03-19 23:55:41+00:00,positif
pindah negara harus mulai dri mna sih?? aku capeeee😫😫😫,2025-03-19 23:54:20+00:00,negatif
"bg coba liat wawancara beberapa masyarakat myanmar, mereka pake dwifungsi juga kok. hasilnya gmana!? mencekam!",2025-03-19 23:52:05+00:00,negatif
yang meromantisasi era orde baru itu dulu keluarganya ber-privilege.,2025-03-19 23:48:00+00:00,positif
DPR = hama😁,2025-03-19 18:33:06+00:00,positif
indobelanda dateng kembali😅😅,2025-03-19 18:32:32+00:00,positif
makaann tuh presiden🤣,2025-03-19 18:27:21+00:00,negatif
"guling kan prabowo br selesai benang kusut br"" ini",2025-03-19 18:25:41+00:00,negatif
tolak,2025-03-19 18:23:38+00:00,netral
🗿,2025-03-19 18:20:06+00:00,positif
mending disahkan saja dari pada baju coklat,2025-03-19 18:17:25+00:00,negatif
😁,2025-03-19 18:05:04+00:00,positif
"wajarlah, presiden nya juga menantunya orang yg beperan di orba, dan dia juga bagian dari dari Orba",2025-03-19 18:03:09+00:00,negatif
jadi ini yang inisiatif buat ngesahin dpr? atau ada yang mengusulkan?,2025-03-19 17:59:20+00:00,negatif
emang setelah orde baru ga ada yg korupsi,2025-03-19 17:57:32+00:00,negatif
RUU TNI jalan terus....,2025-03-19 17:53:51+00:00,positif
makin berjaya pada koruptor,2025-03-19 17:49:37+00:00,positif
klo ruu tni disahkan brrti 11 12 ama polisi.. raja korup,2025-03-19 17:48:07+00:00,negatif
"Saya sudah merasakan hidup susah di zaman orba.
😈😠😬😤",2025-03-19 17:46:38+00:00,positif
Ak Dukung RUU TNI,2025-03-19 17:41:13+00:00,positif
"aku kalo kaya raya, pngn pindah sbnrnya ke luar negri.",2025-03-19 17:41:04+00:00,negatif
dpr ni jan kerja nya gimana,2025-03-19 17:38:48+00:00,positif
orba itu baik2 aja...yg nggk suka adlh pe ka ii,2025-03-19 17:36:46+00:00,netral
berarti ada kemungkinan DPR itu sudah di intimidasi gk sih,2025-03-19 17:36:02+00:00,negatif
gunanya demokrasi???,2025-03-19 17:34:20+00:00,negatif
"tolak UU revisi
jangan lupa sejarah",2025-03-19 17:31:33+00:00,positif
Kenapa aku lahir di indonesia,2025-03-19 17:29:33+00:00,negatif
Negara aneh,2025-03-19 17:27:22+00:00,negatif
Terus rakyat Indonesia maunya apa 😂,2025-03-19 17:25:46+00:00,positif
ngga mukin tni arogan rakyat udah paham,2025-03-19 17:25:26+00:00,negatif
Dpr memang bangs,2025-03-19 17:24:45+00:00,negatif
tolak,2025-03-19 17:19:43+00:00,netral
 [photo],2025-03-19 17:17:20+00:00,positif
dah lah bang cape dah bosen liat negara gitu terus,2025-03-19 17:16:31+00:00,negatif
🤣,2025-03-19 12:21:31+00:00,positif
bang Neneng rosdyana bang,2025-03-19 12:21:09+00:00,netral
🔥,2025-03-19 12:20:49+00:00,positif
tolak😇,2025-03-19 12:20:34+00:00,positif
"itu yg nolak ruu tni, kenapa? takut gabisa berbuat kriminal kah? 😁😈",2025-03-19 12:19:49+00:00,negatif
"ORDE BARU HARUS ,biar tikus2 preman lansung koit",2025-03-19 12:18:07+00:00,positif
🗿,2025-03-19 12:15:07+00:00,positif
jin saja tdk percaya dgn manusia biasa,2025-03-19 12:10:31+00:00,negatif
dpr mah emng maunya itu🤭 dia pengen aman korupsi makanya mau cepet cepet di sah kan idihhhh alah,2025-03-19 12:09:46+00:00,negatif
buzzer 100 M sudah bekerja,2025-03-19 12:01:06+00:00,positif
makan tuh 02,2025-03-19 12:00:43+00:00,netral
#tolakruutni,2025-03-19 12:00:41+00:00,negatif
bang bahas IHSG yang turun 5%,2025-03-19 11:59:08+00:00,negatif
"bang publik figur nya kok cuma 3 orang, katanya banyak? sama media nya cuma tempo dan bijak membaca, padahal kan banyak ?",2025-03-19 11:56:19+00:00,negatif
"serem banget prabowo, daftar kerja di Badan Gizi aja pendidikan militer 2 bulan 😁",2025-03-19 11:55:12+00:00,netral
😁,2025-03-19 11:49:45+00:00,positif
"MAHASEWA mana MAHASEWA, giliran ke gini ko ga ada yg demo? ga ada yg bayar? katanya mewakili rakyat, rakyat yg mana? woyy anjing",2025-03-19 11:47:37+00:00,negatif
MAJU TERUS TNI,2025-03-19 11:46:42+00:00,positif
"ntar jugabklian rasakan akibatnya.
Tolak itu UU",2025-03-19 11:44:21+00:00,negatif
1 kata lawan kalo tidak sesuai dengan dasar negara kita🙏,2025-03-19 11:42:50+00:00,negatif
😁,2025-03-19 11:42:25+00:00,positif
"PASRAHKAN SMA PAK PROBOWO ""
pak prabowo kerja demi rakyat.
pak probowo bekerja untuk rakyat miskin """,2025-03-19 11:42:06+00:00,positif
🙏,2025-03-19 11:41:02+00:00,positif
"kalo mo lihat baik enggaknya, lihatlah gerombolan mana yg menolaknya",2025-03-19 11:39:56+00:00,negatif
kami masyarakat menolak ruu tni,2025-03-19 11:37:05+00:00,negatif
"TNI skrng ngeri, bnyak kasus2 bru anggota tni terbaru di lampung",2025-03-19 11:33:41+00:00,negatif
"BUKAN HEBOH,,,MEREKA TAKUT KARENA BANYAK SALAH",2025-03-19 11:32:43+00:00,negatif
😂,2025-03-19 11:27:06+00:00,positif
ngerii bgtt,2025-03-19 11:26:50+00:00,netral
#TolakRevisiUUTNI,2025-03-19 11:23:22+00:00,negatif
RUU TNI Sama perampasan aset koruptor penting mana? Perampasan aset koruptor kok sepi,2025-03-19 05:51:40+00:00,negatif
"kalo presidennya bersih maka cocok dwifungi masalahnya,bersih kagak? jgn² ud dapat item yg OP nanti sAlahgunakan ya ga?
MNURUT Sy emang cocoknya otoriter sdm dimari bisa diarahkan dari sdm rendah, criminal,jiwa ngemis,malas,jadi orang standar wamil.tapi balik lagi bos komandonya cakap ga? kalo be es mAh ya makin buruk ini di ZIP abis rakyatnya,skrg demokrasi AJ udh diabaikan aspirasi rakyat,malah rakyat didoktrin pembodohan lewat sosmed,media hoak,gaya idup ,agama dll.",2025-03-19 05:49:14+00:00,negatif
🙏🏻🙏🏻🙏🏻,2025-03-19 05:48:08+00:00,positif
Di protes awas hilang,2025-03-19 05:47:13+00:00,negatif
revisi RUU TNI apa supaya tidak sampai disahkan RUU Perampasan Aset,2025-03-19 05:46:13+00:00,negatif
RUU dikebut emang prestasinya apa aja sich ciyus neanyak dmin...🤔,2025-03-19 05:45:36+00:00,negatif
hidup tni okk..DPR sama polisi d bubar kan ok,2025-03-19 05:45:27+00:00,netral
bener bangettttt,2025-03-19 05:45:06+00:00,negatif
#TOLAKRUUTNI,2025-03-19 05:43:37+00:00,negatif
😅😅😅,2025-03-19 05:40:53+00:00,positif
namanya juga manusia pada kepo sok tau,2025-03-19 05:31:05+00:00,negatif
Ruu TNI belum sah aja. arogannya minta ampun. kami rakyat menderit,2025-03-19 05:30:28+00:00,negatif
tolak RUU TNI..,2025-03-19 05:29:45+00:00,positif
Indonesian negara kaya tapi di buat miskin sama penjabat,2025-03-19 05:28:28+00:00,negatif
#kaburajadulu memang udah benar kabur aj. negara ini makin sakit,2025-03-19 05:28:18+00:00,negatif
"klo disahkan, yang patut disalahkan DPR gasih?🗿",2025-03-19 05:28:05+00:00,negatif
lu juga harus bahas ruu polri bang jangan menggiring opini gak jelas..,2025-03-19 05:27:06+00:00,negatif
Betulll..... betulll... betullll bang pinter bgt abng ini sepuluh jempolllll,2025-03-19 05:26:53+00:00,negatif
diliat aja tingkat kepercayaan masyarakat gak usah di debat kalo rakyat lebih bnyak percaya sama TNI ya sudah.,2025-03-19 05:26:34+00:00,negatif
"Hidup di masa Orde Baru (1966–1998) di bawah pemerintahan Presiden Soeharto punya dua sisi — di satu sisi ada stabilitas ekonomi dan pembangunan, tapi di sisi lain juga ada pengekangan kebebasan dan dominasi militer.
Berikut gambaran kehidupan masyarakat saat itu:
---
1. Militer Sangat Dominan (Dwifungsi ABRI)
TNI (dulu ABRI) berperan ganda: sebagai alat pertahanan sekaligus mengisi jabatan-jabatan sipil (gubernur, bupati, anggota DPR, dll).
Kehidupan sipil sangat dipengaruhi militer, termasuk dalam politik, kampus, bahkan media.
2. Kebebasan Berpendapat Terbatas
Kritik terhadap pemerintah dibatasi. Media massa diawasi ketat oleh pemerintah (lewat SIUPP).
Aktivis, jurnalis, mahasiswa atau dosen yang kritis bisa ditangkap, diintimidasi, bahkan hilang.
Demonstrasi dianggap subversif, bisa langsung dibubarkan atau dikriminalisasi.
3. Politik Sangat Terkontrol
Hanya ada tiga partai resmi: Golkar (partai pemerintah), PPP dan PDI.
Pemilu hanya formalitas — Golkar selalu menang besar.
Pemerintah menggunakan aparatur negara (PNS, TNI/Polri, dan birokrasi) untuk mendukung Golkar.
4. KKN Menggurita (Korupsi, Kolusi, Nepotisme)
Kekuasaan terpusat pada keluarga dan kroni Soeharto.
Bisnis besar dimonopoli oleh keluarga Cendana dan pengusaha dekat pemerintah.
5. Pembangunan dan Stabilitas Ekonomi
Pembangunan infrastruktur dan pertumbuhan ekonomi memang meningkat, terutama di era 80-90an.
Ada program transmigrasi, swasembada pangan, dan pelita (pembangunan lima tahun).
Tapi pembangunan sering tidak merata, dan rakyat kecil sering tergusur.
6. Takut dan Diam adalah Budaya
Masyarakat hidup dalam budaya takut, enggan bicara politik di tempat umum.
Banyak yang memilih “diam saja” karena takut dianggap subversif atau anti-pemerintah.",2025-03-19 05:26:27+00:00,positif
halu mulu,2025-03-19 05:26:21+00:00,netral
tolak UU TNI ini,2025-03-19 05:26:05+00:00,positif
gpp bang asal free maksi dan bansos jalan terosss 😂,2025-03-19 05:23:15+00:00,negatif
kalian mau kyak dlu apa.. ngomong dikit hilang😒,2025-03-19 05:21:39+00:00,negatif
"Komen buzzer 100M Update 19-03-2025:
1. Jangan macam2 sama TNI.
2. Tidak ada asap kalo tdk ada api.
3. TNI bersama rakyat.
4. Bravo TNI
5. Dukung RUU TNI
6. Apa Ruginya Sabung ayam bu",2025-03-19 05:15:13+00:00,negatif
Langkah pertama bubarkan DPR,2025-03-19 05:13:48+00:00,negatif
😳,2025-03-19 05:09:50+00:00,positif
"orba mah apa2 murah, lah ini udh di bungkam apa mahal kerjaan buat rakyat ga ada 😥 kalo jadi mah lebih parah dr orba",2025-03-19 05:02:53+00:00,negatif
jadi inget kasus wartawan hilang krna memberitakan korupsi bupati jogja... bupati itu seorang TNI.... wartawanny di bkin seolah di bunuh orang lain yg cemburu istrinya selingkuh sama ini wartawan... pdhal tidak... ada org yg gak bersalah yg di jadikan tersangka pembunuhan... gini lah jadinya klo tentara jadi pemimpin.. seenaknya,2025-03-19 04:53:19+00:00,negatif
"ayo gaes tolak RUU TNI jangan mau di bodohi, jangan mau ada ideologi tanpa kita berfikir dan kritisi",2025-03-19 04:52:46+00:00,negatif
Tolak RUU TNI,2025-03-19 00:19:52+00:00,positif
dwifungsi ABRI part 2,2025-03-19 00:19:52+00:00,netral
pindah negara aja ah 😂,2025-03-19 00:11:54+00:00,negatif
Makin mundur aja negara ini. Herann.,2025-03-19 00:09:37+00:00,negatif
taulah ya kenapa rapat diam²,2025-03-19 00:03:11+00:00,negatif
terima ruu tni,2025-03-19 00:00:41+00:00,positif
RUUTNI buat nutupin kasus Pertamina,2025-03-19 00:00:35+00:00,negatif
takut Indonesia kayak film taxi Drivers,2025-03-19 00:00:33+00:00,negatif
indonesia sibuk bgt yaa😭🙏,2025-03-18 23:57:32+00:00,negatif
"ngerasa ga sih skr jga, sbnernya di pegang sama s coklat ?
apa cuma perasaan aku aja ?
aku sih mnding TNI",2025-03-18 23:57:01+00:00,negatif
"karna yang korup cuma mereka,jadi uu mereka buat harus diam2",2025-03-18 23:56:23+00:00,negatif
makin tidak jelas njir,2025-03-18 23:55:49+00:00,negatif
gulingkan PDI di DPR,2025-03-18 23:55:33+00:00,netral
yang nolak itu pengikut pki🤪,2025-03-18 23:55:30+00:00,positif
"bg bju koko lu bgus,",2025-03-18 23:55:25+00:00,negatif
setidaknya orde baru kalau hidup kamu baik dan.lurus aman2 aja... yg khawatir ya para koruptor dan bensin murah,2025-03-18 23:53:31+00:00,negatif
"kapan si ada hari yg gak hah hah hah
dari awal jabat masyarakat gak dibuat tenang",2025-03-18 23:49:16+00:00,netral
😅,2025-03-18 23:49:01+00:00,positif
enak lah buat korupsi,2025-03-18 23:48:56+00:00,negatif
Buat memilih bapak di periode selanjutnya dengan lancar,2025-03-18 23:48:36+00:00,positif
parahh negara isinya pemerintah dzolim semua,2025-03-18 23:47:48+00:00,negatif
tdk masalah RUU TNI.. selama ini TNI menjadi institusi yg paling di percaya masyarakat dari pada Institusi sebelah yg selalu jelek di mata masyarakat,2025-03-18 23:47:38+00:00,negatif
@Ian's GF🌻 @aries🐏 nah kan gue udah bilang orde baru are back 🤣 alasan gue ga pernah milih prabowo ya itu wkwk,2025-03-18 23:46:20+00:00,negatif
"lu lihat nanti pastii bakal bnyk demo besar2an 98 bakal terulang abis lebaran,,makin kacau si nih negara arah nya",2025-03-18 23:44:59+00:00,negatif
orde paling baru ini mah,2025-03-18 23:42:51+00:00,positif
yang minta ruu tni siapa?,2025-03-18 23:42:05+00:00,negatif
"🇲🇨🇲🇨KAMI MASYARAKAT MENOLAK🇲🇨🇲🇨UU TNI. KAMI MASI TROMA.. PENCULIKAN, INTIMIDASI & PEMBUNGKAMAN AKAN TERULANG LAGI🙏🙏🇲🇨🇲🇨",2025-03-18 23:41:10+00:00,negatif
BG bahas ladang ganjo,2025-03-18 23:39:36+00:00,netral
saatnya gen z menggulingkan pemerintah!,2025-03-18 23:39:22+00:00,negatif
Kerja tni apaan? Ya cuma kurve sampe tua lah makanya pengen jabatan sipil😂,2025-03-18 23:39:03+00:00,netral
"wkwkwk bahas revisi ruu tni gercep,tapi giliran mengesahkan ruu perampasan aset gak mau😂",2025-03-18 21:31:51+00:00,netral
bagian RUU perampasan aset artis gak pda ikut komen..,2025-03-18 21:29:13+00:00,positif
@DPR RI malah iclik di hotel mewah🗿,2025-03-18 21:27:21+00:00,negatif
Dpr lagi dpr lagi,2025-03-18 21:26:55+00:00,netral
😁,2025-03-18 21:26:49+00:00,positif
😂,2025-03-18 21:26:47+00:00,positif
dapt thar amin,2025-03-18 21:25:56+00:00,netral
dulu yg korubsi hanya segelintir orang kalou sekarang dari kelas RT Sampek atas,2025-03-18 21:24:50+00:00,negatif
"bubarin ajeh ga sih dpr , ganti sama yang lebih muda dan fresh",2025-03-18 21:24:07+00:00,positif
gpp lebih menyenangkan begini kok,2025-03-18 21:19:25+00:00,netral
palingan juga Petrus aktif lagi,2025-03-18 21:19:07+00:00,positif
buzzer tni = hama,2025-03-18 21:16:28+00:00,netral
bisa ada Petrus lagi,2025-03-18 21:15:57+00:00,netral
😂😂😂,2025-03-18 21:14:52+00:00,positif
mana kang oke gas,2025-03-18 21:14:16+00:00,netral
apakah karna pengancaman pak Prabowo tentang petinggi migas untuk melangsingkan pak Prabowo jika berani ngusik?,2025-03-18 21:11:40+00:00,netral
gpp. muak negara Konoha ini,2025-03-18 21:08:59+00:00,positif
RUU TNI itu karpet merah menuju era orde baru/otoritarianisme.Mending cegah sejak dini daripada ada korban.,2025-03-18 21:07:57+00:00,positif
kenapa kok ga nge resmi in uu perampasan aset? karena di DPR/di banteng masih ada yang korup cuma belum ketahuan. suatu saat bakalan ketahuan 🥰,2025-03-18 21:06:18+00:00,negatif
Respect Wookkk,2025-03-18 21:05:45+00:00,positif
mending pindah negara,2025-03-18 21:03:20+00:00,negatif
sy udah muakk anjingg dg semua inii mending gua pindah ke monaco bjirr,2025-03-18 21:01:15+00:00,negatif
😏😏😏,2025-03-18 21:00:49+00:00,positif
ini 11 12 kea darurat militer korsel sebelumnya gasih??,2025-03-18 21:00:47+00:00,negatif
petrus👍,2025-03-18 20:58:17+00:00,positif
bang Spil baju kokonha,2025-03-18 20:56:15+00:00,negatif
"klo mencekam knp rata"" org tua jmn itu , klo ditanyain enakn jaman presiden siapa? rata"" bilng era Soeharto dah 🙃",2025-03-18 20:53:53+00:00,negatif
makin kesini makin gajelas aja ini negara🗿,2025-03-18 20:53:34+00:00,negatif
harun masiku,2025-03-18 20:52:05+00:00,netral
negara makin rusak,2025-03-18 20:48:58+00:00,negatif
😁😁😁,2025-03-18 17:08:33+00:00,positif
😂,2025-03-18 17:08:04+00:00,positif
haha dwifungsi abri is back kah😹,2025-03-18 17:06:54+00:00,negatif
"kebanyakan rapat doang anj, pemerintah apa ini coba",2025-03-18 17:06:25+00:00,netral
"bener kata mama gua, klo prabowo jadi presiden pelan pelan bakal ngadain orde baru. pelan pelan mewariskan kelakuan suharto, ternyata ini maksud mama gua.",2025-03-18 17:06:17+00:00,negatif
fedi nuril ktnya mau kluar indo klo prabowo jadi,2025-03-18 17:05:46+00:00,negatif
ndasmu,2025-03-18 17:04:30+00:00,negatif
"Ada yg blg bakal mirip korut, jauh bedalah disini mah sayang pejabat, pemerintahnya sibuk framing, sok”nangkap tikus tapi buat jalan tikus baru oo*",2025-03-18 17:03:41+00:00,negatif
langsung banyak buzzeerrrrrrrr,2025-03-18 17:02:23+00:00,positif
mudah dipahami seharusnya. tapi tidak bagi ternak mulyono 😹,2025-03-18 17:01:42+00:00,netral
😹,2025-03-18 17:00:39+00:00,positif
🐔🐔🐔🐔🐔🐔,2025-03-18 17:00:25+00:00,positif
Pemerintahan Prabowo makin gak genah!!!,2025-03-18 16:58:33+00:00,negatif
dijajah sama bangsa sndiri,2025-03-18 16:57:58+00:00,positif
"kemaren beking ayam, besok beking lebih elegan dikit 😂",2025-03-18 16:56:25+00:00,netral
negara anj,2025-03-18 16:56:24+00:00,positif
capek bgt jd rakyat 😭,2025-03-18 16:55:59+00:00,positif
🔥🔥🔥,2025-03-18 16:52:50+00:00,positif
"betul, TDK ikut poskamling aza, masa orba,,,direndam,,",2025-03-18 16:52:36+00:00,netral
"inget yh orde Baru itu ngga banyak yg korupsi yg korupsi cuman kalangan atasnya, jadi kerugiannya ngga terlalu banyak dan waktu orba jg rupiah menguat dan angka kriminal yg sedikit",2025-03-18 16:52:28+00:00,negatif
lu bayangin punya atasan TNI yang ga paham substansi pekerjaan ? wkwkkw kocakk,2025-03-18 16:52:14+00:00,negatif
waspada di culik sm yg lu coblos kemrn 2024 wkwkwk,2025-03-18 16:51:31+00:00,negatif
laut bercerita 😭,2025-03-18 16:50:46+00:00,negatif
terus rakyat berlindung kepada siapa ?,2025-03-18 16:49:30+00:00,negatif
🤪,2025-03-18 16:47:58+00:00,positif
ingatlah abang2 ini salah satu orang yang pendukung capres ono. Bisa liat kan data yang dia tampilkan itu komentar dari orang yang tidak suka sama pasangan Prabowo Gibran.,2025-03-18 16:47:26+00:00,negatif
berarti masuk TNI bakal dipermudah ya,2025-03-18 16:47:06+00:00,positif
terimakasih info nya pak Vincent 🥰,2025-03-18 16:47:01+00:00,positif
ALHAMDULILLAH RUU TNI DI SAH KAN,2025-03-18 16:43:33+00:00,negatif
Coba dulu aja,2025-03-18 16:42:16+00:00,netral
#DPR=SampahMasyarakat,2025-03-18 14:58:22+00:00,netral
LAWAN🔥,2025-03-18 14:58:18+00:00,positif
contohnya Myanmar,2025-03-18 14:57:59+00:00,netral
oke gass oke gass🤣🤣,2025-03-18 14:57:51+00:00,netral
bang bahas yang lgi panas sekarang bang UUD perampasan motor yang mti pajak 2 tahun,2025-03-18 14:57:49+00:00,negatif
semua gara2 mulyono,2025-03-18 14:57:33+00:00,positif
negara udah mulai hancur.,2025-03-18 14:56:52+00:00,negatif
RUU SATPAM AJA BANG😂,2025-03-18 14:55:55+00:00,positif
orde baru dolar hanya 3rb..laksanakan RUU Tni,2025-03-18 14:55:16+00:00,negatif
myanmar versi negara muslim otw,2025-03-18 14:55:04+00:00,negatif
"bagus,biar rakyat gak banyak protes",2025-03-18 14:54:38+00:00,negatif
tolak revisi uu tni,2025-03-18 14:54:36+00:00,positif
Kalau sempat pemerintahan melenceng AKATSUKI akan kami bentuk🔥,2025-03-18 14:54:31+00:00,negatif
🤣,2025-03-18 14:53:56+00:00,positif
bang bahas tentang yang drone banb,2025-03-18 14:52:41+00:00,negatif
"pengen hidup damai gada korupsi, penjahat langsung ditangkep, rakyat sejahtera aja susah bener🗿",2025-03-18 14:51:38+00:00,negatif
😁😁😁,2025-03-18 14:51:23+00:00,positif
bagus itu...👍,2025-03-18 14:49:30+00:00,negatif
@tresno_alam gmn ni pak bos,2025-03-18 14:49:26+00:00,negatif
bang spil bju koko nya,2025-03-18 14:48:55+00:00,positif
Menarik,2025-03-18 14:48:46+00:00,positif
😂,2025-03-18 14:47:55+00:00,positif
yang harus diganti bukan presidennya. tapu ketua DPR nya.,2025-03-18 14:46:59+00:00,negatif
udah kubilang teman bodoh lebih berbahaya dari musuh yg kuat.apalagi jadi pemimpin,2025-03-18 14:45:09+00:00,netral
teriak teriak waspada bangkitnya pki . yang muncul malah orba !!!,2025-03-18 14:44:25+00:00,negatif
kawal RUU TNI 🔥,2025-03-18 14:42:33+00:00,positif
busuk x dan pmerintah nkri konoha,2025-03-18 14:41:37+00:00,positif
"HIDUP TNI, JAYALAH TNI KU",2025-03-18 14:40:43+00:00,positif
apakah nanti bakal terjadi lagi orba season 2??,2025-03-18 14:39:18+00:00,negatif
oke gas oke gas,2025-03-18 14:38:21+00:00,netral
"berarti berubah jadi negara komunis dong? negara anti kritik kayak korut.
berarti masyarakat gak bisa melakukan apa-apa(termasuk ngasih kritik) terhadap atasan?",2025-03-18 13:13:02+00:00,negatif
"jangan kembali lagi ke masa suram, kemunduran peradaban",2025-03-18 13:12:59+00:00,positif
"@BOSHEE: TNI VS TNI
TNI VS POLRI
TNI VS FASILITAS NEGARA
TNI VS RENTAL MOBIL
TNI VS SALES MOBIL
TNI VS WARTAWAN
TNI VS RAKYAT
TNI BAKING SABUNG AYAM",2025-03-18 13:12:44+00:00,negatif
"Dukung RUU TNI, krena DPR pejbt lainnya dan polisi konoha sudh gk dpt dipercya",2025-03-18 13:10:28+00:00,negatif
inilah pilihan kita yg masih membela penjahat HAM 😂,2025-03-18 13:10:24+00:00,positif
hidup tni,2025-03-18 13:10:09+00:00,positif
😀😀😀,2025-03-18 13:09:49+00:00,positif
"tempo lagi tempo lagi🗿,",2025-03-18 13:09:42+00:00,positif
"setuju aja sih. tau kan kmren2 ada yg nge-anjing2-in presiden yg kurang ajarnya luar biasa. bedanya sm orde baru, era pak prabowo kan banyak kasus korupsi terungkap. anw, this is my opinion.",2025-03-18 13:09:35+00:00,negatif
"giliran revisi RUU TNI semuanya pada berkoar koar😂😂😂😂nahh giliran tentang pengesahan UUD perampasan aset ehhh sejenak pada diam🙊, bisu.... lucunyaaa org"" suka bnyk cerita🤣🤣🤣",2025-03-18 13:09:13+00:00,negatif
y semoga aja tragedi 98 gak terjadi lagi...,2025-03-18 13:09:02+00:00,negatif
jika klo mau penjelasn sebliknya dri abng ini liat di vt @mich.schndr,2025-03-18 13:08:16+00:00,negatif
bang nanti klo dah sah anda hilang lohh😯,2025-03-18 13:07:40+00:00,negatif
plus minus ya😳,2025-03-18 13:06:44+00:00,negatif
ati ati PKI part 2😁😁,2025-03-18 13:06:23+00:00,positif
berarti PETRUS auto aktif?,2025-03-18 13:06:08+00:00,negatif
tonton video ini biar klian paham https://vt.tiktok.com/ZSMTAGLp1/,2025-03-18 13:04:42+00:00,negatif
Bang ijin riposte yaa,2025-03-18 13:04:23+00:00,negatif
makin kesini byk oknum TNI berulah,2025-03-18 13:03:12+00:00,negatif
mumpung UU 1/2023 Pasal 252 masih belum berlaku masih ada kesempatan guys😭🙏,2025-03-18 13:02:24+00:00,negatif
udah mau lebaran tenang dikit ga bisa apa😔,2025-03-18 13:02:14+00:00,netral
"jadi kyk dikorsel pemerintah bisa digulingkan oleh tentara, bahaya sih kalo sampe di sah kan bisa jadi kerusuhan besar.",2025-03-18 13:02:09+00:00,negatif
"pilihan nya sekarang berarti
polisi atau tni 🗿
pusing gw dah",2025-03-18 13:02:08+00:00,negatif
dukung ruu tni 🔥🔥🔥🔥🔥,2025-03-18 13:01:50+00:00,positif
Fungsinya apa serius tanya plis no jokes,2025-03-18 13:01:34+00:00,positif
"efek jargon,,@ enak jaman ku toh..😅.",2025-03-18 13:00:44+00:00,positif
mau jadi tentara atau mau jadi pejabat sih .. Seperti pak Prabowo hanya 1 periode sja lah ...,2025-03-18 13:00:23+00:00,negatif
#kabur aja dulu,2025-03-18 12:59:44+00:00,negatif
"gak apa, yg penting kita bisa joget udah bagus banget, oke gas oke gas tambah duo torang gas",2025-03-18 12:59:13+00:00,netral
"capek banget, pindah negara aja",2025-03-18 11:49:30+00:00,negatif
makin bang$at aja nih negara 🐖,2025-03-18 11:49:29+00:00,negatif
"Kemarin banyak teriak ganti polisi,hilangkan polisi, TNI aja. sekarang gimana?😅",2025-03-18 11:49:17+00:00,negatif
"DPR sebenernya dengerin rakyat yang mana sih, kok mak jreng mereka pengennya ngebut RUU TNI 😌",2025-03-18 11:49:03+00:00,negatif
pindah negara aja lah anj,2025-03-18 11:48:56+00:00,negatif
tolak ruu tni...dukung ruu PERAMPASAN ASET!!!!!👍,2025-03-18 11:48:42+00:00,positif
😂,2025-03-18 11:48:32+00:00,positif
dpr ngadain RAPAT??? 😂😂😂😂 pengalihan isu karna DPR udh menolak di sahkan nya perampasan aset .. rakyat aja yg gampang bgt di bego2in😂😂😂😂😂,2025-03-18 11:48:02+00:00,negatif
lawak ingat ga jaman abri masyrakat cemooh karna banyak kasus diganti tni biar nama jelek hilang sekarang bikin ulah,2025-03-18 11:47:50+00:00,negatif
gua nonton disebelah tni😎😎,2025-03-18 11:46:45+00:00,negatif
Bisa jadi pedang bercula dua,2025-03-18 11:46:42+00:00,netral
"TNI
polisi
menyejahterakan pemerintah
damkar menyejahterakan rakyat",2025-03-18 11:46:33+00:00,negatif
bubarin aja DPR nya,2025-03-18 11:45:55+00:00,netral
justru jaman orde baru korupsi itu gak ada krna hnya keluarga cendana yg korupsi katanya😁,2025-03-18 11:45:53+00:00,negatif
BUZZER AKAN BERKOAR ORDE BARU🤣🤣🤣🤣BRAVO TNI,2025-03-18 11:45:42+00:00,negatif
Ada ada aja dpr,2025-03-18 11:45:23+00:00,netral
enak yang kemaren2 udah pindah negara,2025-03-18 11:45:20+00:00,negatif
"YG MENOLAK PASTI KELUARGA KORUPTOR, KELUARGA JUDOL, KELUARGA MAFIA,KELUARGA BEGAL, KELUARGA JUDOL😂😂ITU PASTIIII",2025-03-18 11:45:05+00:00,negatif
"YG MENOLAK PASTI KELUARGA KORUPTOR, KELUARGA JUDOL, KELUARGA MAFIA,KELUARGA BEGAL, KELUARGA JUDOL😂😂ITU PASTIIIIII",2025-03-18 11:44:57+00:00,negatif
baru juga di bahasa di rapat mahasiswa😁,2025-03-18 11:44:50+00:00,positif
🤣🤣🤣,2025-03-18 11:44:27+00:00,positif
Kata kata yang tepat adalah “SEKOLAH YANG BENAR BIAR TIDAK JADI TNI”,2025-03-18 11:43:07+00:00,negatif
1998,2025-03-18 11:42:55+00:00,positif
Tolakkk uutni,2025-03-18 11:42:48+00:00,netral
dukung Indonesia bubar 🔥,2025-03-18 11:42:45+00:00,negatif
"Gw hidup di Orde Baru, benar yg dikatakan bahwa org bisa tiba² hilang. Yg Bertatto aja bisa tiba² tergeletak di jalan, entah itu nembak dari arah mana.",2025-03-18 11:42:40+00:00,negatif
#tolakRUUTNI,2025-03-18 11:42:34+00:00,negatif
penyakitnya DPR bukan siih?,2025-03-18 11:42:30+00:00,negatif
@Ijall,2025-03-18 11:42:10+00:00,positif
Ok gas ga tuh☺️,2025-03-18 11:02:00+00:00,netral
"saya suka order baru dan saya support order baru
dan saya lahir di order baru biar makin tegas dan ketat",2025-03-18 11:01:51+00:00,positif
kalian sadar gak sih yang bkin kita susah itu DPR bukan presiden.. presiden itu udah mencoba yg terbaik tapi wakil rakyat kek anjr,2025-03-18 11:00:53+00:00,negatif
😁,2025-03-18 11:00:35+00:00,positif
"bersama ayam pak tani kuat 🗿🗿🗿
pak tani = hama",2025-03-18 10:59:40+00:00,positif
knp gk damkar,2025-03-18 10:59:24+00:00,netral
jangan sampai RUU TNI disahkan,2025-03-18 10:58:51+00:00,negatif
"jika pemerintah sesukanya sendiri...
berarti kita berhak dong sesuka hati juga..
kita ini otoritas utama loh, RAKYAT.
cuma ya harus kompak...",2025-03-18 10:57:56+00:00,negatif
ati2 mas... p,2025-03-18 10:57:55+00:00,netral
padahal ada yg lebih penting di kebut yaitu UU tentang perampasan aset tapi malah nolak kocak DPR,2025-03-18 10:57:42+00:00,negatif
indo jadi negara fasis,2025-03-18 10:57:15+00:00,negatif
Ngeri anjir,2025-03-18 10:56:16+00:00,netral
tni godain ade bidan apa perawat aja si segala jadi politik2an,2025-03-18 10:56:16+00:00,negatif
"trus UU TNI isinya apa? kok malah bahas Alasan knp UU TNI ditolak. dipaparin lah isinya jgn cuma bilang ""jadi kayak order baru""",2025-03-18 10:56:13+00:00,negatif
demo keadilan aja,2025-03-18 10:56:03+00:00,positif
#TOLAKRUUTNI,2025-03-18 10:55:40+00:00,negatif
"udah jatuh ,tertimpa Torn Aer itu mungkin gambaran nya
pemerintahan sebelum nya begitu
pemerintahan Sekarang begituuuuuuu 😁",2025-03-18 10:55:31+00:00,negatif
bravo TNI,2025-03-18 10:55:20+00:00,positif
Tolak revisi UU TNI,2025-03-18 10:55:00+00:00,positif
"bagaimana ga bahaya, bahkan sekarang TNI punya anggaran buzzer, buat Counter steatment dan penggiringan Opini",2025-03-18 10:54:53+00:00,negatif
semoga Indonesia lebih baik,2025-03-18 10:54:49+00:00,positif
😁,2025-03-18 10:54:33+00:00,positif
Uda lu ini pasukan media tempo.media tempo itu pemilik nya orang asing,2025-03-18 10:54:19+00:00,positif
😂,2025-03-18 10:53:43+00:00,positif
😁,2025-03-18 10:53:42+00:00,positif
akan menjadi otoriter seperti Myanmar,2025-03-18 10:53:32+00:00,netral
RUU TNI gass poolll yg tolak itu jadi di pertanyakan,2025-03-18 10:53:22+00:00,negatif
"""KARTEL BERSERAGAM""??",2025-03-18 10:53:11+00:00,negatif
bahas kasus oknum TNI yang di lampung bang,2025-03-18 10:52:48+00:00,negatif
rampasan aset?,2025-03-18 10:52:36+00:00,negatif
indo kok suka bener nambah undang undang?,2025-03-18 09:59:45+00:00,negatif
"menuju keadaan Myanmar, dimana setelah kudeta lahirlah kepemerintahan dari militer, bukannya damai malah mencekam dan hak hak masyarakat banyak yg diambil, bahkan mereka dirumah aja merasa TIDAK AMAN!!!!",2025-03-18 09:59:21+00:00,negatif
stop bayar pajak,2025-03-18 09:59:02+00:00,negatif
@bang bahas gerakan 30 September,2025-03-18 09:58:43+00:00,negatif
kayak myamar,2025-03-18 09:58:04+00:00,positif
Berarti kita mau ninggalkan negara Demokrasi ya.,2025-03-18 09:57:48+00:00,negatif
saya juga tidak setuju mau seburuk apapun jaman sekarang masih mencerminkan negara demokrasi,2025-03-18 09:57:08+00:00,negatif
@gerindra,2025-03-18 09:56:29+00:00,positif
"kalo arahnya untuk mencegah korupsi gua sih setuju aja 😌
tapi kalo memberatkan masyarakat gua ogah🗿",2025-03-18 09:56:29+00:00,netral
"dewan perwakilan rakyat ❎
dewan penyengsaraan rakyat✅",2025-03-18 09:56:14+00:00,positif
spill Kemeja Koko bang 😂,2025-03-18 09:55:28+00:00,positif
Konoha mau bubarrrrrrrrrrrrr😅,2025-03-18 09:55:23+00:00,positif
#stop bayar pajak,2025-03-18 09:55:21+00:00,negatif
Dwi fungsi malah di sahkan wkwkwk kacau,2025-03-18 09:53:35+00:00,negatif
TNI kuat bersama sambung ayam dan rental mobil 😂😅,2025-03-18 09:53:28+00:00,positif
masih di jajah sama koruptor 🗿,2025-03-18 09:53:16+00:00,negatif
"gausah pusing , kalo betul TNI untuk rakyat. sah kan aja gapapa,, liat bakalan demo apa ga masyarakat.
kalo demo artinya rakyat bersama TNI hoax 👌🏻",2025-03-18 09:52:19+00:00,negatif
"Komen tni asli / buzzer tni
1. jngan macam2 sama TINI
2. tidak ada asap kalo tdk ada api
3. TNI bersama rakyat
4. Bravo TNI.
5. Dukung DIWFUNGSI ABRI
😂😂😂🤣😂",2025-03-18 09:51:06+00:00,negatif
negara gila.,2025-03-18 09:51:04+00:00,positif
@AeZyzy @Bellstrangexx ini kh bre,2025-03-18 09:50:27+00:00,positif
perampasan aset di tunda mulu giliran RUU TNI di gaskan🗿,2025-03-18 09:50:26+00:00,negatif
gamau goreng dulu belom tau aslinya,2025-03-18 09:49:55+00:00,negatif
emg taik lah orng2 DPR isinya,2025-03-18 09:49:52+00:00,negatif
BANG BAHAS GUNUNG SINGKONG YG DI BROMO🔥💯,2025-03-18 09:49:35+00:00,positif
dulu sempet positiv thinking sama beliau saat masih capres. banyak yang takut akan jadi kaya orba. aku mikir ini orangnya beda. jamannya juga beda. akan susah sekali kalo dibikin sama kaya orba. eh ternyata kejadian. semoga tidak kejadian ya,2025-03-18 09:48:19+00:00,negatif
makin menjadi jadi negara Indonesia ini,2025-03-18 09:48:07+00:00,positif
"DPR, ketimbang kebut RUU TNI, mending urusin itu RUU perampasan aset, gausah ngurusin RUU yang lain dulu, dari zaman jokowi itu RUU perampasan aset udah di dorong, kenapa ngga pernah di sah kan?",2025-03-18 09:48:03+00:00,negatif
TNI bersama para penjudi,2025-03-18 09:47:43+00:00,positif
Belanda ga mau mampir lagi kah ?🗿,2025-03-18 09:47:17+00:00,negatif
orba part 2😭,2025-03-18 09:46:58+00:00,netral
TNI KUAT BERSAMA RAKYAT,2025-03-18 09:00:02+00:00,positif
yang kita butuhkan RUU perampasan aset bukan yang lain....,2025-03-18 09:00:02+00:00,negatif
"yg nolak keras itu org asing,mereka takut TNI jdi makin kuat,cina jd gk bsa lagi seenaknya",2025-03-18 08:59:57+00:00,negatif
Ternyata Indonesia beneran mengulang sejarah kelam☠️,2025-03-18 08:59:50+00:00,positif
"dikit""hilang itu gmn di culik kah?",2025-03-18 08:59:11+00:00,negatif
tni bersama rakyat katanya 😂,2025-03-18 08:58:26+00:00,positif
siap siap Petrus jilid 2,2025-03-18 08:58:17+00:00,netral
"kok aneh ya DPR yg kata nya wakil rakyat kok pada mau ngesah in,makin aneh aja negara ini",2025-03-18 08:57:51+00:00,negatif
jogetin aja,2025-03-18 08:57:39+00:00,netral
Udah mau masuk paripurna,2025-03-18 08:57:17+00:00,negatif
Para pejabat yg takut bukan rakyat 😂,2025-03-18 08:57:13+00:00,negatif
"Anjengg,komen banyak buzzer monyet asssssuu",2025-03-18 08:56:46+00:00,negatif
"BANG, BAHAS WPONE DI KALBAR",2025-03-18 08:56:38+00:00,negatif
😁😁😁,2025-03-18 08:56:10+00:00,positif
"udh gw prediksi sih bakalan jadi kaya dulu lagi, soalnya kan dia mantan anak buah suharto",2025-03-18 08:56:06+00:00,netral
"🤣🤣 penyokong bowo mana ni .
ketawa ahhh",2025-03-18 08:55:48+00:00,negatif
@HAI:Kayaknya ni negara bukan demokrasi deh,2025-03-18 08:55:33+00:00,negatif
#RIPdemokrasi,2025-03-18 08:55:08+00:00,negatif
aduh enih mau jadi laut bercerita season 2??,2025-03-18 08:54:52+00:00,negatif
@gerindra min,2025-03-18 08:54:45+00:00,positif
intinya kaya Korea utara gitu lah,2025-03-18 08:54:40+00:00,netral
oke gas oke gas ajelah itu yang kalian mau,2025-03-18 08:54:40+00:00,netral
udah paling bener pindah negara,2025-03-18 08:54:13+00:00,negatif
hasil dari reformasi yah korupsi pertamina yang sampai quadriliyun dan korupsi lainnya,2025-03-18 08:53:54+00:00,negatif
pasti satwa red bull sma abah. yg nolak,2025-03-18 08:53:37+00:00,negatif
DPR lama lama ngelunjak,2025-03-18 08:52:52+00:00,netral
gpp sih capek gw debat tiap hari ama tukang kritik pemerintah tapi kerjaan nya tiap hari cuma maen slot,2025-03-18 08:52:18+00:00,negatif
Ini negara apasih😭,2025-03-18 08:52:02+00:00,positif
dmn orang tak akan lagi bebas berpendapat dan mengkritik pemerintah,2025-03-18 08:51:57+00:00,negatif
"respect banget sama lu bang, konten kreator gede yg gak takut bersuara 👍🔥",2025-03-18 08:51:55+00:00,negatif
TNI OTAK KERA 🐒 SUDAH TIDAK BERGUNA MALAH NYUSAHIN RAKYAT 🤮,2025-03-18 08:06:03+00:00,negatif
ngecam Rusia Israel ngejajah negara orang tapi ini mau ngejajah negri sendiri,2025-03-18 08:05:44+00:00,negatif
dah nggak tau lagi,2025-03-18 08:05:33+00:00,negatif
UU perampasan aset aja lama kelarnya,2025-03-18 08:05:09+00:00,positif
"Pemerintah sekarang bagus kok, kenapa harus di protes ? semoga di sahkan supaya indonesia damai tanpa nyinyiran anak abah",2025-03-18 08:05:08+00:00,negatif
berarti anti kritik mncul lagi ya?,2025-03-18 08:05:03+00:00,negatif
Keinget Petr*s,2025-03-18 08:04:38+00:00,negatif
"buat para BUZZER kalian liat noh IHSG udah ANJLOK. padahal baru dibahas udah ngebuat ANJLOK apalagi ACC. investor bakal kabur semua, dan ekonomi bakal ANCURRRR",2025-03-18 08:04:32+00:00,negatif
saya setuju era orba🔥🔥🔥,2025-03-18 08:04:30+00:00,positif
bisa ngejamin koruptor hilang ga?,2025-03-18 08:04:05+00:00,negatif
riin pulen.,2025-03-18 08:03:45+00:00,positif
"pemerintah seperti ini seperti pisau bermata dua. jika baik presiden nya maka Indonesia akan maju. tapi jika tidak, ya seperti ini jadinya",2025-03-18 08:03:32+00:00,negatif
"zaman orde baru harga bbm 700 perak
harga bahan pokok murah
kehidupan damai kok buat masyarakat, yg riweh dunia politik aja..",2025-03-18 08:03:22+00:00,negatif
"lebih heran, DPR kan pewakil suara rakyat tapi kenapa yg mereka rancang di luar dan gk ada dasar suara rakyat nya",2025-03-18 08:02:52+00:00,negatif
"😂😂😂 Lebih parah Orde setelah orde baru, korupsi makin menjadi, aset negara di jual, hanya memperkaya para penguasa dan rakyat kecil tetap kecil dan malaj media makin amburadul memberikan tontonan yg merusak moral, Fitnah dan Hoax makin menjadi. klo saya pribadi tetap mendukun pemerintahan sekarang krn di mulai dari pak jokowi mulai ada prubahan Positif dan di lamjutkan ol pak prabowo. klo memang perlu RUU ini ut kebaikan masyarakan aku setuju, biarin org2 perusak bangsa makim panik dg iturunx TNI di pemerimtahan",2025-03-18 08:02:46+00:00,negatif
kekerasan tidak boleh digunakan dalam bentuk apapun ya,2025-03-18 08:02:44+00:00,negatif
"Bang bahas ladang g4nja yang ada di bromo bang,itu milik siap",2025-03-18 08:02:43+00:00,negatif
sejarah terulang kembali,2025-03-18 08:02:31+00:00,positif
owalah jadi yang salah bukan TNI tapi petinggi TNI gitu ya bang? atau gimana sih? 🤨,2025-03-18 08:02:23+00:00,negatif
dan negara kita bakal seperti Korut,2025-03-18 08:02:19+00:00,negatif
sahkan jg RUU PERAMPASAN ASET KORUPTOR,2025-03-18 08:02:10+00:00,negatif
dpr biar aman karupsi,2025-03-18 08:02:04+00:00,netral
Klo Dpr menolak uu perampasan aset kita sbgai rakyat jga berhak Tolak Ruu TNI ingat gajih pejabat dari pajak rakyat !!,2025-03-18 08:01:55+00:00,negatif
Kasus kapolres d tembak TNi gara2 razia sabung Ayam? Di Lampung,2025-03-18 08:01:38+00:00,negatif
ngeri banget lama² Indonesia,2025-03-18 08:01:33+00:00,negatif
"Ruu tni bikin rakyat takut komen tapi bikin penjabat takut sembarangan gerak juga, at least semuanya tergantung siapa yang megang heararki tinggi nya, mihak kemana, itu poinnya",2025-03-18 08:01:31+00:00,negatif
😁,2025-03-18 08:00:57+00:00,positif
Anak abah mana anak abah (komen ternak setan),2025-03-18 08:00:47+00:00,positif
otw laut bercerita season 2,2025-03-18 08:00:43+00:00,positif
"buktinya sudah ada TNI buka sabung Ayam sampe 3 polisi yg tewas akibat ulahnya, apalagi sudah di sah kan 🗿",2025-03-18 07:28:05+00:00,negatif
ruutni kaya korut yh?,2025-03-18 07:28:03+00:00,negatif
sudah saat nya mempelajari santoryuu,2025-03-18 07:27:34+00:00,positif
🥰🥰🥰,2025-03-18 07:27:14+00:00,positif
masi ada aja buzzer anjir dikala jelas jelas merugikan😔,2025-03-18 07:27:03+00:00,netral
"TOLAK REVISI UU TNI ,, PROSESNY MENCURIGAKN HASILNYA PASTI LEBH BAHAYA",2025-03-18 07:27:02+00:00,negatif
"DPR kocak, disuruh bahas RUU perampasan aset bagi koruptor ga mau",2025-03-18 07:27:02+00:00,negatif
makin miring aja ni negara ada aja gebrakannya,2025-03-18 07:26:37+00:00,negatif
otw kembali ke 27 tahun yg lalu 🙂,2025-03-18 07:26:36+00:00,positif
kalo lu bacotin pemerintah lu ketangkep,2025-03-18 07:26:21+00:00,negatif
🙏,2025-03-18 07:26:20+00:00,positif
ga guna tni,2025-03-18 07:26:06+00:00,netral
"kenapa ga jadi negara komunis ae klo gitu mah klo disah in,ngapain jadi negara republik klo gini",2025-03-18 07:25:40+00:00,negatif
#INDONESIABUBAR2030,2025-03-18 07:25:40+00:00,positif
PASTI YG RIBUT KAUM YG KLAH...,2025-03-18 07:25:32+00:00,negatif
keknya ada kudeta nih dr oposisi:v,2025-03-18 07:25:27+00:00,negatif
hidup orde baruu🔥🔥🔥🔥🔥🔥,2025-03-18 07:25:25+00:00,positif
oh carik parkara ya 😏,2025-03-18 07:25:15+00:00,netral
kalian yg milih Wowo skrng rasakan😂🤣,2025-03-18 07:24:50+00:00,positif
KEMBALIKAN TNI KE BARAK,2025-03-18 07:24:39+00:00,negatif
bang coba bahas yang rame drone di bromo,2025-03-18 07:24:02+00:00,negatif
"RUU TNI Gak penting, hrs di tolak. UU Perampasan aset koruptor itu yg urgent",2025-03-18 07:23:41+00:00,negatif
negara rusak,2025-03-18 07:23:06+00:00,negatif
Dpr berarti sengaja bikin presiden di gulingkan sama rakyat ?,2025-03-18 07:23:05+00:00,negatif
"ini kayak ""yg diatas makin merampas yang di bawah makin tertindas"" apalah negara ini bujang",2025-03-18 07:22:47+00:00,negatif
orang orang yg sama dengan Indonesia darurat🤪,2025-03-18 07:22:29+00:00,negatif
RIP DPRD INDONESIA,2025-03-18 07:22:19+00:00,negatif
"banyaknya jenderal, kolonel, letkol yang aktif nganggur tidak mempunyai jabatan strategis makanya butuh jabatan jadinya jabatan sipil disikat seperti orde baru 🤣🤣🤣",2025-03-18 07:22:16+00:00,negatif
Jendral tidak perlu mandi 🗿,2025-03-18 07:22:10+00:00,negatif
saya yakin 62.7% kalo ini diterapkan pemberontak akan meluap luap,2025-03-18 07:21:57+00:00,negatif
manfaat orde baru??,2025-03-18 06:42:58+00:00,negatif
"kami masyarakat sekarang sudah tidak takut Teroris, Tetapi sekarang kami takut TNI 🔥",2025-03-18 06:42:29+00:00,negatif
mayor Teddy udh mundur dari TNI blum?,2025-03-18 06:42:15+00:00,negatif
https://news.republika.co.id/berita/st7dku318/kejagung-dilarang-usut-korupsi-lima-berprestasi-malah-dilucuti-kewenangannya,2025-03-18 06:42:05+00:00,negatif
tentara dulu masuk tanpa bayar mungkin bisa semena-mena lah klo sekarang banyak oknum tentara dan polisi yg bayar demi bisa jadi tentara atau polisi di negara konimex(negara idaman)🗿🗿🗿,2025-03-18 06:41:59+00:00,negatif
intinya sama aja kayak korut kalau ruu tni ini di sahkan 😂,2025-03-18 06:41:42+00:00,negatif
bahas gituan di hotel lu udah di sediain tempat malah milih hotel,2025-03-18 06:41:30+00:00,negatif
💋,2025-03-18 06:41:12+00:00,positif
TNI RAKUS KEKUASAAN,2025-03-18 06:40:52+00:00,negatif
sepertinya ini untuk mendesak UUD perampasan aset,2025-03-18 06:40:50+00:00,positif
menarik nih🥵,2025-03-18 06:40:40+00:00,positif
ini negara udah kyk rumah gua pada gak beres,2025-03-18 06:40:37+00:00,negatif
tebak siapa yang ketar ketir,2025-03-18 06:40:19+00:00,negatif
DPR emang agak laen 😂 beban banget buat negara,2025-03-18 06:40:15+00:00,negatif
@Anton_hariyono satu komando 😂,2025-03-18 06:40:03+00:00,positif
negara apa ini ya ampun,2025-03-18 06:39:54+00:00,negatif
jadi dengan kata lain kita akan ke era anti kritik ya bang💀,2025-03-18 06:39:50+00:00,negatif
karna gk berani war berkedok cinta damai makanya gada kerjaan. di ksh icbm sebiji jg kalang kabut🤣,2025-03-18 06:39:48+00:00,positif
bang bahas tentang penyitaan kendaraan setelah STNK lewat 2 tahun,2025-03-18 06:38:46+00:00,negatif
yah salah pilih presiden kah ini?🥰😃😃😃,2025-03-18 06:38:30+00:00,negatif
Ketua Dpr soal Revisi Ruu Tni,2025-03-18 06:38:23+00:00,positif
Demokrasi indo : selamat tinggal 😶‍🌫️,2025-03-18 06:38:20+00:00,positif
menurut saya mereka ingin lebih tapi lupa kalau dia itu Tentara. karena terlalu sering di gembar-gemborkan dengan kemampuan yg tidak seberapa itulh tentara kita,2025-03-18 06:38:19+00:00,negatif
ini DPR ngapain si kerjaan nya buat undang² ga masuk akal smua🗿,2025-03-18 06:37:48+00:00,positif
RUU perempasan asit dulu dong,2025-03-18 06:37:45+00:00,negatif
TNI BERSAMA SABUNG AYAM,2025-03-18 06:36:10+00:00,positif
"percuma kita nolak di medsos, ga ada gunannya, pemerintah ga peduli, salah satu solusinya seperti di era 98 🔥🔥🔥",2025-03-18 06:36:05+00:00,positif
@xyras ini nh,2025-03-18 06:35:31+00:00,positif
gen milenial nih banyak tingkah,2025-03-18 06:35:24+00:00,netral
🥰,2025-03-18 06:35:23+00:00,positif
"apa mungkin mereka para MALING itu udah mulai takut sama rakyat,karna rakyat makin banyak tau kejahatan mereka,dan takut terbongkar nanti,jadi merika mau memakai jasa para tentara 🤔buat nakut nakuti",2025-03-18 05:28:37+00:00,negatif
"bang bahas RUU perampasan aset, dan berita tentang penyitaan kendaraan yang pajaknya mati 2 tahun",2025-03-18 05:28:02+00:00,negatif
🤣,2025-03-18 05:27:31+00:00,positif
#TOLAKRUUTNI,2025-03-18 05:27:04+00:00,negatif
"sedari awal emng harusnya gak usah dibikin ruu tni, lagian kalo emng mau ngejabat, ya kek yang lain aja gak usah pake jalur spesial ampe pake dibikinin ruu",2025-03-18 05:26:29+00:00,negatif
giliran RUU perampasan aset susah di sah kan,2025-03-18 05:26:28+00:00,netral
ohh,2025-03-18 05:25:32+00:00,negatif
"man makan man , sedap ke man🗿",2025-03-18 05:24:34+00:00,positif
pertama,2025-03-18 05:23:33+00:00,positif
kebanyakan rapat di hotel bintang 5😹,2025-03-18 05:23:32+00:00,netral
"malah gk akan maju""",2025-03-18 05:23:23+00:00,netral
@gerindra gimana?,2025-03-18 05:23:12+00:00,negatif
p,2025-03-18 05:23:03+00:00,positif
gak ada kebaikan selain ini?,2025-03-18 05:22:45+00:00,netral
DPR BABI,2025-03-18 05:22:43+00:00,netral
p,2025-03-18 05:21:51+00:00,positif
sebelum rame,2025-03-18 05:21:49+00:00,netral
sapa bang,2025-03-18 05:21:34+00:00,netral
🤭,2025-03-18 05:21:27+00:00,positif
udah 31 aja🗿,2025-03-18 05:21:05+00:00,negatif
wah masih sepi,2025-03-18 05:21:05+00:00,positif
"APUS BANG, THR SAYA BELOM TURUN🗿",2025-03-18 05:21:04+00:00,positif
y,2025-03-18 05:20:11+00:00,positif
😁😁😁,2025-03-18 05:19:16+00:00,positif
pertama bg,2025-03-18 05:18:39+00:00,netral
mana katanya prabowo mau efisiensi anggaran itu kok rapat nya di hotel mewah,2025-03-18 05:18:08+00:00,negatif
ga jelas pemerintah UU perampasan aset ga di urus,2025-03-18 05:18:05+00:00,negatif
😱,2025-03-18 05:17:48+00:00,positif
ke 15,2025-03-18 05:17:46+00:00,positif
sapa dong min,2025-03-18 05:17:37+00:00,netral
